subfam	_0%_100%	_1%_99%	_2%_98%	_3%_97%	_4%_96%	_5%_95%	_6%_94%	_7%_93%	_8%_92%	_9%_91%	_10%_90%	_11%_89%	_12%_88%	_13%_87%	_14%_86%	_15%_85%	_16%_84%	_17%_83%	_18%_82%	_19%_81%	_20%_80%	_21%_79%	_22%_78%	_23%_77%	_24%_76%	_25%_75%	_26%_74%	_27%_73%	_28%_72%	_29%_71%	_30%_70%	_31%_69%	_32%_68%	_33%_67%	_34%_66%	_35%_65%	_36%_64%	_37%_63%	_38%_62%	_39%_61%	_40%_60%	_41%_59%	_42%_58%	_43%_57%	_44%_56%	_45%_55%	_46%_54%	_47%_53%	_48%_52%	_49%_51%	_50%_50%	_51%_49%	_52%_48%	_53%_47%	_54%_46%	_55%_45%	_56%_44%	_57%_43%	_58%_42%	_59%_41%	_60%_40%	_61%_39%	_62%_38%	_63%_37%	_64%_36%	_65%_35%	_66%_34%	_67%_33%	_68%_32%	_69%_31%	_70%_30%	_71%_29%	_72%_28%	_73%_27%	_74%_26%	_75%_25%	_76%_24%	_77%_23%	_78%_22%	_79%_21%	_80%_20%	_81%_19%	_82%_18%	_83%_17%	_84%_16%	_85%_15%	_86%_14%	_87%_13%	_88%_12%	_89%_11%	_90%_10%	_91%_9%	_92%_8%	_93%_7%	_94%_6%	_95%_5%	_96%_4%	_97%_3%	_98%_2%	_99%_1%	_100%_0%
L1MC5a	10	19	28	37	44	49	53	58	61	65	69	72	75	79	82	85	88	90	93	95	98	101	104	106	109	111	114	117	120	123	125	128	131	134	137	140.8	144	148	152	155	159	163	167	170	175	179	183	187	191	195	200	205	210	214	219	225	230	236	242	248	254	261	268	274	281	287	295	302	310	317	325.6	335	344	352	361.719999999999	369	381	391	403	414	427	441	457	475	490	509.799999999999	530	553	579.639999999999	605	635	672	711	750	793	850	915	1005.16	1146	1394.60000000001	4038
MER5B	10	27	34	37	40	41	43	45	47	48	50	51	53	54	56	58	59	61	62	64	66	67	69	72	74	76	78	80	82	84	86	88	90	92	93	95	96	98	99	101	102	104	106	107	109	111	112	114	116	117	119	121	122	124	125	127	129	131	132	134	136	138	140	141	143	144	146	147	149	150	152	153	154	156	157	158	159	160	161	163	164	165	166	167	168	169	169	170	171	172	173	174	175	175	176	177	179	181	184	189	227
MIR3	10	32	37	41	44	47	49	52	54	56	57	59	61	63	65	66	68	69	71	72	74	75	77	78	80	81	82	83	85	86	87	89	90	91	92	94	95	96	97	99	100	101	102	104	105	106	107	109	110	111	112	114	115	116	117	119	120	121	123	124	125	127	128	130	131	132	134	135	137	138	140	141	143	144	146	147	149	150	152	153	155	157	158	160	162	163	165	167	169	171	173	175	177	180	182	185	188	191	196	202	337
L2a	10	26	35	40	44	47	49	52	54	56	59	61	63	65	68	70	72	74	77	79	81	83	85	88	90	92	94	97	99	101	104	106	108	110	111	113	115	117	119	121	124	126	129	131	134	138	141	145	148	152	156	160	165	170	175	180	185	190	195	200	206	212	218	225	231	238	246	254	262	270	278	287	296	305	315	325	336	347	358	371	383	395	409	423	437	451	466	482	500	522	546	572	603	639	683	734	795	875	996	1193	3067
L3	10	32	37	41	44	47	49	51	54	56	58	60	61	63	65	67	69	71	73	75	77	78	80	82	84	86	88	90	93	95	97	99	101	103	105	108	110	112	114	117	119	121	124	126	129	132	135	138	140	143	146	149	152	155	158	161	164	167	171	174	178	182	185	189	193	198	202	206	211	216	220	226	231	237	242	247	254	260	266	273	281	289	297.440000000002	306	315	325	336	346	359	373	389	406	426	448	473	508	553	606	686	830	2569
Plat_L3	14	41	45	48	49	51	53	54	55	56	57	58	59	60	62	63	65	67	68	70	72	73.9399999999999	76	77	78	80	82	84	86	88	90	91.3399999999999	93.48	95	98	100	102	103	105	107	109	112	113	116	118	120	122	125	128	130	132	135	137	140	142	144	147	148	151	153	156.4	159	162	165	166.96	169	173	177	179	184	188	191	194	198	202	205	209.64	215	219	223	228	233	238	244	250	255.9	262	269.18	276.32	285	292	300	313	327.04	347.320000000001	373	389	419.58	465.879999999999	554.020000000001	1244
MLT1K	10	39	47	53	56	61	64	67	70	73	75	78	80	83	86	89	91	94	96	100	103	106	109	112	114	118	122	125	128	132	136	139	142	146	149	153	157.599999999999	162	165.3	170	173	176	181	184	188	193	197	201	205	209	213	217	221	226	230	235.75	241	245	251	256	263	269	276	284	291	299	307	314	321	329	338	346	352	360	366	374	380	387	394	401	408	415	422	428	436	444	453	461	470	478	486.5	494	502	510	518	527	538	548	558.299999999999	579	1094
MIR	10	30	38	43	48	51	55	58	61	64	67	70	73	75	78	80	83	86	88	91	94	96	99	101	103	106	108	111	113	116	118	121	123	125	128	130	132	135	137	139	141	143	145	147	150	152	154	156	158	161	163	165	167	170	172	174	176	178	180	183	185	187	189	191	193	195	196	198	200	202	204	206	208	209	211	213	214	216	217	219	221	222	224	225	227	228	230	231	233	235	236	238	240	242	244	246	249	252	255	261	466
L2b	10	25	33	38	41	44	46	49	51	53	55	57	59	61	63	65	66	68	70	72	74	76	78	80	81	83	85	87	89	91	92	94	96	98	100	101	103	105	107	108	110	111	113	115	117	118	120	122	124	126	128	130	133	135	138	140	143	146	149	153	156	161	165	169	174	179	185	191	196	202	208	215	221	228	235	243	250	258	266	275	283	292	301	310	321	331	342	355	368	382	397	412	428	448	474	510	554.319999999992	621.739999999991	712	877.580000000002	2883
MIR1_Amn	10	20	28	33	35	37	39	41	43	45	46	48	49	51	52	53	55	56	57	59	60	61	62	64	65	65.75	67	68	69	70	71	72	74	75	76	77	78	80	81	82	83	85	86	87	89	90	91	92	94	95	96	97	98	100	101	102	103	104	106	107	108	110	111	112	113	114	116	117	118	119	121	122	123	125	126	128	129	131	132	134	135	137	138	140	142	144	146	149	151	154	156	159	162	166	170	176	181	187	196	209	264
L2c	10	27.5899999999999	36	41	44	48	50	53	56	58	61	63	65	68	70	73	75	77	79	81	83	86	88	90	91	93	95	97	99	101	102	104	106	108	110	112	114	116	118	120	122	125	127	129	132	134	137	140	142	146	149	153	156	160	164	168	172	176	180	184	189	193	197	202	207	212	218	223	229	234	240	246	252	258	264	270	276	283	290	297	304	312	320	328	337	346	356	366	378	390	403	416	430	445	465	497	548	612	704	859	2458
AluSp	10	77	102	127	135	156	166.26	175	188	214	236	252	261	268	273	276	279	280	281	283	284	285	286	287	288	289	289	290	291	291	292	292	293	293	293	294	294	294	295	295	295	296	296	296	297	297	297	297	298	298	298	299	299	299	300	300	300	300	301	301	301	302	302	302	303	303	303	304	304	304	305	305	305	306	306	306	307	307	307	308	308	308	309	309	309	310	310	310	311	311	311	311	312	312	313	314	316	318	322	329	411
MER33	10	23.79	29	36	40	46	49.74	53.5300000000001	57	60	63	66	69	72	74	77	80	82	85	87	90	92	95	99	103	106	109	113	117	121	124	126	130	133	136	140	143	147	150	154	158	162	166	170	175	179	183	188	193	198	203	208	211	216	220	224	228	232	237	240	245	249	254	258	261	265	268	272	274	277	279	282	284	286	287	289	291	293	295	296	298	299	301	302	303	305	306	308	309	311	312	314	316	317	319	321	324	327	332	343.209999999999	392
MIRb	10	34	42	48	52	56	60	63	66	69	72	74	77	79	82	84	87	89	91	94	96	98	100	102	104	107	109	111	113	115	117	118	120	122	124	126	128	129	131	133	135	136	138	140	142	143	145	147	149	150	152	154	156	158	159	161	163	165	167	168	170	172	174	176	177	179	181	183	185	186	188	190	192	193	195	197	199	200	202	204	206	207	209	211	213	215	217	219	220	222	225	227	229	231	234	236	240	243	248	255	432
L1MB3	10	19.59	28	35	39.36	43	46	48	51	55	58	63	68	71	76	81	86	89	93	98	103	107.39	112	117	122	126	131	135	141	147	151	156	163	168	175	180	187	194	201	208	215	222	227	232	239	246	252	259	267	275	282	289.09	297	306	316	323.450000000001	333	340	348	355	363	372	381	389	398	407	418	429	442	452	462	473	484	494	505	517	528	543	558	572	586	603.790000000001	625	646.970000000001	667	685	703	722	743.92	773	807.1	851.690000000001	895	953.870000000001	1012	1111	1235.28	1396.46	1665.64	2185.41	6417
MER53	10	27	32	35.62	39	42	45	48	51	54	56	59	60	63	63	65	67	69	71	73	75	77	78	80	81	83	84	85	87	88	90	91	92	94	95	96	97	99	100	102	104	105	107	109	111	113.3	116	119	122	124	127	129.54	132	135	139	141	144	146	150	152	154	156	158	160	162	164	166	168	169	171	172	174	175	176	177	178	179	180	181	182	183	183	184	185	186	186	187	188	189	189	190	190	191	192	194	196	199	204	211	221	261
MLT1A	11	31	43	51.29	58	64.15	68	74.0100000000001	85	92	100	107.73	115	122	130	137	143	149	154	158	162	166	169	174	179	185.75	192	198.61	205	211.47	218	228	238	249	259.62	270	278	286.91	295	304	310	316	320	325	329	332	335	337	339	341	343	345	347	348	350	351	353	354	355	357	358	359	360	361	362	363	364	364	365	366	367	368	369	370	370	371	372	373	373	374	375	376	377	379	380	381	383	384	386	388	390	392	393	396	400	404	409.28	417	428.139999999999	446	772
MIRc	10	29	36	40	43	46	49	51	54	56	58	60	62	64	65	67	69	71	72	74	76	77	79	81	83	84	86	87	89	91	92	94	96	97	99	101	102	104	105	107	109	110	112	113	115	116	118	119	121	122	124	126	127	129	130	132	133	135	137	138	140	142	144	145	147	149	151	153	155	157	159	162	164	166	168	171	173	176	178	181	183	186	188	191	193	196	199	201	204	207	210	213	216	219	222	226	230	234	240	248	330
AluJo	10	41	57	67	77	84	91	97	102	106	109	112	114	115	115	116	117	117	118	119	121	122	123	124	124	126	127	129	130	131	132	132	134	135	137	140	145	152	159	165	171	177	185	194	204	215	224	234	244	251	256	261	265	268	271	273	275	277	278	280	281	282	284	285	286	287	288	289	290	290	291	292	293	294	295	295	296	297	298	298	299	300	301	302	302	303	304	305	306	307	308	309	310	311	313	314	316	319	324	332	414
L1MB5	10	18	27	33	38	42	46	50	54	58	63	69.48	75	81	85	91	95	100	104.24	109	113	117	121	126	131	137	142	146	151	156	162	168	175	179	186	193	198	205	210	215	221	227	233	239	245	253	260	267	274	281	288	295	303	312	319	326	334	341	348	354	362	370	380	389	400	409.2	421	431	440	450.920000000001	461	472	486	498	511	525	540	552	565	577	592	610	628.76	647	671	694.799999999999	718	754	784.84	816	844	886.880000000001	930.119999999999	993.24	1065.92	1151.8	1258.56	1418.96	1632.92	2021.96	4537
Alu	10	29	31	32	33	33	34	34	35	35	36	36	37	37	38	38	38	39	39	40	40	40	41	41	42	42	42	43	43	43	44	44	45	45	45	46	46	47	47	48	48	48	49	49	50	50	51	51	52	52	53	53	54	54	55	55	56	56	57	57	58	58	59	60	60	61	61	62	62	63	63	64	65	65	66	67	67	68	69	70	71	72	73	73	74	75	76	78	79	80	81	82	84	85	86	88	90	93	97	103.53	140
L1PA6	10	33	40	45	48	52	56	61	65	74	84	93	103	117	129	145	154	166	184	198	213	225	237	249	263	276.5	290	309	326	339	354	367	377	387	407	431.5	449	468	495	529.5	566	595.5	627	652	676	711	743	775	808	846	890	919.5	955	996	1050	1085.5	1139	1189.5	1238	1280.5	1346	1404	1475	1580.5	1668	1763	1836	1925	2039	2112.5	2204	2278.5	2381	2489	2622	2808	2937	3107	3305	3525	3757	3857.5	4021	4264	4545	4953.5	5332	5547	5881	6039.5	6095	6112	6121	6130	6136	6143	6149	6155	6168	6199.5	7725
L1P1	10	26.58	32	37.74	45	53	58	61	68	76	83	90	94	99	105	110	117	124	132	139	147	153	160	167	177	185	193.08	204.66	215	224	238	246	257	271	279	293.6	305	318	333	343.62	358	371.78	385	400.94	416	427	439.68	455	472.84	491.42	502	514.58	529.16	547.74	567	586	600.48	620	642.64	666	696.8	713.38	735	760	790.48	818	843.28	880.72	908.44	943.04	969	992	1021.76	1057.34	1090.92	1135.5	1171.16	1217.66	1267.72	1323.82	1368.2	1428.9	1496.56	1555.14	1626	1708.3	1801	1861.46	1964.04	2082.48	2199.6	2257	2362.8	2519.88	2902.72	3183.40000000001	3630.08	3995.6	4597.08000000001	5171.78	5741
MLT1J2	10	38.37	49.74	56	61	65	68	72	76	79	83	86	90	93	96	98	102	105	108	112	115	118	121	125	128.88	132	137	141	144	147	151	154	158	161	163.58	167	170	173	177	179	183	186	189	193	197	200	205	210.39	216	222	228	235	242	248	254.98	261	268	274	281.46	288	292	297	302	307	312	316	319	323	327	332	335.900000000001	339	343	346	349	352	356	359	362	365	367	371	375	377.71	381	383	386	389	392	395	398	402	405	409	412	416	422	428	434	449	597
AluJr	10	50.23	77	90	102	110	114	116	118	120	122	124	125	128	130	132	135	139	144	150	155	160	165	169	174	179	184	192	200	207	213	219	226	233	240	247	252	257	260	264	266	269	271	272	274	276	277	278	280	281	282	283	284	284	285	286	287	288	288	289	290	291	291	292	292	293	294	294	295	296	296	297	297	298	299	299	300	300	301	302	302	303	304	304	305	306	307	307	308	309	310	311	312	313	314	316	318	321	325	333	415
Charlie5	10	18.67	22.34	28.01	33.68	40	46	50	56	58.03	61	64.37	67	70	72	75	77	79	81	84	86	88	91	93	95	98	100	102	104	107	108	110	111.44	113	115	117	118	120	121	123	125	126	128	131	134	138	142	149	155	161	166	171	175	180	184	187.85	192.52	198	201	205	212	218	224.54	229	233	238	244	248.89	252	256	260	264.57	269	274	280	289	297	308	313	323	335.6	342	347	352	355	358	363	367	370	373.63	379	385	392	407.31	441	504	631.119999999995	790.909999999998	974.559999999998	1280.66	2603
MLT1E1A-int	38	86.8	128.4	155.2	175.6	214	234	253.4	271	289.8	317	328.2	348.4	368.8	388.8	416	440	447.8	449.4	453	465	466.6	475.4	482.6	485.6	488	505.6	523.2	535.2	540.8	544	563.2	577.6	598	626.4	656	684	698.8	708	714.4	716	718.4	725	729	731.4	741	742.6	760.4	776.8	787.2	800	809.6	829.4	846.2	857.2	870	876.4	881	893.8	910.8	914	929.2	947.4	969.4	992	1008	1013.6	1047.4	1081.4	1108.2	1141	1152.2	1156.8	1160.8	1168.2	1181	1197.8	1235	1287	1335.2	1348	1362.4	1366.6	1367	1367	1367	1443.8	1485.8	1533	1587.2	1612	1645.6	1659.4	1749.4	1884.6	1907	1978.2	2008	2104.4	2312.6	2615
AluSx	10	41	81	106	120	129	133	135	140	148	155	161	166	170	175	180	189	201	213.919999999998	224	236	248	257	263	268	272	275	277	279	280	281	283	284	285	286	287	287	288	289	290	290	291	292	292	293	293	294	294	294	295	295	296	296	296	297	297	297	298	298	299	299	299	300	300	300	301	301	302	302	302	303	303	303	304	304	305	305	305	306	306	307	307	308	308	308	309	309	310	310	310	311	311	312	312	313	314	316	318	322	329	813
MLT1E1A	10	28	45.96	56	61	64	68	74	79.84	87	93	98	104	113	120.72	126.7	131.68	141.32	148.64	154	161	167	177	183	191	201	209.96	219	229	237	243	249	258.36	265	275.32	285	293.28	300	305.24	317	327	334	342	351	358	366	370	375	383.04	391	397	406	413	424.94	435	446.9	453	462	472	479	486	492	497	504	508	513	516.68	521	525	529	534	537.58	541	545	549	554	557	560	563	567	569	572	575.36	578	582	587	591	594	598	602	608	613	618	624.14	632	637.1	646.08	652	660	675	752
AluSx3	10	50	72	82	88	93	98	102	106	110	114	118	122	126	129	133	136	141	147	153	158	162	166	170	174	178	184	193	204	213	220	227	237	249	258	264	270	274	277	279	281	282	283	285	286	287	288	289	290	291	291	292	292	293	294	294	295	295	296	296	296	297	297	298	298	299	299	299	300	300	301	301	302	302	303	303	303	304	304	305	305	306	306	307	307	308	308	309	309	310	310	310	311	312	313	314	315	318	322	328	419
LTR16C	10	39	47	55	60	65	70.62	75	80	86	91	96	100	105.01	109	113	117	121	124	127	132	136	140	144.71	150	154	159	165	170	175	181	185	190	195	199	204	208	212	218	223.03	227	233	236	241	245	250	253	258	263	268	272	275.27	280	284.81	290	293	297	301	305	309	314	319	323	328	332	337	342	346	352	357	361	366	372	376	381	386	390	396	402	405	409.6	414	418	423	427	432	435	439	442	445	448	451	454	457	460	464.150000000001	468	472	477	484	541
ERVL-E-int	10	37	54.32	67	76	82	90.96	97	102.28	107.44	113.6	119	124	131	137	143	149	154	159	165	170	176	182.52	189.68	195	200	206	210.32	217	223	229	236.96	243	249	256	262	268	274	281	289	295	301	309	319	328	339	347	355	364	372	381	392	403	414	424	437	448	462	472	482	495	508	522	534	547	561	575.56	594	609	624	642	662	680.52	698	717	735	759	784	808	828.64	853	877.96	903	936	969.44	1005	1048	1090.92	1133	1192.24	1232.8	1298.56	1365.72	1445	1537.08	1636.6	1759.16	1941.6	2204.04	2639.84	5525
MamRep1527	10	38	47	51	54.56	57.2	62.84	67	71	75.76	79	81	83.68	86.32	90	95	97	100	103	106	108	110.88	113	117	121	124	127	129	131	133.56	136	139	143	145	147	150	152	156	159	161	163.6	166	168	170	172	176	178.44	182	185	188	192	194.64	199	201	203.56	207	209	213	217	221	225	230	234.68	237.32	243	248	254.24	264.88	274	283	290.8	296	305.16	319.72	325.36	344	356.64	365.28	374.92	387	397.2	408	423.48	438.12	445	456.4	472	478	490.32	506.92	529.6	557.24	579.88	605.6	637.64	672.8	708.44	758.08	791.48	851.08	946
L1MA8	10	22	31	39	45	50	56	60	65	69.0699999999999	75	79	84	89	94	98	103	107	112	116	120	123.83	127	131	137	141	146.98	152	156	160	163	168	172	177	181	185	191	196	201	206.97	213	218.43	225	231	239	245	251	257	263.04	270	276	282	288	296	306	317.650000000001	327	337	347	360	370	382	393	406	419	432	444	459	472	488.870000000001	501	515	535.559999999999	555	575	593	616	640	663.940000000001	692	717	742	776	813	849	885	926	968	1028	1098.47	1168.4	1248.93	1328.16	1433.39	1557.62	1713.85	1889	2082.62	2494.08	3019.54	6588
L1M5	10	22	33	41	47	52	56	60	64	68	72	75	78.6799999999994	82	85	88	91	94	97	100	103	105.190000000001	108	111	114	117	120	123	126	128.309999999999	132	135	138	140	144	147	150	154	157	160	163	166	170	174	177	181	184	188	192	196	200	204	207	212	216	220	224	229	234	239	244	249	255	260	265	272	277	284	291	297	304	311	319	328	336	345	354	364	374	385	397	408	421	436	450	466	483	503	524	547.709999999999	576	605	640	679	726.660000000003	782	850	934	1064.22	1303	3143
L1MA9	10	23	32	39	44	49	54	59	63	67	72	76	81	86	90	94	98	102	105	108.84	112	116	119	124	128	133	137	141	145	149	153	158	163	169	175	182	189	196	201	208	215	221	227	234	241	247	254	261	269	275	283	290	298	306	313	322	331	341	351	360	370	380	390	403	418	432	445	457	469	479	490	499	510	522	536	559	586	610	637	665	694	722	751	788	828	865.6	906.959999999999	955	996	1056	1127	1205	1296.12	1394	1518.84	1658	1827.56	2059.76	2383.67999999999	3022.28	7189
LTR12F	10	59	63	73	76	77	77	77	79	83.86	85	87	89	95.06	107.56	137.05	159	176.77	187	209.26	222	262.35	275.88	281	286	292.75	295.08	303.58	310.12	320.83	341.1	382.48	388.28	398.91	411	413	416	421.98	424.26	426	426	427	428	431.61	435	437.3	440.42	445	449	450	452	453	454	458	462	464	469	470	472.66	474	476	478.94	481.74	485	488	489	489	491	492.36	494.63	497.9	499	503	505	505.98	508.25	510.52	514	517	517.33	520.6	523	529.14	534	535	538	540	543.98	551.76	555.06	560.6	569.57	574	585	592.76	603.65	608.84	620	634.46	666.38	728
MER45A	10	37.67	46	51	54	60	65	68.69	71	73	74	75	77	79	80	82	85	88	92	96	99	100	103	105	108	109.75	112	114	116	117.43	120	121	124	125.11	127	129	131	133	135.46	137.13	139	141	143	144	145	146	148	149	150	151	152	153	154	155	155.18	156	157	158	158	159	160	161	161	162	163	163	164	165	165.56	166	167	167	168	168	169	169.25	170	170	171	171	172	172	172	173	173	174	174	174	175	175	175	176	176	176	177	178	179	180	183	189.33	256
MER58A	11	33.78	42	49	55	61	67	72	78	83	91	97	105	112	118	124	130	135	140	143	146	149	153	156	159	161	163	166	168	169	171	173	174	176	177	179	180	182	183	184	186	187	188	190	191	192	193	194	195	196	197	198	199	199	200	201	202	203	203	204	205	206	206	207	208	208	209	209	210	210	211	212	212	213	213	214	214	215	215	216	216	217	217	218	218	218	219	219	220	220	221	221	222	222	223	224	225	227	230	237	303
L1PA14	10	33.55	45	51	60	69	79.3	88.85	98	105	116.5	124	129.6	136.15	144	156	164	173	182	190	196	202	210.1	217	223	230	240	248	258.4	269	281	292	301	313.15	329.7	340	347.6	356	362	375	388	409	425.2	440	451	464	481.3	493.85	511	529.85	550.5	569	587.6	605.45	629	655.5	671	681	696.9	719.45	747	779	800.1	818	837.2	855	873.3	897.85	934	966.900000000001	1007	1035.05	1079.8	1110.15	1141.7	1183	1241.8	1282.45	1340.9	1387	1445	1499.55	1556.1	1633.95	1687.6	1764.25	1860.3	1969.05	2040	2162.4	2280.5	2427.3	2590.4	2763.7	2971.5	3263.75	3500.4	3951.8	4496.6	5422.25	7792
AluYj4	10	32	36	39	40	43	45	49.02	52	56	62.6	71	76	81	84.04	88.9	93	99	103	108	112	114	117	121	122	125	130	132	147.08	168.94	194.6	221	238.52	252.38	264	271	276.96	279	281	282	284	285	286	288	289	290	291	291.42	292	293	293	294	294	295	295	296	296	297	297	297	298	298	299	299	300	300	301	301	301	302	302	303	303	303	304	304	305	305	305	306	306	307	307	307	308	308	309	309	310	310	310	311	311	312	313	314	315	317.42	320.28	327.14	379
L2	10	32	40	46	51	55	59	63	67	70	73	76	79	82	85	88	91	94	97	100	103	106	110	113	115.84	119	122	125	128	131	134	137	139	143	146	149	152	155	159	162	166	169	173	176	180	183	187	191	195	199	203	207	211	216	220	225	229	234	238	244	248	254	259	265	271	277	283	289	295	302	309	316	323	331	339	347	356	366	375	385	395	407	418	430	444	459	475	492	511	532	554	577.560000000005	606	636	671.040000000001	717.200000000004	772	848	945	1131.84	2630
FLAM_A	10	34	41	46	51	56	60	64	68.6400000000001	73	75	78	81	86	91	94.9499999999998	97	100	102	103	105	106	107	108	109	110	111	112	112	113	114	114	114	115	115	116	117	117	118	118	118	119	119	120	120	120	121	121	121	122	122	122	123	123	123	123	124	124	124	125	125	125	126	126	126	126	127	127	127	128	128	128	128	128	129	129	129	129	130	130	130	130	130	131	131	131	131	131	132	132	132	133	133	134	135	135	136	138	141	149	182
MER47A	10	34	44	51	57	64	70	76	80	82	84	91	96	108	115.32	125	136	145.96	157	169.72	180	188	196	208	222	226	236.88	248	254	262	268	274	279	284	286	289	292.68	295	299	303	307	309	312	314	316	318	321	322	324	325.12	327	329	331	333	334	336	337	339	340	341	342	343	344	345	346	347	348	349	350	351	352	353	354	355	355	356	357	357	358	359	359	360	360	361	361	362	363	363	364	364	365	365	366	366	367	368	370	372.36	379.24	392	444
L1ME4c	10	23	36	45	51.8	56	61	66	69	73	76	79	82	85	87	91	93	95	98	100	102	105	108	110	112	114	116	119	121	124	126	129	131	133	136	138	141	143	146	148	151	153	156	158	161	164	166	169	172	176	178	182	184	187	190	193	197	200	203.599999999999	207	211	214	218	223	226	231	235	239	243	248	253	258	262	266	272	278	283.2	289.400000000001	295	302	309	316	323	331	340	348	358	368	378	389	398	412	427	444.6	462	487	513	552	614	765.799999999999	3639
AluSc	10	62	86	111	129	139	155	166	178	199	218	232	245	254	260	265	269	272	275	276	278	279	280	281	282	283	284	285	286	286	287	288	288	289	289	290	290	291	291	291	292	292	293	293	293	293	294	294	294	295	295	295	296	296	296	297	297	297	298	298	298	299	299	299	300	300	300	301	301	301	302	302	302	303	303	303	304	304	304	305	305	305	306	306	306	307	307	307	308	308	308	308	309	310	310	311	313	316	319	327	395
L1PA4	10	43	56	67	81	90.25	97	107	117	125	134	141	147	153	158	163	169	177	189	198.75	207	216	226	236	244	253	265	277	288	298	316	332	348	361	375	386	403	417.25	435	450.75	469	491	512	535	556	579	602	624	654	675	701.5	731.75	756	787	818	848	875	901	940	981	1028	1066	1107.5	1147.75	1208	1258.25	1308	1366	1417	1474.25	1547.5	1629.75	1704	1792.75	1871.5	1974.75	2070	2184.5	2317	2461.75	2626	2824	2964.5	3184.75	3466	3777.75	4060	4466.5	5006	5524	6007	6103	6120	6128.25	6135	6138	6143	6147.25	6154	6166	8504
LTR89	10	47	52	56.76	60	64	67	70.44	72	73.28	75	77	79	80	82.88	83.8	85	87.64	90	91.48	94	96	99	101	102	104	106	108	110	112	113	115	118	119	122	126.2	129	130	134	135	137	139	142.64	146.56	149	152	154.32	157.24	160	163	166	168	171	174.76	177	181	184	187.44	191	196	201	206	208	211.92	216	218	222	226	230	234	237	243.32	248.24	253.16	258	262	264	268	275	280.68	285.6	291.52	297	307.08	314.56	323.2	330	341	348.92	360.64	373	388.44	402.28	422.12	447.96	464.8	478.96	494.48	531.32	602.119999999999	787
L1MC	10	21	33	38	43	47	51	54	58	62	65	68	71	74	76	79	82	84	87	89	92	95	97	100	103	106	109	112	115	118	121	124	127	130	133	136	139	143	146	149	152.4	156	159.62	163	166	169	173	177	180.28	185	189	194	197	202	206	211	216	222	228	235	240	245	253	261	267	274	281	287	296	304	313	322	332	344	356	366	378	390	403.58	417	431	446	465	484.63	507	533	560	587	613	646.29	679.900000000001	713	760.12	816	887	977.950000000001	1061.12	1162	1339.78	1659.02000000001	3172
L1PA7	10	45	66.3	82	94	109	122	137	151	164.35	182	196	207.8	216.95	228	238.25	249	260.55	271.7	283	291	303.15	318	330	340	353	366	375	386	398	411	427	443	455	467	479	497	516	533	552.85	571	592	610	630	653	668	679	699	722	745	775	797	817	840	866	890	923	956	993	1031	1069	1108	1147	1195	1240	1291	1347.9	1399	1461.2	1520	1597.5	1669	1730	1803.95	1883.1	1947	2045.4	2132.65	2215	2338	2452	2554.15	2656	2827	2970.4	3111.5	3301.9	3483.3	3749.4	3914.35	4131.5	4486.3	5003.20000000001	5546.9	5854.2	6183.25	6382	6421	6443	6463.85	7419
L1PA16	10	29.72	43	53	61	68.6	75	84	91	101	109	117	124	131	137	143	152	162	171	180	187	194	200	205	213	219	226	236	246	255	265	274	283.04	292	302.48	311	323	333	344	352	361.8	371	379	388	400	413	426	437	449	462	478	493	507.440000000001	525	540	556	571	589	608	626	645	661	677	691.360000000001	709	726.800000000001	747	770	791	814	832	853	879	910	946.280000000001	977	1015.72	1051.44	1102	1140	1184	1234.32	1282	1346	1414.96	1477.2	1552.92	1646.28	1719	1772	1872	1977.52	2073.24	2223.96	2418.68	2649	2911.12	3357.68	3865	4693.68	7722
L1PA2	10	21	40	47.51	56.68	66	73	78	83	93	99	107	115	124	135.38	146	156	164	178	194.46	209	221	235.74	247	258	270	283.42	294.59	307	323.93	340.1	356	368	378	390	408.95	423.12	440	456	473	490	507.97	531.28	553.31	576.48	604.3	626	652	685.16	715.33	742.5	764.67	790	813.01	845	889.35	923	969.690000000001	1021.86	1066	1102	1165.37	1223.54	1291.39	1355.88	1433.05	1491.22	1579.39	1706.6	1816.73	1936.9	2088.21	2274.24	2473.64	2827.9	3229	3737.16	4213.61	5051.86	5613.62000000001	5987.6	6003.77	6009	6014	6015	6017	6019	6021	6023	6024	6025	6026	6027	6028	6029	6030	6031	6033	6038	6057	8070
AluSz	10	88	118	129	134	137	151	167	180.559999999999	211	233	245	253	259	264	268	271	273	275	277	279	280	281	282	283	284	284	285	286	287	288	288	289	289	290	291	291	292	292	293	293	293	294	294	295	295	295	296	296	296	297	297	297	298	298	298	299	299	299	300	300	300	301	301	302	302	302	303	303	303	304	304	304	305	305	306	306	306	307	307	307	308	308	309	309	309	310	310	311	311	311	312	312	313	314	316	317	320	324	331	423
L1M2	10	21	30	36.85	42	47	50	54	58.6	63	68	71	76	79	82	87	91	96	100	106	110	116	122	126	131	136	141	147	152	160	165	172	180	185	191	199	205	214	221	228	236	244.95	252	261	269	277	286	295	304	316	326	339	351	364	377	391	404	415.150000000001	428	441	453	467.95	482	496	511	524	542	566.650000000001	594	613	635	655	679.4	702.349999999999	723	751	780.2	805	834	869	912	953	993	1032	1071	1120.75	1171	1236.65	1298.6	1373.55	1468	1549.9	1646.4	1753.35	1855.6	1996	2167.6	2411.15	2734.3	3191.34999999998	6348
L1PREC2	10	25	34.02	39.03	45	51	58	64.0700000000001	69	74	80	86	93	100	106	113.15	120	128	133	140	147	155	162	169	177	185	193	202	209	218	227	238	245	256	266	274.35	287	297	309	319	330	338	347	357	368	381	391	406.47	421	434.49	448	461	475	489.530000000001	507	527	543	559.570000000001	584.58	605.59	626.599999999999	644.61	662.62	682	699	719	741.66	763	792.68	811.690000000001	830	854.71	883	915	948	980	1020	1061	1106.78	1156	1203	1246.81	1296	1352	1409	1470.85	1554.3	1647	1732.88	1842	1977	2104.82	2244	2410.65	2616.76	2872.85	3159	3468.75999999999	3998.94	4964.98	8389
L1PB	10	12	20.9	25	34	39	44.7	48	52	54	57.5	60	64	68	72.3	76.75	80	83	88	92	95	98	103	106	110.8	114	118.7	124.15	129	134.05	139	145	151	158.85	165	175	181	185.65	195	202	207	216.45	224.9	237	244	254	263.7	279	290.6	306.05	321.5	335.95	352	368.85	377	393	407	418	434.1	451.55	464	482	497.9	513	534	555.25	577.4	604	628	646.05	673.5	696.9	703.4	721	733.3	751.75	772.6	806.65	830.1	875.65	895	930.9	954.9	999	1031.8	1060.25	1109.4	1154.6	1209.8	1296.15	1353	1429	1499.4	1609.7	1649.9	1713	1879	2099.5	2270.7	2576.2	3648
Tigger5b	13	28	35	40	43	45.25	47	49	51	52	53	54	55	56	57	58	59	59	60	60	61	62	63	64	66	67	68	68	69	69	70	71	71	72	73	73	74	74	75	75	75	76	76	77	77	77	77	77	78	78	78	78	79	79	79	80	80.4000000000001	81	81	82	82	83	83	84	84	85	85	86	86	87	87	88	89	89	90	91	92	95	97	100	102	104	106.3	111	119	127.25	136	145	166	184.85	200	208	220	243	350.1	398	421	445.05	458.7	483.7	556
AluSc5	10	88.42	106.84	119	128	132	142	156	168	179.78	204	223	237.04	247.46	256	261.3	267	271	273	275.98	277	279	280	281	282	283	284	285	286	287	287	288	288	289	289	290	290	291	291	292	292	292	293	293	293	294	294	294	295	295	295	295	296	296	296	297	297	297	298	298	298	299	299	299	300	300	300	301	301	301	302	302	302	303	303	303	304	304	304	305	305	305	306	306	306	307	307	307	308	308	308	308	309	310	310	312	314	315	319	327	389
Tigger5	18	36	41.44	46.08	49	50	51.16	53	53.88	54	55	58	60	61.68	63.04	65	67.76	68.12	69.48	71	71.2	72	73	74.28	75.64	77	77	78.72	81	81	82.8	85.16	88	90	97.24	107.2	116.8	132.6	138.68	142.04	152.2	164.56	175.12	188	200.68	209.4	215.56	220.84	223	224.64	226	228.36	232	234	235	237	239	241	241	242.24	246	246	250	254	257.04	259	261	262	264.96	270	274	277.56	282.92	288	294.64	299	305	315	327.16	344	344	348	356.52	366.64	382.72	397	401.84	410.92	430	447.2	457	459	478.12	484.4	494	505.6	648.999999999999	813.199999999999	1503.92	1980.48	2411
L1M4	10	17	26	34	40	45	50	55	58	62	66	70	73	77	81	85	88.8400000000001	92	96	99	103	107	110	115	118	122	126	130.48	135	140	144	148	152	156	161	166	171	176	181	186	191	197	203	210	216	222	228	234	240	247	254	261	268	276	285	292	301	308	316	326	335	345	356	367	377	388	400	412	423	435	449	462	476	492	507	525	543.24	565	586	608	628	653	680	707	737	765	800	839	877	918.360000000001	965	1012	1078.08	1148	1220.56	1311.8	1430	1607.12	1808.52	2214.31999999999	5769
HAL1M8	10	24	34	39	46	51	57	60	64	69	72	76	79.52	82	85	89.4	93.36	97	101	103	107.2	111.16	114	118.08	123	126	129	133	137	141.84	148	152.76	157	162	166.64	172	177	181.52	184.96	193	199.4	203.36	208	213	220	226	230.16	235	241	248	255	260.96	265	271.88	277	287	296	307	314.68	320	329	336.56	343	354	364	373.8	383.36	395	407	417.24	433	442	456	480	496	511	532.96	549	565	582.68	612.8	637.76	668.44	701.36	725	748	784.56	808	853.44	893	930.8	975.36	1040.96	1117.56	1210.48	1288.4	1401.28	1583.56	1831.2	2067.04	2995
LTR103b_Mam	22	40.91	49	54	60	63	64.82	67	68.76	70	73.7	75.67	79.64	83.61	86	89.1	92	95	96	98.43	100	102	104.34	107	109.28	114.25	116	117.19	119.16	123.13	125	126.07	129	131	131	133.95	135	137	139	140	142.8	144.77	146.74	148	149.68	151.65	153	154	156	158.53	161	162.47	164	167	168.38	170.35	173	174.29	176.26	178.23	180	183.17	186.14	190.11	193	194.15	199	200	202	205.93	207.9	210.87	213	216	217.78	220	221	225	230.98	235	237.6	240.57	246	249.51	254	259	262.42	266.39	270	277.32	284.6	299.54	304	313.21	338.54	365.050000000001	400.36	434.09	462.12	505.3	539
MLT1H2	11	37.75	46	51	55	59	61	63	67	69.75	73	75	78	80	82	83	85	87	90	92	93	95	97	99	101	103	105	108	110	112	114	116	118	120	123	125	127	129	132	135	139	143	147	151	155	159	162	167	171	175	180	184.25	189	195	201	208	214	221	228	235	242	253	261	270	281	288.75	299	308	318	329	336	345.25	356	362.75	370	376.25	380	386	393	400	405	411	416	420	425	430	434	439	442	447.75	451.5	457	462	467.75	474	481	486	495	506	523.25	603
AluYk2	10	64	78.42	97.63	127	154	176.26	211	228	238	243	247.31	252	256	258	261	266	270	274	278	280	281	282	283	284	286	287	288	289	290	291	291.51	292	293	293	294	294	294	295	295	295	296	296	296	297	297	297.66	298	298	299	299	299	300	300	300	300	301	301	301	302	302	302	302.02	303	303	303	304	304	304	305	305	305	306	306	306	307	307	307	307	308	308	308	309	309	309	310	310	310	310	311	311	311	312	313	314	315	317	319	322	329.79	372
MER4D1	10	21.4	33.8	39	45.6	51	57.8	68	73.2	81	89	99	113	120	129	134	137	145.8	152	159	170	180.4	187	190.2	195	200	203	208	212.2	219	230	245.4	258.8	272	278	287	295.4	301	308.2	317	327	333.4	342	345.2	353.6	359	370.2	378	393.2	404.6	417	422	428.8	440	445	454	468.4	492.8	509.2	527.8	540	556.2	569	583.2	592.6	603	621.4	644.8	658	671.6	692	717.6	739.8	761.6	780	791	804	817.8	831.2	838.6	842	845.4	848	850	853.6	857	863	866	869	872	873	876.4	881	883.2	886.6	889	895.4	902	912.2	937	1781
MER4CL34	11	17.98	26.9	44.97	59	63	74	88	91	97	100.9	111	120	125	129.86	135	140.84	149	153	160.62	171.6	176.58	184.78	195.77	204.04	208	221	230	243	251.71	266.7	276	287.36	303	311	318	330	341.26	348	359.61	367.2	379.18	386.16	394.57	401	405	417.08	426.53	432	440.02	449	453	457.92	463	466	469	471	474	475.42	479	482	484	485.38	489.37	493.36	499.35	507.34	510.33	514	525.93	534.9	550.29	559	564.27	568	572.25	582	590	596.44	604	611	615	618.18	625.17	632.48	642.15	647.14	653.13	657	665	670.2	676	681	685	692	704.05	715.04	725.03	742.18	764.01	1251
L5	19	35.36	43	47.08	52.44	55	58.16	63	65	67.24	70.6	75	77	78	82	83	84	86	89	92.84	94	96	98	102	104	106	108	110	113	114	118.6	120.16	123.52	126.88	130	131	135.96	138	140	142.04	147.4	150.76	153	154.48	156	157.2	161	163	168	170.64	173	176	179	183	185.44	188	195.32	199.52	203	207	209.6	215.96	222	225.68	230	231	234	239	241	245.84	250	257.56	262	262	264	268	275	281	287	297	299	312	320.52	334.400000000001	341.24	347	351.96	358	369.36	382.04	388.8	398	408.24	423.48	446.52	468.4	488.68	528.36	572.439999999999	698.959999999999	1146
MLT1H	10	36	46	52	57	62	67	70.6600000000001	76	80	85	89.1799999999999	93.5599999999999	98	102	106	110	113	117	121	125	128	132	135	138	143	147	151	155	161	166	170	177	183	189	194.3	200	206	213	220	227	235	243	250	257	264.1	273	280	287	296	304	311	319	325.14	333	340	348	355	361	366	371	378	384	390	395	399	404	409	414	418	423	427	432	436	440	444	448	451	455	458	461	465	468.160000000001	471	475	478	482	485	489	492	496	499	502	507	512	516	521	527	537	550.620000000001	1066
AluY	10	81	130	166	217	238	254	262	268	273	276	279	280	282	283	284	286	287	288	289	290	291	291	292	292	293	293	294	294	294	295	295	295	296	296	296	297	297	297	297	298	298	298	299	299	299	299	300	300	300	301	301	301	301	302	302	302	303	303	303	303	304	304	304	305	305	305	305	306	306	306	307	307	307	307	308	308	308	308	309	309	309	309	310	310	310	310	311	311	311	312	313	313	314	315	317	318	321	324	330	426
MLT1I	10	34	45	52	57	61	64	68	71	73	76	78	81	83	86	88	90	93	96	99	101	105	108	110	113	116	120	123	127	130	133	138	141.04	145.01	150	154	157.92	162	166.86	171	174	179	184	190	195	201	207	212	219	227	233	238	245	252	258	262	268	273	278	282	285	289	292	295	298	301	304	307	310	313	316	319	322	325	328	331	334	336	339	343	346	349.570000000001	352	355	358	361	364	367	370	373	376	379	382	385	388	392	396	400	407.059999999999	418	641
MamRep605	16	39	47.88	54	58	61	64	68	70	73	77	79	81	83	86	89	91	93	95	97.36	99	101	103	105.12	108	110	112	114	115	118	121	124	126	128	130	132	135	137	140	143	146	148	150	153	155	157	160	162	165	167	170	173	175	179	182	185	188	191	194	197	201	205	209	213	216	219	224	229	234	238	243	247	251	257	261.56	266	272	278	284	289	295	301	307	314	323	330	341	349.28	359	371	380.6	394	408.48	424	450.36	479.8	505.24	549.68	610	670	833
LTR33	10	37	44	56	62	67	72	78	81	85	89	93	96	100	103	107	110	113	117	120	123	127	130	133	136	140	143	147	150	154	157	160	163	166	169	173	176	179	181	184	187	191	194	198	201	204	208	212	217	222	226	232	237	243	249	255	261	268	275	282	291	300	308	316	324	332	341	348.740000000001	356	365	374	383	389	395	401	407	413	417.940000000001	423	428	431	435	439	442	446	450	453.92	457	460	463	467	470	473	477	481	485	489	493	499.559999999999	508	563
MSTB1	10	36	41.36	48.54	52	56	62	67	71	81	101	111	122.32	132	148	159	170.88	177	185.24	193	199	206.78	214	220	228	236	244	255	269	286	302	317	335	346	358	364	368	372.66	377	380	383	385	388	390	392	394	396	397	399	400	402	403	404	405	406	407	407	408	409	409	410	411	412	413	413	414	415	415	416	417	417	418	418	419	420	420	421	421	422	423	423	424	424	425	426	426	427	428	429.84	431	432	433	435	437	439	441	444	448	457	470	653
AluSq	10	68	94.1	124	135	149	166	178	206	231	253	263	268	273	276	278	280	281	282	283	284	285	286	287	288	288	289	290	291	291	292	292	292	293	293	294	294	295	295	295	296	296	296	297	297	297	298	298	298	299	299	300	300	300	300	301	301	301	302	302	302	303	303	303	304	304	304	304	305	305	305	306	306	306	307	307	307	308	308	309	309	309	310	310	310	311	311	311	311	312	312	312	313	314	314	316	317	320	324	330.450000000001	394
MLT1C	10	32	41	49	56	63	68	74	80	86	92	98	105	110	118	125	131	138	144	150	157	163	167	172	175.6	179	182.4	188	193	201.6	209	216.4	225	231	238	246	255	262	269	275	281	288	294	300	308	317	326.4	335	346	355	363	372	379	386	391.6	395	399	402.8	405	409	412	414	416	418	420	422	424	426	428	430	431	433	434	435	437	439	441	442	443	445	446	447	448	450	451	453	454	455	457	458	460	461	463	465	467	470	473	477	487.2	506.6	905
AluJb	10	38	59	74	85	96	105	113	118	123	128	132	136	139	144	147	151	155	158	161	164	167	170	173	176	180	185	192	200	207	214	221	227	235	244	251	256	261	265	268	270	273	275	276	278	279	280	281	282	283	284	285	286	287	288	288	289	290	290	291	292	292	293	293	294	295	295	296	296	297	297	298	298	299	300	300	301	301	302	302	303	304	304	305	306	306	307	308	308	309	310	311	311	312	313	315	317	320	324	332	699
FAM	10	36	49	58	65	69	73	76	79	82	84	91	98.3199999999999	105	115	120	124	128	130	133	135	136	137	139	141	142	144	145	146	147	148	149	150	151	152	153	154	155	155	156	156	156	157	158	158	159	160	160	161	161	162	162	162	163	163	164	164	164	165	165	166	166	166.82	167	167	168	168	169	169	169	170	170	171	171	172	172	173	173	173	174	174	175	175	176	176	177	177	178	179	179	180	181	181	182	183	183	184	185	187	190	232
AluSq2	10	58	95.2	119	134	146	163	174	192	222	244	255	263	269	273	276	278	280	281	282	283	284	285	286	287	288	289	289	290	291	291	292	292	293	293	294	294	294	295	295	295	296	296	296	297	297	297	298	298	298	299	299	299	300	300	300	301	301	301	301	302	302	302	303	303	303	304	304	304	305	305	305	306	306	306	307	307	308	308	308	309	309	309	310	310	310	311	311	311	312	312	312	313	314	314	315	317	319	323	330	427
MLT1F2	10	32	42.38	51.07	59	64	69	73	77	82.21	88	96	101	106	110.66	117	122	127	134	140	144	150	156	162	170	176	181.94	188	196	205	216.7	228	238	246.77	258	271	283.84	295	308	316	327	338.29	349.98	359	367	376	385	394	404.12	410	420	430	437	444	450	456	462	467	473.02	478	482	486	490	493	497	500	504	507	510	513	516	518	521	523.37	526	528	530	533	535	537	539	540	542	545	547	549	551	553	556	558	562	564	567	570	574	577	582	587	595	616	938
L1ME3E	10	23	32	43	49	58	64	69	74	80	85	90.29	95	99	102	106	111	115	119	122	126	132	136	141	145	148	153	158	161	166	171	174	178	182	185.26	190	194	197	201.82	206	209	214	219.38	224	230	236	242	247.33	255	261	266.5	272	279	284	291	299	305	314	320.62	327	333	340	348	356.57	367	377	385.74	393	404	415	425.3	437.69	448	458.47	467	477	487.64	499	510	527	541	555	574.98	590	609	635	654	677	706	729	757	791	821.88	859.540000000001	905.32	966.05	1011	1107.32	1286.22	1515.05	4006
LTR33B	13	32	45	52	54	58	63	66	68.72	72.56	77	80.24	83.08	86	90	93	95.44	99	100	103	105	107	108	110	112	114	116	117	119	121	123	125	127	129	131	134	136	136	139	141	142	145	147	149.12	152	155.8	159	162	166	169.16	173	176	180.68	185	189	193	195.04	198	201.72	205	208	211	217	220.92	225	228.6	235	241.28	250	257.96	269.8	280	285	292.32	301.16	321	332	343	352	359	374	385.04	397	407	414.56	420	422	432	437	443	447.6	451	455	461	466	471.8	480.64	487.48	495.32	503.32	528
MER65D	11	28.84	35	37.52	41.16	50.4	56	56	62	62	63	64.24	73.08	80.92	85	85	85.44	89	90.36	96	99.8	102.92	108.48	112.64	116	119	124	127.68	132.52	137.44	140.2	143.04	146.88	156.88	178.96	191	198	204.32	215.92	228.32	237.6	250.2	259	261	264.92	280	288.56	294	298.24	309.32	321	325.84	337.04	346.12	360.8	366	373	378.88	384	398.68	406.2	414.48	419.08	422.92	436	438	440.44	448	451.24	454	456	461	464.44	467	469.16	472	476.84	478.68	480.52	483.36	485	486	488.88	490.72	493	493.4	494	494	494.92	495	498	500	510	515	520.88	525	527	530.96	536	538.96	552
MLT1D	10	33	42	49	57	62	65	68	73	79	86	93	102	107	112.7	118	125	132	141	149	157	164	171	178	185	191	197	206	215	223	231	240	248	257	267	274	283	292	301	311	320	329	338	349	357	364	372	380	387	395	401	408	414	419	423.700000000001	428	431	435	438	440	443	446	449	451	454	456	458	461	462	464	466	468	470	471	473	475	477	478	480	482	483	485	487	488	490	492	493	495	497	498	500	502	504	507	510	513	517	523	533	555	2104
THE1C	10	38	45	53.84	66	72	92.68	117	144.24	158	163	175	190	209.64	218	226	249	275.76	297	309	318	325	331	336	340	343	346	348	350	351	352	353	354	355.24	356	357	358	359	360	360	361	362	362	363	363	364	365	365	366	366	367	367	367	368	368	369	369	369	370	370	370	371	371	371	371	372	372	372	372	373	373	373	373	373	374	374	374	374	374	375	375	375	376	376	376	376	377	377	377	378	378	379	379	380	381	382	384	387	392	410	821
L1MA5	10	28	41	50	55	59	65	70.22	76	80	86	91	95	98	105	108	114	120	123	129	135	140	147	152	158	163	168	172.42	178.88	184	191.8	198.26	205	214	222	230	238	247	252.48	256.94	261	269	275	284	296	307	317	326	334	342	352	362.46	372	382	394	410	422	435	446.68	458.14	475.6	485	495	506	517	534	556.36	577	605	625	651.2	661.66	682	705.58	744.04	772	801	829	863.88	904	937.6	972	1009.72	1074.36	1115.64	1162.4	1239	1296.06	1377.4	1463.7	1546.2	1650.72	1773.24	1893.9	2006.24	2204.1	2419.64	2784.62	3346	4088.16	7453
FLAM_C	10	27	46	56	63	70	76	81	86	89	92	95	98	101	103	106	108	109	111	112.95	114	115	116	117	118	119	119	120	121	121	122	122	123	123	124	124	125	125	126	126	126	127	127	127	128	128	128	128	129	129	129	129	130	130	130	130	130	131	131	131	131	131	131	131	132	132	132	132	132	132	132	133	133	133	133	133	134	134	134	134	135	135	135	136	136	137	137	138	138	139	140	141	142	144	146	148	150	153	157	164	391
AluSg	10	131	146	177	225	243	252	258	263	266	270	273	275	276	278	279	279	280	281	282	283	284	285	286	287	287	288	288	289	289	290	290	291	291	291	292	292	292.23	293	293	293	294	294	294	295	295	295	295	296	296	296	297	297	297	297	298	298	298	299	299	299	300	300	300	300	301	301	301	302	302	302	303	303	303	304	304	304	305	305	305	306	306	306	307	307	307	308	308	308	308	309	309	309	310	310	311	313	315	318	325	409
MER1A	11	39.52	56	65	87	103	113	121	129.08	146	163	179	198	217.14	238	257.8	272	291.84	311.68	330.94	349	370	384	397	411.24	419	423.76	431	436	443.54	449.8	454	459	463	467	470	473	475	477	480	481	483	485	487	489	490.7	492	494	496	497	499	500	502	503	505	506	507	508	509	511	512	512	513	514	515	516	517	518	519	519	520	521	521	522	522	523	523	524	524	525	525	526	526	527	527	528	528	529	529	530	531	532.66	533.92	535	536	538	540	544	551.48	563	632
MER21C	10	22.11	32.22	49	59	67	72	77	80	88	95	101	107.32	115.43	123	133	141	148	155	160	170	178	187	197	206	214	222.86	233	245.08	257	264	272	278	286	294	300	306.96	314	322	330	338.4	345	353	362	369	378	390	404.17	413.28	426	437.5	451	462	475	487.94	499.05	508	519	532	548	562	579	596	609	620	631.15	649	660	671.48	682	690	697	704	711.03	718	724.25	732	738	744	751	757	765.91	772.02	778	785	792	800	808	815	822.79	830	838	846	854	863	880	894.559999999999	907	925.78	951	1468
LTR41	11	28.23	37.92	41	45	50	54	56	58	62	63	65.53	70	71	73	76	77.68	79.91	81.14	84	85	86	91.06	99.29	106.52	114.75	118.98	122.21	126.44	130	135.9	138.13	143	146	149.82	152	152	154.51	158	162	166	172	178.32	185	192	195.35	199.58	205	210.04	223	234	242	249.96	261.19	267.42	271.65	281	292	301.34	311	319.8	331.06	349.26	357.49	364	369	390	398.41	417.64	430.74	445.1	461	486.56	497.79	510.08	528.5	549	579	591	606.17	619.4	625.26	631.86	640.18	644.32	655	661	672.01	681.24	688.94	697.7	703	714	725	739.62	751.85	764.08	776.31	800	842.31	1025
AluJr4	10	36	54	69	81	90	97	103	109	114	117	120	122	124	125	127	128	129	130	131	132	132	133	134	134	135	136	138	140	142	145	148	151	154	157	160	163	165	170	174	179	184	191	201	210	217	224	231.820000000001	238	246	252	256	259	262	265	268	270	272	274	276	277	278	280	281	282	283	284	285	286	287	288	289	290	291	291	292	293	294	295	296	296	297	298	299	300	301	302	303	304	305	306	307	308	309	310	312	314	316	319	327	376
L1MB8	10	20	29.24	37	44	49	53	57	60	64	66	69	72	76	80	84	88	93	97	101	105	110	114	118	123	128	132.12	137	142	146	151	156	162	168	176	183	189	197	204	210	217	224	231	239	246	254	262	269	278	286	293	302	310	318	326	334	343	350	359	367	376	386	396	408	421	432.300000000001	445	456	468	481	493	506	522	536	551	567	583	598	615	634	652	677	701	724	746	770	798	827	858.559999999999	892.18	925	970	1029.04	1104.66	1182.28	1278	1389	1550.14	1798	2205.08000000002	5471
Tigger12	10	35	54.5	61.25	64	66	68.5	71.25	75	77	82	84	86	88	89	90	92	94	95	97	99	102	104	106	108	108	109	111	112	114	114	114.25	116	118	120	121.25	124	126	128	131	132	135	137.5	139.25	142	143	145	146	148	151	153	156	160	161.75	165	166.25	169	171	173.5	176	178	181	182.5	188	189	193	195	198	200	203.75	205.5	209.25	217	224.75	227	231	234	239	244.5	251.5	257	267.75	273	281.25	294	310.25	320	330.25	338	348.5	362	383.25	415	440.25	484.5	515.750000000001	564	688.5	779.5	924.25	1161
LTR37A	12	27.18	34.36	43	47	53	56.08	60	65	68	71	77	81	84	89.52	92	93	95.06	100	104	107	111	114	118	121	124	127	130	132.04	135	138	142	146	151	155.12	161.3	168	171	176.84	183	187	196	200.56	206.74	215.92	222.2	231	236.46	242.64	247	252	259	264	269	274	277	283	289	296.44	300	306	309	314	317.34	320.52	325	326	328.06	331.24	335.42	339.6	343.78	346	349	351	354	357	360	362.04	365	367.4	370	372.76	374.94	378	380	383	387	389	392	395.2	398	400	402	406	409	414.28	419	425.64	437.82	527
AluSg4	10	33	77.4	107	123	133	143	149	152	155	158	160	161	162	164	165	166	167	168	170	171	172	174	175	176	177	178	180	182	185	187	191	194	199	204	212	227	242.4	255	263	269	273	276	278	279	281	282	284	285	286	288	289	289	290	291	291	292	292	293	293	294	294	295	295	296	296	296	297	297	298	298	299	299	299	300	301	301	301	302	302	303	303	304	304	305	305	306	306	307	307	308	308	309	309	310	311	312	315	319	326	378
MER11B	34	69.8	116	127.4	151	184	247.6	297.2	378.2	440	526	566	656.8	783.8	894.2	936	958	962.6	974	982.4	987	990	993.6	995	997.2	1001	1015.2	1025.6	1031.4	1034.2	1038	1044.6	1047	1049	1051	1052	1054.6	1056	1057.4	1059	1060	1060	1061	1062	1062	1063	1063	1066	1066	1067	1067	1069	1069	1070	1071	1072	1072.8	1073	1074	1074	1075	1075	1076	1077	1077	1078	1078	1079	1079	1079	1080	1080	1081	1081	1081	1081	1082	1082	1082	1083	1083	1083	1084	1084	1085	1085	1085	1086	1086	1087	1088	1089	1090	1090.8	1093	1094	1096	1105	1110.2	1130.8	1276
L1ME4b	10	21	31	39	45	50	54	58	63	66	70	74	76	79	83	86	89	92	95	98	101	104	107	110	113	116	119	122	125	128	130	133	136	139	142	145	148	150	153	156	159	163	165	169	172	175	178	181	185	188	192	195	199	203	208	212	217	222	227	231	236	241	246	251	257	263	268	274	280	287	294	301	307	314	322	330	339	348	357	366	376	387	397	409.870000000003	422	434.649999999998	448	462	479	496	514	538	558.880000000001	584	615	654	698	755	827	1021.22	5116
MER8	14	36.8	46.8	54	59	66	68	69	72.2	77	82	86.4	89	92	93	96	99.4	101	104	107	107	111	116.8	121.2	128	134	138.4	145.8	151	154.6	157	160	165	168	170	174	175	176	178	180	185	189	193	196.2	199	201	204	206	208	210	212	213	215	216	217	219	220	221	223	224	225	226	227	228	229	230	231	231	232	233	234	234	235	235	235	236	236	237	237	237	238	238	239	239	240	241	242	243	245	246	247	249.4	253	257.2	263	270	276	280	283	286.6	308
Charlie29b	17	33	43	51	53.76	56.95	62	66	68	70	72	75	77	80	83	85	88	91	93	95	97.8	99	101	103	105	106	106	108	110	112	113	116	118	119	121	123	124	125.03	127	129.41	131	132	136	138	140	143	144	146.93	149	150	152	154.69	156.88	160	162	164	166.64	168	171	174	177	181	183.78	186.97	189.16	193	196	199	203	206	209	213	217	220	227	232	236	241	243.82	251	256	259	265	271	279	287	294.34	306	314.44	324	336.1	353.45	372.44	397.34	438.86	480.550000000002	533.24	613.86	690.62	769.109999999998	965
AluSx1	10	128	139	161	175	197	217	230	243	253	260	266	270	273	275	277	279	280	281	282	283	284	285	286	287	287	288	289	289	290	291	291	292	292	293	293	293	294	294	295	295	295	296	296	296	297	297	297	297	298	298	298	299	299	299	300	300	300	301	301	301	302	302	302	303	303	303	304	304	304	305	305	305	306	306	306	307	307	307	308	308	308	309	309	309	310	310	310	311	311	311	312	312	313	314	315	317	319	323	331	434
MSTD	10	38	43	47	51	56	61	67	72	76	81	91	99	106	119	131	140	150	159	168	174	181	189	197	205	213	223	234	247	262	274	283	290	297	303	308	313	317	319	323	326	329	332	335	337	339	341	343	344	346	348	349	350	352	353	354	355	357	358	359	360	361	363	364	365	366	367	368	369	370	371	372	373	374	375	376	378	379	380	381	382	383	384	386	387	388	389	390	392	393	394	396	397	399	402	405	409	414	422	439	715
AluSg7	10	108	124	133	147	165	177	201	224	238	251.8	260	264	269	272	275	277	278	279	280	281	282	283	284	286	286	287	288	288	289	289	290	290	291	291	291	292	292	292	293	293	293	294	294	294	295	295	295	296	296	296	297	297	297	297	298	298	298	299	299	299	300	300	300	301	301	301	301	302	302	302	303	303	303	304	304	305	305	305	306	306	306	306	307	307	307	307	308	308	308	308	309	310	310	311	312.6	314	316	319	324	371
AluSz6	10	71	98	115	122	129	133	135	140	147	155	161	166	170	175	182	197	212	225	235	245	253	258	262	266	269	272	274	276	277	279	280	281	282	283	284	285	285	286	287	288	288	289	290	290	291	291	292	292	293	293	294	294	294	295	295	296	296	297	297	297	298	298	298	299	299	300	300	301	301	301	302	302	303	303	303	304	304	305	305	306	306	307	307	308	308	309	309	309	310	310	311	311.120000000003	312	313	315	316	319	323	330	394
Charlie4z	10	36	43	48	51	55	57	60	62	64	66	67	69	71	72.46	74	75	77	78	80	81	82	84	85	86	88	89	90	91	92	94	95	97	98	99	100	102	103	104	105	107	108	109	110	111	112	114	115	116	117	118	119	120	121	122	123	124	125	126	127	128	129	130	131	132	133	134	135	136	137	138	139	139	140	141	142	143	144	145	146	147	148	150	151	151	152.15	154	155	156	157	158	160	162	163	165	167	169	171	175	180	203
MLT2B3	11	32.84	39	44	48	51	54.04	58	63	67	75	85.24	97.08	109.92	127.76	145.6	161	177	199.12	215	226	240	256.48	276.32	299.16	320	337	350	358.52	375	391.2	403.04	414	428	438	449.8	463	475.16	484.92	491	496	501	506	510	514	517	520	523	525.32	528	531	534	536.68	539	541	544	545	547.88	549	550	552	553	554.08	556	557	559	559	561	562	563	564	566	567	568	569	571	572	573	574	576	577	578	579	580	582	584	585	587	590	593	597.6	602	606	612	617	623	629	640.96	654.64	680	1889
MER31-int	11	26	31	41.15	48	53.25	59	64	69.8	80	86.5	97.1	101.6	106.65	110.7	116.75	121	131	135	139	144	151.05	159	166.15	171.6	178.25	183	190.7	199	203.45	208.5	215.55	226	233	243.8	252.25	261.8	268.85	277	285.95	295	305.05	314	325.3	336	350	354	362.35	376	386	399.5	415	424.6	437.65	446	450.75	469.6	485.85	504	516.95	534	547.1	556	574.45	590.6	606	625.3	637.7	662.8	675.35	686	711.1	747	760	781.8	806.75	860.799999999999	877.85	900.2	928.8	967	994.35	1024	1051.15	1078.8	1105.25	1174.9	1218.7	1279.6	1375.6	1441.5	1510.75	1601.2	1638.3	1740.7	1913.25000000001	2013.8	2170.85	2541.1	3258.55000000001	5026
MER92-int	10	21.52	33.56	49.28	56.12	63.8	71.56	75	81.08	86	88	93	97.12	105	109	111	118.32	123.84	132	138.88	144.2	149	158	167	172.24	176	182.28	188.56	195.28	200.2	212.8	221	226.32	229.08	241.84	251.6	256.72	266.12	273.76	287.28	297.4	309.16	315	319.04	330.44	345.2	358.96	369	380.44	399.2	409	421	423.52	426	432	444.6	448.68	456	469.08	480	492.8	498	506.24	531.88	539.28	566.4	596	614.6	621	636.32	662.4	684.719999999999	706	723.92	735.24	752	770.04	792.04	805.8	828.24	846.8	867.56	889	931.4	957.92	981.6	1051.24	1121.12	1189.48	1233.28	1326	1372.96	1418.36	1474.8	1557.32	1625	1758.32	1940.2	2203	2653.72	3951
MER34A	10	26.82	39	46	51	56	61	65.74	70.56	73	77	79.02	82	84	84	86	88	89	91	92	93	93.22	95.04	97	100	102	105.32	109	112	117.78	121	124	128	131	133	137	140	144.34	152	155	160	164.62	169.44	176	178.08	182.9	187.72	193	197.36	204.18	213	222.82	230.64	239.46	247	255.2	267.92	276.74	287.56	296.38	310.2	327.02	344.68	357	367.96	383.6	400.12	412.88	425.52	438	445.4	456	469	478.86	486	494.5	502	508	515	518.78	524	527	531.24	534	536	537.7	542	545	547.16	549.98	552	555	558.44	561.26	566	568	573	578.08	589	605.18	772
L1MC3	10	20	29	39	46	52	58	65	71	77	83	88	95	100	105	110	116	121	127	134	139	144	150	155	162	168	174	179	187	192	200	208	215	223	231	238	246	255	264	272	280	288	296	305	314	323	332	343	354	365.21	375	385	395	404	415	427	438	454	465	477	491.4	503	518	531	544	560	570	585	604	619	635	651	667	686	706	732	756	779	800	826	849	876	898	931	962	991.65	1023	1052	1090	1135	1185.1	1256	1323	1386.97	1497	1632.55	1772.68	1948	2222	2647.84	6544
MSTA1	15	32.99	38	41	45	47	48	51.93	53	54	56	59	60.88	61	64	64.85	67	68	69.82	72	76.8	80.79	87.78	100.85	114.32	121.5	136.74	143.73	169.2	180.42	192.2	201.07	204	208.67	212.66	217	222	232.26	241.62	252	260	277	304.9	332.14	349.8	361.4	375.08	380	388	396.02	403	408	411.48	413	414.46	415	416	418	420	421.41	423	424.39	427	429	429.36	430	431	431	431.32	433	435	436	436	438	438	439	439	439.23	440	441	442	442	443	443	443	444	444	445	445	446	447	448	449	450.07	453	456	467.08	483.09	512.06	534.01	606
MER4A1	10	35	42	46.91	52	55	57	62.79	78	92	101	109.67	118	128.22	135	143.55	152.04	166	173	181	186	193	203	215	231.28	249	263	272.19	281.32	291	299	308.07	321	332	337.98	351.95	363.92	371	378	390.83	400.8	407	411	414	418	422	424	427	429	430.53	433	434	436	438	440	441	441.32	443	444	444	444.2	445	446	446	447	447	448	448	449	449	449	450	451	452	453	454	456	457	458	459	460	461	462	463	464	465	467	467	468	468	469	470	470	471	472	473	474.12	476	481.18	512	673
MER4E	11	17.34	29.68	34	39	51.7	66.02	70	80.36	87	99.5	106.48	123.12	137.71	148.38	156	161.72	174.39	185.12	192	194.4	198	204.48	230.82	239.32	254.25	267	277.18	287.76	294.86	308	324.39	338.44	343.11	351.56	366	372.12	381.79	401.92	408.26	410	412.94	422.56	430	447.44	462.35	489	504.43	537.16	541.83	553	562.34	565	571	579	584.85	588	591	591	592	595	597	599	604	608.88	614	620	637.67	670.040000000001	701.99	729.9	734.57	739	743.91	745	746	747	749	750	750	751	752	753	754	755	755.95	756	757	758	760	761	762	763.64	765	766.98	768.65	770	773	778	798.950000000001	879
AluYc	10	54	78	84	88	91	94	96	98	100	103	105	108	110	113	116	117.32	119	121	123	125	127	130	132	134	136	137	139	141	144	146.6	149	151	153	155	157	159	161	163	165	167	168	170	171	173	174	176	177	179	181	183	186.02	189	192	196	198	201	204	207	212	217	227	240	245.26	253	261	267	270	273	276	278	279.42	281	282	283	284	285	286	286	287	288	288	289	289.660000000001	290	291	292	293	293	294	295	296	296	297	298	298	299	301	304	309.98	362
L1M2c	10	20.98	32.94	44	46.92	58	62.94	70	71.92	82	92	95.95	105.76	114.96	121.86	126	128	131.33	138.82	148.31	167.6	172	180.34	191.27	196.52	208	217.74	221	229.72	240.84	258.1	261.38	267.68	275.51	281.32	291	306	308.13	323.48	329	342	361.17	382.32	399.21	416.24	433.2	453.24	463.03	487.52	520.02	528.5	557.95	575	590.97	597.46	612.75	621.44	631.79	636.42	643	656.2	665.56	679	695.48	722.72	741.95	761.02	790.83	851.28	882.86	916.6	945.79	975	983.31	1009.16	1058.75	1094.64	1230.09	1268.44	1308.13	1360.8	1416.69	1464.54	1540.01	1632.64	1690.95	1738.44	1878.82	1982.84	2080.27	2135.4	2261.08	2395.56	2444.99	2542.06	2775.25	3000.68	3262.18	3564.44	4124.3	6164
SVA_E	10	10.85	11	12	12	12	13	13	14	14	14	15	15	15	16	16	17	18	19.3	21	23	26	31.7	38.55	44.2	50	54.1	57	57.8	59.65	62	64.35	69.2	71	72	72.75	73	74	75	76	77	79	81	82.55	87	90	92	93	96	98.65	100	102	104	107	109	111.75	113	115	116	116.15	118	119	119	121	123	125	127	128.95	131	135.65	138	144.7	161.2	187	236.6	434.75	594.000000000002	759.600000000001	888.000000000001	967.45	977	1021.85	1049.4	1102.4	1135.6	1162.25	1234.6	1309	1410.6	1432.6	1482	1549.35	1626.8	1786.3	1956.3	2027	2138.6	2296.95	2407.2	2458.15	2742
L1M4c	10	16	26	34.42	41	46	53	57.98	63	70	78	82	88	94	99.96	106	113	119	125	129	135	140	147	155.22	163	170	177	185	190	194	200.2	208.34	215	223	232	238	248	255	266	273	280.6	291	302.88	313.02	321.16	330	339.44	350	365.72	377	387	398.14	409.28	420	428.56	439.400000000001	451	464.98	479	490	502	516.54	527	545.82	563	584	605.960000000001	629	648	664	679	695	710.08	727	753	773	794.64	827.78	861	893.06	929.400000000001	954	991.48	1023.62	1065	1125.6	1162.04	1226.18	1278	1338.84	1407.2	1480.96	1551.64	1616	1718.96	1828.3	1980.32	2199.58	2377.72	2826.34	4723
THE1D	10	36	40	42	51	66	71	89	117.56	141	156	165	176	191	202	214	226	247	277	297	306	316	323	329	334.68	338	341	343	345	347	349	350	351	352	353	353	354	355	355	356	357	357	358	358	359	359	360	360	361	361	361	362	362	363	363	364	364	364	365	365	366	366	366	367	367	368	368	369	369	370	370	371	371	372	372	373	373	374	374	375	375	376	376	377	377	378	378	379	380	380	381	382.620000000001	383	384	385	387	388	391	398	419	964
MLT1H1	10	33.26	41	49	53	59	63	65	71	77	84	92	96	102	109	116	121	126.14	132	138	144	150	157	163	170	177	182	187	194	201	207	212.02	218	223	229	235	240	245	251	260	269	276	284	295.06	304	311.9	323	332	341.16	349	359	366	376	383	389.68	397	405	410	417	424	432	437	441	449	451	455	458	461.14	465	469	473	476	480	483	486	490	493	496	499	501	504	507	509	511	514	517	519	522	523.96	526	529.8	533	535	539.06	543	548	553.32	561	571	589.58	1020
LTR64	10	16.07	26.38	29	31	32.45	36	40	44	49.05	59.9	67.59	71.28	74.94	79	89.7	97.04	99	105	108.33	120.8	125	129.72	138.87	154.56	159.25	160	160	163	169	177	181.78	186	187	190.92	193	197.36	207	213.66	217.91	228.2	232.29	234	240.67	245.08	249.05	260.74	264	272.12	277.81	282	293	299.64	303.85	309.52	318.85	323	323	326.06	332	336.4	346.81	362.9	375	388.96	409.7	434	443	446.92	449	452	453.99	461.44	471	474	474.75	477.44	482	487.46	488.51	489.2	492	493	495.27	497.96	499.65	503.34	505.09	509.72	512	514	515.79	516	519	519	519.55	523.24	525.93	530.86	546.1	589
MLT1H1-int	17	57.65	71.48	86.77	130.24	145.9	151.18	156.13	182.44	191.31	204.9	209	225.08	239.78	256.66	275	284	294.18	321.7	328	341.6	357.04	377.66	386.38	398.32	402	426.58	435.79	466.08	479.48	484	500.86	515.88	524.43	540	545.55	575.32	582.61	583.28	591.67	595	599.73	609	622.32	630	633	634	644.64	651.76	656.91	662	675	675	677.08	698.62	710.3	716	732.21	740.44	768.89	781.2	808.64	822.44	831.17	846.6	869.45	889.94	902.51	907.04	910	925.2	935.89	961.52	988.83	1006	1038.5	1053.8	1075.43	1086.72	1103.22	1146	1187.95	1224.18	1293.78	1367.52	1400.05	1436.22	1465	1490	1535.55	1632	1657.61	1744.76	1805.22	1859.44	1878.05	1903.36	2043.96	2197.08	2396.47	2831
THE1B-int	13	242.3	399	434.9	470	509.5	549	603.2	631.8	665	704	730.3	749.6	770	794.2	826	854.8	882.2	928.8	968.7	1018	1069	1117.6	1167	1216.2	1261.5	1326.4	1380.1	1429.4	1465	1502	1515	1550.6	1587.9	1630	1657.5	1722	1781.2	1833.4	1860	1888	1919	1950	1984.8	2026	2069.5	2098.8	2119.1	2138	2161.7	2186	2202	2212	2220	2226	2231	2238	2243	2246	2250	2253	2256	2259	2262	2264	2266	2269	2271	2273	2275	2278	2279	2280	2281	2283	2285	2286	2288	2289.4	2291	2293	2295	2297	2299	2301	2303	2304	2307	2309	2311	2314	2317	2320	2325	2332	2341	2351	2370	2399.4	2476.7	4590
L1M7	10	25.16	40	50	55.32	64	69	73	76	81	84	87	90	94	96	99	103	108	110	113	117	120.18	123	126	130	133	136.08	139	143	147	150	155	157	161	165	168	171	176.46	181.04	185	190	195	200	205	209	214	218	223	228	234	239	245	254	260	267	271	277	283	290	297	305	316	324	333.54	342	348.7	358.28	369.86	379.44	388.02	399.6	410	420	427.34	438	448.5	457.08	470.66	485	497	512	532	555	572	587	607.3	623	645	669	694.62	728	769.56	811	861	908	973	1052.4	1136.52	1226.56	1408.36	2581
L1MA4	10	27	39	48	55.96	62	70	76	82.9200000000001	88	94	99	105	110.87	116	121	126	130	135	141	147	153	159	165	171	175	181	184	189	195	200	205	210	216	222	228	233	239	245	250	256	261	266	271	277	282	288	295	304	312	323	332	344	354	367	380	392.440000000001	405	419.419999999999	434	448.4	464	477	489	501.360000000001	515	531	551	572.320000000001	596	618	641	665	689	712	740	766	797	823	855	896	930.190000000001	964	1003.17	1046.32	1107	1174.14	1237.26	1322.12	1405	1494.2	1599	1709.08	1821	1960.42000000001	2127	2362.31999999999	2648.41999999998	3085.02	4073.21	7079
L1MA7	10	26	37	45	50	54.7	58	62	66	70	73	78	82	87	92	96.0999999999999	101	105	110	112	116	119	122	125	129	132	136	141	146	151	156	161	165	169	174	178	182	187	192	198	203	208.54	215	222	228	234.3	241	249	256	262.059999999999	270	278	286	293	302	310	321	332	339	352	363.4	374	385	395	403	417	430	444.98	458	469	478	489	498	510	525	545.5	568	599	625.320000000001	648	678	709	740	776	812	853	890	941.78	978	1022.66	1097.2	1178.54	1259	1352.42	1453.72	1587.6	1782.24	1991.9	2325.12	2948.71999999999	7170
ERVL-int	11	28.12	53.72	63.72	71.48	82.8	88	94	99	107	112	114.32	118	120	122	129.8	133.92	136.04	140.48	147.56	152	160.52	168.64	172.76	177.88	185	193.24	198	202	210.96	219.6	222.72	228.84	231.96	240.08	250	260.32	269.44	277.12	287	295	303	308	311.16	315.28	330.8	344	354	380.28	392.88	412	419.24	439.96	456.36	466.44	475.2	489	514.68	523.96	541	567.2	585.64	599.88	611.56	629	650.2	664.68	690.08	706.32	732	762.2	802.8	824.92	838.52	870.16	884	931.24	976.68	1017	1040.32	1079.2	1163.6	1200.68	1265.88	1311.16	1347.8	1439.88	1492.32	1551.24	1646.64	1719.8	1832.68	1964.52	2108.12	2359.92	2607.6	2893.2	3819.52	4530.36	5071.92	6396
L1PA5	10	44.97	63	72	79	86	92	97	104	112	120	127	134	143	150	155	161	169	181	190	198	206	213	221	232	241	249	259	269	280	289	298	311	326	339	354	368	378	385	405	421	437	452	462.71	479	500	523	545	570	591	616	638	664	687	713	742	761	782	811	844	880	916	957	1000.11	1041	1079	1132.02	1187.99	1253.96	1314.79	1380.9	1449.87	1509	1589	1658.78	1739	1819.72	1910	2007.66	2126.26	2243.6	2386.57	2537.24000000001	2709	2918.96	3150.45	3347.42	3661	3985	4298.66	4760.10000000001	5398.27	5746.2	6064	6101	6115	6124	6132	6140	6153.03	6678
L1MEd	10	23	34	43	51	58	64	69	73	77.53	82	87	91	95	99	103	107	111	115	119	123	126.57	130	134	137	142	146	149	153	157	160	165	169	173	178	182.950000000001	187	192	197	202	207	212	217	222	227	232	239	245	251	257	263	270	275	281	287	294	300	306	314	321	328	335	343	350	358	367	376	385	394	404	415	426	438	450	462	475	486	501	515	530	546	563	583	602	623	641	663.619999999999	688	713	738	769	800	838	890	942	1002	1075.32	1178.46999999999	1310	1540.66	4393
L1PA10	10	35.89	45.78	58	68.56	77	85	95	103	112	120	129	135	141	147	151	157	162	167.02	177	184	193	202	208	215	221.25	228	238	247	253.81	262	272	284	290	299.26	309	326	337	346	360	371	380	390	402.27	417	429	438	448	457	469	483	496.39	512	530	545.06	563	584	603	620	639	661	679	693	714.07	734	762	786	812	840.52	863	901	943.19	978	1011	1047.86	1109	1163	1211	1275	1333	1401	1470.27	1531	1602.09000000001	1690	1792	1912.32	2056.29	2173.32	2310.21	2440.8	2579.97	2774	2986	3259.66	3606.1	4003.32	4426.62	5158.76	6060.21	7013
L1PA8	10	36	46	54	62	71	78	82	89	95	97	97	102.2	109	115	120.5	127	135	143	151	158	166.1	173.2	181	189	197.5	207	216	221	226	232	239	246	255.3	264	270	278	284	292	300.9	309	319	333	344	351.4	360	365	370	379	388	396	407	421	432	443	453	463	472	484	495.9	512	530	552	570.3	598.400000000001	619	638	658	675.8	692	714	741.099999999999	771	802	827.799999999999	868.5	910	958.4	999.8	1052	1111	1172.2	1246.2	1297	1372	1470.5	1579	1678.4	1802.2	1970.6	2126	2286.3	2539.6	2781.3	3073	3512.50000000002	4040	4894.2	6108.8	6423	7602
L1PA8A	10	27.28	40	48	56	62	71	78	90.24	102.52	112	123.08	131	140.64	149	159	168	177	187	197	209.6	217	228	237	253	267	280.28	292.56	307	324	332	340	359	369.24	383	399	417	435	451	465.92	486.2	509.48	528	553	569.32	588.6	605	630.32	649.44	676.72	702	721.28	736	753.68	773	789.4	818	841.96	866	889	917.8	951.08	989.08	1042.64	1072.92	1123.2	1156.44	1200	1253.2	1312.28	1355	1414.52	1461.32	1523	1585.72	1670	1793.56	1865.24	1956.84	2038.12	2135.4	2226.04	2370.52	2469.48	2593.16	2757.8	2903.4	3039.88	3206.12	3362.92	3559.4	3828.48	4051.20000000001	4353.72	4896.4	5581.60000000002	6220.4	6358.16	6389.44	6421.72	6934
L1P4	10	17.74	29	35	40	43	47	51	56	59	62.4	66.14	70	74	77	80	83	86	88	93	97.8000000000001	103	107	111	116	120	123	128	133	136	140	145	150	155	159	164	169	174	182	189	194.6	202	209	216	222	230	237	246	255	263.26	270	278	287	296	308	316	325	337	346	358.66	369.4	376	386	398	412	424.1	435	455	470	480	497	517.54	530.839999999999	555	576.76	595	617.720000000001	636	656.72	677	701.2	730	755	783.42	806.16	843.9	874.64	907.38	947.12	983	1031.6	1078.7	1150	1226.82	1307.04	1392.5	1500.28	1631.34	1867.04	2312.38	3386
L1PA15-16	10	33	45	52.9	58	69.5	76.8	82	89.4	97	108	114	127.6	141.9	144	148.5	158	173	185	199.7	208	219.3	228	244.9	262.2	273.5	283	289.2	302	314.2	327	337	344	356	367.2	384.5	406.8	422.2	438.4	467.7	487	503	510.6	529	538	557.5	576.6	602.1	616	626.7	654	675.3	692	718	741.2	754.5	770.8	784.2	817.8	849.7	882	920.6	948.6	994	1025	1040	1084.8	1135.2	1164.2	1197.4	1235	1264	1296.8	1351.8	1431.2	1492	1541.4	1584	1636.8	1684.4	1737	1812.5	1881.6	1943.6	1983.6	2043	2107.8	2187.1	2308.2	2398.4	2482	2565.9	2738.6	2916.9	3058.8	3287.5	3553.4	3740.1	4115	4809.70000000001	6922
LTR22C2	68	93.8	113.8	122.2	147	180	255.6	322.4	371.6	408	438	438	441.6	452.4	458	461	461	461.2	461.8	462	462	464.4	466	466	466	466	466	466	466	466	466	467.2	468	468	468	468	468	468.4	469.6	470.4	471	471.6	472	472	473.2	475	475	475.2	475.8	476	476	476.6	477.4	478.6	479	479	479.6	480	480	480	480	480	480	480	480	480	480	480	480	480	480	480	480	480	480	480	481.2	482	482	482.4	483	483	483.2	483.8	484.8	486	487.2	488.2	488.8	489	489	490.2	491	491	492.2	494	496.4	498	498	503.6	512
L1ME3D	10	20.85	28	41	50	58	64	70	75	78.65	83	87	92	96	100	104	108	112	116	120	124	128	132	137	140	145	149	154	159	164	170	175	179	184.05	187.9	191	195	201	205	208	214	218	224	229.55	235	241	247	253	259	264	268	272.35	277	283	289	297	305.6	311.45	320	329.15	338	345	352	360.55	368	377.25	390.1	405	415	423	435	446	459	469	481.9	492	504	519	533	548	568	584	599	618	635	658.25	682	701	721	740	765.5	794	830.2	873.05	924.9	984.75	1062.6	1168.9	1346.3	1665.35	3573
L1MA2	10	25	37	46	52	57	61	66	71	78	84	92.76	100	108	116	122	129.56	136	143	151	157	163	169	176	183	189	196	203	209	217	227	232	240	246	253	259	267	277	288	301.24	319	331	344	357	370.04	384	400	414	434	454	475	496	514	530	550.64	575	599	625	653	681	707.599999999999	734	764.92	791	822.24	846	879	915.72	947.88	975.040000000001	1009	1038.36	1079	1122	1180.52	1245	1299	1362	1423.48	1506	1572.8	1671.92	1754.12	1829.84	1904.88	1982.6	2064.76	2164.92	2276.08	2369.72	2496.4	2638	2800.72	3003	3185.24000000001	3426.2	3723.08	4203.56	4793.44	5996.40000000001	8016
L1ME3B	10	19	29	39	46.76	53	59	63.33	67.52	72	76.9000000000001	82	86	90	95	98	102	106	110	114	117	121	124	127	131	136	139	143	147	151	155	159	163.08	167	171	174	178	182	186	191	196	200	204	208.17	212.36	217	223	227	231.12	236	240	246	252	257	262	268	273	278	283.02	290	296	303	313	320	327	337	346	355	365	374	384	394.49	406	417	428	442	454	469	482	499	515.200000000001	531	549	569.77	590	614	646	676	697	722	755	798	847	894.67	943	1002.05	1072	1167.43	1361.24	1636.24	3702
L1ME4a	10	23	33	42	49	53	57	61	65	68	72	75	78	81	84	87	90	93	95	98	100	103	105	108	110	112	114	116	118	120	123	124	126	128	130.6	133	134	137	139	141	143	145	147	149	151	153	156	158	161	164	167	170	174	177	181	186	190	194	199	204	209	213	219	224	229	234	240	245	251	257	263	268	274	279	285	291	298	306	313	320	327	335.900000000001	345	353.700000000001	363	374	386	398	410	425	439	455	474	491	513	538	567.399999999998	603	667	776.099999999999	3564
LTR39	10	21	29.76	47.55	56.76	68	73.82	78	80	85	92	99	106	116.61	124	131.65	142	143	146	147.43	150	155	158.34	162.31	166	167	169	173	179	183	188.1	192	203	210	215	218	223	228	233	241.83	256	264	275	285	295	301	304.62	313	329.56	340	348.5	361.47	369	382.41	399	412.35	426.64	438.87	458	463.46	479.2	498	519	529.22	544	556.05	570.02	579	591	603.93	608	618.87	628.84	638	663	692.5	710.44	722.69	731.66	739	744.6	748	753	758.51	761	763.45	766	768	770	772	774	777	779	782	784	786.15	790.12	793	799	821.24	905
MER103C	10	37	45	50	55	58	62	65	69	72	75	77	80	82	84	86	88	90	92	94	96	98	99	101	103	105	106.72	108	110	112	114	116.82	118	120	122	124	126	127	129	131	133	135	136.24	138	140	142	144	146	147	149	151	152	154	155	157	159	161	163	165	166	168	170	172	174	176	178	180	182	184	186	189	191	193	195	198	200	202	205	207	210	212	214	217	220	222	225	227	231	235	239	242.8	247.02	252	257	263	268	274	280	286	293	324
MSTA	10	35	38	40	42	46	52	61	69	73	90	107	126	142	154	165	173	179.42	188	196	207	219	227	235	245	258	270	284	299	313.54	329	338	343.32	349	354	358	360	363	365	367	369	370	372	373	374	375	376	377	378	378	379	380	380	381	381	382	383	383	384	385	386	386	387	389	390	391	392	393	394	396	397	397	399	400	401	402	404	405	406	407	408	409	410	411	412	413	414	415	416	417	418	419	420	422	423	425	426	430	437	458.74	1912
MLT1O	10	40	45	50	54	56	59	61	64	65	67	70	71	73	75	77	79	81	83	84.54	86	88	90	92	93	95	96	98	100	102	104	106	108	110	112	113	115	117	119	121	123	125	127	129	131	133	135.36	139	142	144	149	153	157	161	166	170	175	179	185	189	194	198	201.92	206	211	215	221	225	229	234	240	245	249	254	260	266	272	278	284	292	300	308	316	326	336.44	346	352	361	371	380	392	403	413	426	436.04	450	467.36	485.02	502	525	635
LTR37B	10	22	29	36	43	49.05	55	59	63.68	67.89	70	73	78	82	84	87.15	91	94	97	101	103.2	107	110	113	117	120	124	127	130	135	138.3	140.51	143	146	150	155	160	164.77	168	174	180	182	185.82	188	191	194	199.66	205	210	216.29	220	225.71	231	235.13	239	242	247	250	252	254	256	260	263	266.23	271	276	282	294	303.28	310	319	327.91	335.12	344	347.54	359	368.96	374.17	380.38	390	396	404	411	420	423	427.85	435	437	442	444	447	451.11	455	460.53	463	468	474	480.37	486.58	501.79	606
FRAM	10	34	41	46	49	53	57	61	65	70	77	84	89.4000000000001	95	98	103	106	110	113	116	119	121	124	126	128	130	132	134	135	136	138	139	140	141	142	143	144	144	145	146	146	147	148	148	149	150	150	151	151	152	152	153	153	154	154	154	155	155	156	156	156	157	157	158	158	158	159	159	159	160	160	160	161	161	161	162	162	162	163	163	163	163	164	164	164	165	165	165	165	166	166	167	167	168	169	170	171	173	175	182	242
MLT1E3	11	28.8	37	48	54	58	61.8	65	68	71	74	78	79.6	87	91	93	96	101.6	107.4	114	119	122.8	129	135	140	147	152.8	158	163	167.2	173	178	183	188.4	195.2	200	205	210	220	232	244	256	262	276	285	288	298	312.6	327	341	353	357	371.2	381	390	402	413	424.6	436	445	454	461.6	471	484.4	493	501	509.8	514	522	524	532	534	537.6	544	549	553	558.8	562	567	571.2	573	578	580	583	586.2	588	591	593.6	597	599	601	603	606	608	611.2	616	620.8	624	630.4	641.2	1025
MER4E1	10	16	20.66	30	36	38	39	40	41	42	44	47.63	55.88	61.29	67	78.95	87	92	96	103.27	111.2	122.86	133	143.59	151	161.25	175.58	178.91	185.24	192	195	197	199	205.89	214.22	227	235	254.21	264.54	271	281	293	304	317.38	328	339	345.18	349	351	358.17	362	365.49	387.16	399.49	415.64	421	426	433.81	444	458.94	480.6	500.26	509	520.58	543.24	559.35	576.34	584.33	615.44	659.31	692.1	707.43	722	735.09	739	744	747	748.41	752	754	756.4	758.73	760	762	764	766	769	769.71	772.04	774	775	777	779	781	784.02	789	792.68	796	801	812.35	842
MER5A	10	29	36	40	43	46	49	52	54	56	59	61	63	64	67	68	70	72	73	75	77	79	81	83	85	87	89	91	93	95	97	99	101	103	105	106	108	110	111	113	115	116	118	120	121	123	124	126	127	129	130	132	133	135	137	139	140	142	144	145	147	148	150	151	153	154	156	157	159	160	162	163	165	166	167	168	170	171	172	173	174	175	176	177	178	178	179	180	181	182	182	183	184	185	186	186	187	189	191	195.949999999997	250
LTR9B	25	31	42.52	53.14	60.52	62.9	67.28	77.66	82.08	85	89	92	94	94	98	101.7	104.08	107	108	110.22	112	113.98	114	115	115	116	117	119	123	129	136.8	151.9	166.32	176.62	182.92	193.3	201.68	216	228.88	233.82	262.6	292.16	310.84	338.7	373	404.2	419.48	428.72	452.48	457.62	464	478.76	488.28	505.28	518.04	525.8	533	539.66	549	557	572.4	582.18	586.56	592.94	595	596.7	600	601	604	607	609.6	611	613	613.74	615.12	617	618	619	620.64	621.02	623	623.78	625	626	627	628	629	630	631	632	633.2	635.58	637	637	638.72	640.1	645.48	654.58	657	666.24	714
LTR83	12	32.23	43	50	57	61	63.38	66	69	72.07	76.3	79	82	86.99	90	93	95	98	100	103	106	107.83	110	112.29	115	117	119.98	121.21	124.44	128.67	131	133.13	136.36	140	141	144	148.28	152	155.74	159.94	161	166	171.32	174	176	178	181	184	190.04	192.27	196.5	200	203.96	209	211	213	217.88	222.11	225	228.14	231	233	239	242.49	248.16	250	254.18	259	266.28	274.74	281.1	293	305.56	310.58	323.02	329.25	337.96	346	350.88	359.17	363.4	374.26	380	401.36	417.96	437.3	448	463.01	493	509.7	530	565.86	587.96	611.73	642.1	652	680.4	697.62	709.7	722.77	753
L1ME1	10	20	29	39	46	53	59	65	70	76	81	87	93	98	103	108	114	119	124	129	135	140	146	151	156.96	163	168	174	180	187	193	199	206	212	219	225	231	237	244	252	260	267	274	281	289	296.800000000001	304	313	322	329	337	346.040000000001	354	363	372	383	392	402	412	423	434	446	456	466	478	490	503	514	528	541	555	568	583	599	617	634	652	671	689	710	731	752	775	797	822	848	876	907	937	977	1025	1079	1143	1211	1293	1379	1489.84	1661	1874.92	2315.92	6050
MER39B	13	28.63	34	43.78	48.52	54.15	59.78	65	72.04	77.67	81.3	88.93	95.56	101	109.82	116.45	123	128	135	140	150	154.69	163	168	176.12	180	190	197.01	204	212.27	219	223.53	231	236	245.42	249.1	253.68	259.31	263.94	273.14	285	293.83	304.46	316.09	331.44	352.35	359.98	365	375.48	384	388	393.13	400	406	418.08	433	444	459.73	473.08	486	496.8	512	532.06	545	559.32	567	577	585	590.84	597	601.1	605	606.36	609.99	612	614	616	618	621	623	624	626	627	629	631	632	634	635	637	638	639.7	641	643	644	646.22	648	651	654.11	660	670.74	755
L1MD3	10	20	29.1	37.65	44	48	52	55	58	61	65	68	71	74	76	80	83	86	90	93	95	99	102	105	109	112	115	120	124	128	130	135	138	141	145	148	152	157	162	166	172	177	183	188	194	200	205.3	211	218	224	231	235	240	244	247	250	254	257	261	264	269	276	281	291	301	310	318	327	336.4	348	360	374	384	399	414	427	440.8	454.35	472.900000000001	492	510	529	547	564	583	605	625	642.85	667.4	698.9	744	789.1	837.400000000001	891.150000000001	953	1046	1160.4	1281.7	1530.8	2043.45	6651
L1MC4a	10	18	28	38	44	51	54	58	63	67	71	75	79.8	84	88	92	95	100	104	108	111	115	118	122	127	130	135	138	141	144	147	151	155	159	164	169	173	177	181	187	192	197	201	206	211	217	223	230.3	237	243	250	257	266	272	279	287	295	302	310	317	326	337	344.8	353	363	371	383	394	405	418	431	446	458	471	487	498	510	530	548	563	579	598	620	640	663	685	707	739.299999999999	768	800	842	878	930	983	1049.2	1124	1209.4	1331	1539	1949.6	3706
AluYf1	10	133	166	184	212	219	234	254.86	262.84	267	272	275	277	279	280	281	283	284	286	287	288	289	290	290	291	292	292	293	293	294	294	294	295	295	295	295	296	296	296	297	297	297	298	298	298	298	299	299	299	299	300	300	300	300	301	301	301	302	302	302	303	303	303	303	304	304	304	305	305	305	305	306	306	306	306	307	307	307	307	308	308	308	308	309	309	309	310	310	310	310	311	311	312	313	313	315	317	319	322	327.02	357
Charlie20a	13	28.68	39.36	48.04	53	55	60	64	66.44	70	73.8	74.48	78	81	83	86	88	91	92	93	97.6	100	101	103	105	108	109	111	114	116	118.4	122	124.76	127	130.12	132	137	141	143.84	149	152	157	162	163.24	170	173	177	179	183	185	188	194.68	199.36	206	211	217.8	223	225.76	229	238.24	244.8	252	256.16	264.52	268	274.2	287.76	294	299.24	305	311.2	317.56	326	337.64	343	349	361.68	367	373	384.72	397	401.08	402	407	411	416.6	432.48	441.16	456.84	467	484	500.76	514.68	527	544.92	576.6	592	611	650.92	694.28	814
Tigger4b	10	32	36	39	42.76	47	50.14	53.33	56	57	59.9	62	64	67	72	77	80	84	87.42	92	98	103.99	110	121	126.56	134	139	144	149	153	159	164	170	175	179	184	188	196	206	215	223	235.79	251	260	271	279.55	287	292	297	303	306	308	312	314	316	318	319	320	322	323.21	325	326	327	328	330	330	331	332	333	334	335	336	337	338	339	340	341	342	343	344	345	346	347	349	350	351	351	352	353	354	355	356	357	358	359	361	362.24	365	369	377.81	467
Ricksha_0	17	28.66	44.32	48	49.32	61.15	65.98	70.43	73.28	76	79.3	81.13	85.84	90	95	99.45	103	107	108	111.77	114	114.43	118.26	120	122	123.75	129	133	134.24	135.07	140.9	143.73	146.12	152.39	154.22	158.15	164.76	171	176.08	182.74	189.6	195.03	199.72	213.69	226.04	229.7	237.18	243.01	259.84	268.67	274.5	287	304.16	309.99	315	324.65	344.48	350.93	382.98	402.88	433	450.04	465.92	468	468.36	496	519.56	549.61	576.32	591.54	615.2	623.86	653.84	668.18	685.68	704.25	718.96	748	757.22	795.85	818.2	862.46	880	890.12	900.6	934.55	947.08	985.539999999998	1065.72	1124.27	1188	1237.53	1260.52	1338.84	1398.28	1457.2	1522.32	1619.69	1679.36	1698.53	1744
MER112	11	26	37.34	43	47	50	53	57	59	61	64	66	67	69	70	72	73	76	78	80.73	83	85	87	89	91	94	96	98	101	103	105	107	110	113	115	118	120	123	126	128	131	134	135	137	139	141	143	145	147	149	151	152.17	154	156	159	160	162	164	166	169	171	174	176	179	181	184	186	188.89	192	195	198	202	205	207	210	213	215	217	219	221	223	226	228	230	232	234	235	237	239	241	243	245	247	249	252	255	258	263	268	275.33	319
MER31B	12	25	38	45	49	56.4	61.28	67.16	74	76	84.8	93.68	105	111.88	121	125	136	141	146	154.72	162.6	170	180.36	185	194.12	203	212.64	222	232	242.04	249.4	256	264	267	273	281	285	291	297	304	309.2	316	321	325.84	329	334	338	342	346.24	352	358	361	364.76	370	379	383	387	393	397	400	402	404	406	409	411	414.2	417	418	420	423	424	427	430	431	435	436	438	440	442	444	445.4	447	449	451	452	453	454	456	458	460	462	464	466	468	469.72	473	477	482	488	499	577
Charlie30a	10	35.56	43.12	47	51.24	55.8	58.36	60.92	65.48	68.04	72	74	76	78	79.68	81	83	85	86	87.64	89.2	90.76	93.32	96	97	100	101	102.12	105.36	108.24	109.8	113.36	116	119	120	123.2	126.16	129	134.28	137.84	139	140.96	142	145	146.64	147.2	150.52	152	153	154.44	156	157.56	160.24	163	164	165	167.36	169	170	173	175.6	178	179	182	184	186	187	189.52	194.08	198	202.2	204	205.64	208	210	212	214	219	221	226.48	229	235.72	238.92	244.48	248.04	254.6	258	261	263.28	268.68	272.8	282.92	287.56	309.08	314.92	324.8	351.44	381.24	420.8	452.88	677
MER124	27	42	49	54	56	59	61	63.22	66	68	71	73	75	77.98	79.44	81.9	84	86	87.28	89	91	92	94	96.58	99	101	104	106	107.88	110	111	114	115.72	117	119	120	122.56	124.02	128	130.94	132	133	136	138	140	142	145	147	148	151	152	154	155.92	157	159	161	163.76	166	168	169.14	171	173	175	176.98	179	182	186	188.82	191	193	196.2	201.66	204	206	210.04	216.5	218.96	224.42	228	231	235.6	241.26	246.72	250.18	254	259.1	262.56	267	270	274.94	278.4	282.86	291.64	298	304.24	313.7	326	332.62	347.56	374.08	393
L1ME3A	10	21.78	33	43	50	56	62	67	72	76	80	84	87	91.1399999999999	96	100	103	107	111	115	118	122	126	129	133	137.5	142	146	150	155	159	164	168	173	178	183	188	192	196	202	207	212	217	221.54	227	233	239	245	251	258	264	272	279.559999999999	287	294	301	309	318	326	334	343	351	360	369	378	387	397	407	416	426	438	450	460	471	481	493.5	505.280000000001	520	535.84	550.620000000001	565	581	597	616.740000000002	636	655	679.08	703	733	760	792.200000000001	829	865	917	968.320000000002	1039	1122.88	1234	1428.76	1777.66	4356
MER3	10	18	30	34	39	42	44	47	49	50	53	54	56	59	62	64	66	69	71	74	77	80	83	87	90	94	99	103	106	110	113	116	118	121	124	126	128	131	134	136	139	142	145	147	150	152	154	156	158	160	162	164	166	167	169	171	172	174	175	177	178	179	181	182	183	184	185	186	187	188	189	190	191	192	192	193	194	195	195	196	197	198	198	199	200	200	201	202	203	203	204	205	206	207	208	209	210	212	215	221	309
MER5A1	10	32.41	41.82	47.23	52	55	58	61	63	64	66	68	70	72	73	75	77	80	83	86	88	91	93	95	96	98	100	102	103	105	107	109	110	112	114	115	117	119	120	122	124	125	126	127	129	130	131	133	134	135	136	137	138	139	140	141	142	143	144	145	146	147	147	148	149	150	150	151	151	152	153	153	154	154	155	155	156	157	157	158	158	159	159	160	160	160	161	161	162	162	163	163	163	164	164	165	166	167	170	174	233
L1ME3	10	19	27	35.83	42	48	54	58	62	66	70	74	78	82	87	91.1499999999999	95	100	103	107	111	114	117	121	124	128	132	137	142	146	150	153	159	163	167	171	176	181	186	190.79	195	200	203	207	212	218	225	232	237	244	249	254	259	265	271	276	284	291	299	306.99	314.599999999999	322	331	339	348	355	365	375	386	398	408	418	430	444	453	467	482	494	509	522	539	552	568.02	585	601.24	624	646	672	699	726	760	791.51	827.120000000001	874.73	919	989	1081.68	1204.17	1399.34	1777.13999999998	6093
L1MEg	10	22	33	44	51	58	63.04	69	73	77	82	86	91	95	101	105	109	113	117	121	125	129	133	138	142	146	150	155	159	164	169	175	179	184	191	195	200	206	211	216	222	227	233	238	245	251	258	265	271	277	284	290	297	305	313	321	328	335	344	353	361	369	378	387	399	410	422	434	445	457	470	481	496.48	511	525	542	557	575	592	609	622.200000000001	642	667	690	712	735	762	790	822.92	858	890	934	980.280000000001	1028	1089	1152.2	1235	1358	1513.32	1808.16	4553
L1MC4	10	21	30	39	46	52	56	60	64	68	72	76	80	83	86	90	94	97	101	105	108	111	114	118	121	124	127	129	132	136	139	142	147	151	155	159	163	168	173	178	183	188	192	197	202	207	213	219	224	231	236	243	249	256	262.360000000001	270	277	284	291	299	307	315	323	330	337	346.6	355	364	374	384	395	406	418	430	440	453	467	479	494	510	526	543	558	575	592.559999999998	611	629	650.079999999998	678	707	744	782	815.280000000002	854	905	963	1044.64	1132	1239	1438.16	4227
LTR104_Mam	13	39.9	47.16	51	54	59	62	64	67	70	72	75	77	80	82	83	85	88	90	92	93	94	96	99	101	103	105	106.66	108.24	110	112	114	115	117	119	121	123	125	127	129	131	133	135	137	139	141	144	147	149	151.42	155	157.58	161	164	166.32	168	171	173.06	176	180	183	187	190	195	200.12	204	208	211.86	216.44	222	230	237	243	251.34	256	263	268	272.66	282	287.82	295.4	303.98	314	322.14	330	344	353.88	363	374	393.62	409	420.78	443.36	466.82	481.52	501.400000000001	575.719999999999	639.3	697	788.84	1444
BLACKJACK	11	28.28	38.56	44	49	51	53	55	56	58	59	61	62	64	66	68	70	71	73	76	78	81	83	86	89	93	98	102	109.84	113.12	119	124	127	132	135	141	145	149.36	154	158	161	166	173	177.04	183	187	193	201	207	214	222	230	239	245.84	253.24	261	267.68	274	284.24	294.52	307	320	332.72	343	357	369.2	384	393.76	408	419	433	443.88	454.16	472	491	516	529.28	550.68	579.84	607	625	650.68	676.88	701.960000000001	728	757.8	796	841.519999999999	880.400000000001	912.68	949.4	1000.92	1051	1141.28	1191.64	1264.6	1355.28	1494.72	1670.16	1996.75999999998	2881
L1M3	10	19	27	35	39	43	46	50	53	56.16	60	63	66	69	72	75	78	81	84.3199999999999	87	91	94	97	100	103	107	110	114	118	121	124	127	131	135	138	142	146	150	154	159	163	167	174	178.32	183	187	192.04	197	201	208	213	219	225	231	237	244.2	252.440000000001	260.68	268	276	283.4	291	300	308	317	328	337	344	353	361	371	384	397	410	423	440	452	467	482	499	516	538.440000000001	558	578.92	602.16	627.4	658.64	694	725	763.36	811.6	851.84	907	954	1018	1091.4	1188.04	1301.96	1485.23999999999	1860.04	3244
LTR7	32	59.82	81.32	114	208.32	247	309.92	327.96	347	354	357	359.02	362	363	365	366	366	367	369.52	372	374	375	376	377	383	384.5	387	388	388	389	390	390.42	392	394	395	396	396	397	397	398	398	398	399	399	400	400.9	401	402	403	404	405	406	407	408	408	409	409	410	410	410	410	411	412	414	419	427.3	431	431	432	432.58	433	434	436	439	441	444.5	445.32	446	447	447.78	448	448	448	449	449	449	449	450	450	450.98	451	453	455	456.78	462	469.9	481.72	498.54	500	525.219999999999	1005
MER67C	10	25.36	33.72	41	48	53	59	61.52	67	71	75	77	80	82	84	86	88.76	94.12	99	102	106	111	113	116	122	127	130.36	135	137	141.44	145	150.16	156	162.88	166	170.2	176.92	182	187.68	194	200.4	205	210	215.48	220	223	227.56	235	247.28	263	271	278	285.72	300.16	309.44	319.6	329	339.04	345	355	364.6	372	377.32	383	386.04	392	396	405.12	414.96	426	440.2	456.56	472	482	499.28	514	520	528	534.08	539.44	547	557	572.080000000001	589.88	600.72	615.6	627	633	645.68	652	659	667.76	674.12	680	685	689	692	697	705.28	714	955
LTR67B	10	30.19	42	48	54	58	62	65	67	71	74	77	79	82	84	86	89	91	93	95	97	100	102	104	105	106.75	109	110	112	114	116	118	121	123	125	127	129	131.03	134	136	139	140.79	143	145	147	150	153	155	157	159	162	166	168.88	171	172.26	175	178	182	185	189	193	196	199	202	206	210	214.54	220	227	234.11	239	247	254	265	276	284	293.44	305.63	320	339	355.2	370	384.58	402	418.92	431	442	454	469	479	491	505	517.48	528.34	541	553	567	580.43	596.62	623.81	696
LTR79	11	42.42	51.84	58	62	65	68	71	74	77	80	83	85	87	90	92	94	96.1400000000001	99	101	103	105	107	109	111	112	114	116	118	120	122	124	126	129	130	132	134	137	139	140.38	143	145	147	149	152	154	156	159	162	164	166	169	172	175	178	180	183	185.94	189	191	194	196	200	202	206	210	213.72	218	221	225	228	232	236.24	242.66	249	254	261	270.34	279	288.18	299	307	317	327	337	346.7	355.12	367	374	384	395	404	413.64	424	433	443	455	468	481	495.58	551
Charlie1b	10	25	32.64	37	40	43	46	48	50	52.88	54	56	57	59	60	62	64	66	67	68.08	70	72	75	77.36	80	83	85	88.6400000000001	90	92	95	98	101	103	106	111	113	116.84	119	122	124.8	128	130	133	134	136	138	140	143.36	148	151	155.32	160	165.96	170.28	178	184	191	196.56	203	210	218	227	234.16	243	252	261.12	270	279	289.08	302	308.72	323	329	340	350	366	376.64	385.96	395.28	407	417	425	432	438	444	450.52	456	462	467	472	476	480	485	493	497	501.72	508	513	521.68	608
Charlie1a	10	21	31	39	45	51	55	58	60	64	68	73	76	80.98	85	89	94	98	102	106	110	114	118	121	124	126	130	134	136	140	144	149	154	158	162.64	166	171	176	181	185.94	191	197	203	209	214	221	227	232	239	245	252	257	265	271	278	285.3	293	301	310	320	329	341	351	362	374	383.9	394.36	403	414.28	427	440	455	468	478.58	497.04	517	536.96	555	571	591	611	637	666.72	692	715.639999999999	748	785.559999999999	830	871	910.940000000001	958	1006.86	1066.32	1124	1173.24	1237.7	1292	1336.62	1370	1401.54	1604
Tigger3a	10	37	55	65	74	78	81	86	93	100	107	116	128	141	157.08	174	191.52	206	220.96	231	240.4	249	255	261	267	270	274	279	282	286	290	294	297	300	302	305	306.92	309	310	312	313	315	316	317	319	320	321	322	323	324	325	326	326	327	328	329	329	330	331	331	332	332	333	334	334	335	335	336	336	337	337	338	338	339	339	340	340	341	341.16	342	343	343	344	344	345	346	347	347	349	350	352	355	359	364	369.68	374	378.12	384	388	395	485
MER113A	11	26	34.32	43	48.64	54	58	62	65	67	69	71.26	73.92	76	78	80	81	83.22	85	86	88	89	90	92	93	96	97	98	100	102	103	104	105.12	106.78	108	109	110	112	114	115	117	118.06	120.72	122	124	126	128.36	130	132	134	136	140	143	145.98	148.64	152.3	155	156	160	162	165	167	169	172	175.24	178	181	183	186	189	191	194	198	201	204	206.5	209	211	216	220	224	228	233	237	242	247	252.76	256	259	262	265	269	274	277	282	285.7	290	292	298.68	305	358
MER44B	10	27.25	34	47	60	69.25	76	81	85	86.25	88	90	91	93	94	95.75	96	97	97	98	99	101	102	104	107	112.25	117.5	122	132	145	157	167	181	188	200	210	218	223	228	233	238	242	246	249	252	254.25	257	259	261	263	266	268	272	283	293.5	315	328	351	361.5	382.75	396	408.25	418.5	427	436	444	454	460	465	475	480.5	486	491	494	499	503	506	510	512	516	519	522	524	526	527	530	532	533.75	536	538	538.5	539.75	541	543	544	546.75	551	555.25	563	572.75	720
Chap1a_Mam	13	36.28	44	48.42	52	55	57	59.98	62.12	66	67	69	71	72	73	75	78	79	81	83	85	87	88	90	91.36	92	94	96	97	99	100	102	104	106	107	109	111	112.18	115.32	117	118	119	121.88	125	128	129	131	132	133.72	138	139	141.14	143	145	148	150	152	154	155.12	157	159	161	162	164	165	168.1	170	173	175.52	178.66	180	182.94	185	187	189	191	193	196	198	203	205.2	209.34	212	215	217.76	222.9	227.04	232.18	236.32	242.92	248	254.48	268	279	293	310.3	337	372.059999999999	434.8	542.44	956
MLT1C2	10	31	41	49	57	63	66	70	75	83	89	95	102	108	115	122	129	136	144	151	157	163	169	173	177.16	183	190	198	208	218	228	239	246	255	263	270	276	281	289	296	305	314	321	330	338	347	353	360.98	367	373	378	382	387	391	395	399	402	405	408	411	414	416	418	420	422	424	426	428	429	431	433	434	435	436	438	439	440	441	443	444	445	446	447	449	450	451	453	454	456	457	459	461	463	465	468	471	475	481	491	524.66	1873
L1M8	10	25.61	39	47	54	60	63	67	70	75	79	83	88	90	94	99	103	105.37	110	115	121.2	124	129	132	136	140	143	147	152	156.69	163	168.91	173	178	184	190	193	198.57	204	208.79	212	218.01	227	233	236	242	246.06	253	260	270	275	280	286.72	291.33	298.94	307.55	313.16	327	337.76	346.99	357	366	377	392.43	402	411	423	432.87	447.96	460.09	475	496.93	514.92	526	537.14	556	570.08	586.94	599.58	615.76	633	649	668.02	681.26	700	731.85	768.84	802.07	818.68	856.74	898.8	931.06	993.24	1044	1096.02	1148.9	1208.56	1337.02	1534.12	1768.73	2507
MER102c	10	34	41	48	50.44	54	57	60	62	64	68	69	71	73	76	78	80	82	83	85	88	89	91	93	94	96	98	100	102	103	105	107	108	109	110	112	113	114	115	117	117	119	120	121	122	124	125	126	128	129.39	132.5	136	139	143	147	151	155	159	166	171	175	179	184	187	191	194	198	201	206	208	212	216	220	223	228	233	237	240	243	245.69	248	250	253	256	259	263.35	268	272	277	280	285	292	297.12	304	309	313	320	326	335.559999999999	350	381
Tigger7	10	25	38	46.29	51.72	56	59	61	64	68	71	73	75	77	78	80	81	82	83	84	85	86	87	88	89	90	91	92	93	94	95	96	97	98	98	99	100	102	104	106	108	110	113	116	119	122	127	130.21	134	139	145	150	154	159	164.22	169	174	182	187	193	199	203	209	214	218	223	229	232	236	241	245	248.53	252	255	259	262	264	267	273.54	286	299.4	314	324	335	352	364.55	385.98	407	422	461	490.7	503	513.56	526.99	569.42	604.85	653	703.71	748.14	970.14	2542
MER41D	13	30.7	38	47.1	51.8	56	57.2	60	62	67	70	75	78.6	92	97.8	106.5	111.4	118	119.8	126	129	138	147.4	153.3	158.8	163	167	170.9	172	173	174	175	175	176.1	177	179	182.2	184	186	188.9	192	195	204.4	208.1	212.2	220.5	223.2	227.8	231	238	248	256.7	263.8	268.2	275.8	283.5	290	307.9	312.6	325.6	356	363.4	364	364	364	373	383.2	402.6	425.2	441.6	456	463	471.6	489.4	500.2	507.5	516	519.9	528.2	531.9	536	537	539	541	542.8	545	546	547	549	550	551	551	551.4	552	553	555	555.2	558.7	570	581.6	649
HAL1	10	25	37.74	47	54	59	65	70	74	77	81	85	90	94	98	102	106	110	113	118	122	125	129	133	137	140	144	149	153	157	161	165	169	174	178	182	186	191	195	200	204	210	214	219	224	229	235	239	244	249	255	261	267	273	279	286	292	299	307	313	321	329	336	345	354	364	372	382	393	403	413	425	437	451	462	475.75	489	503	519	539	559	576.970000000001	596	619	640	664	683	709	738	768	806	839	885	926.41	979.780000000002	1039.15	1124.52	1233	1368	1588	2476
MLT1A1	10	36	43	47	52	58	64	68	73	78	82	91	101	112.44	124.32	133	139	144.96	151.84	155	162	175	189	199	210	221	229	237	247	256	263.4	275	282	291	300	307	313	317	321	324	327	330	332	335	338	340	342	345	347	349	351	353	355	356.64	358	360	362	363	364	365	367	368	369	371	372	373	374	375	376	377	378	380	381	383	384	385	386	387	388	389	390	391	392	393	394	395	396	397	398	399	400	401	403	404	406	409	412	416	424	443.12	586
LTR78	10	42.99	54	61	64.96	70	75	78	82	86	90	94	97	99	102	106	109	111	114	118	120	123	127	130.77	133	136	140	143	146	149	152	155	159	162	165	168	172	175	178	182	186	190	193	196	199.56	204	207	210	214	218	222	226	230	233	238.46	243	248.44	253	259	263	269	275	282	287	294	299.35	307	313	319	326.31	335	343.29	352	359	369	379	388	398	409	421	430	441	453.18	465.170000000001	478.16	493.3	511.14	524	542	560.11	585	608.09	643	667.070000000001	711	757.1	803	866.059999999999	953.099999999998	1091.04	1295
SVA_D	10	11	13.64	15	18	20	24	35.48	52.68	80.76	91.6000000000001	104.52	110	115.16	124	171	228.48	311.32	479.6	587.08	624.2	649.72	665	707	725.68	755	794	832.28	867.8	900.56	927.4	963.92	998.16	1037	1052	1098	1122.52	1148	1187	1222.48	1258.4	1294	1322.32	1344.28	1375.24	1383.4	1401.72	1416.04	1429.72	1449	1461	1473.64	1489.28	1503.96	1509.28	1521.8	1534.92	1542	1549.56	1559.76	1571	1580.52	1591	1597	1610	1618	1630.12	1644.44	1654.76	1668.08	1677	1686.72	1705.04	1716.36	1725.68	1738	1756.64	1774.64	1790.96	1803.56	1823.6	1837.84	1850	1860	1878.88	1890.2	1906	1926.84	1934	1950	1970.2	1995.36	2037	2066.84	2104.24	2133.8	2171.72	2223	2249.32	2368.04	2807
L1M4b	10	19.27	30	37	45	51	58	64	69.16	75	77.7	83	87	92	97	102.05	107	111.59	116	120	125	130.67	135	140	145	148	153	157	162	169	176	180.37	187	194	202	209	219	227	238	245	256	263.07	270	280	289	295	303.42	316	327	338.23	348	358	372	378	388.58	400	414	428	443	459	474	488.94	506.74	520	534	548	566	583	601.36	619.63	636.9	661	678.88	697.71	718	748	770.52	789.79	810.06	833.66	860.6	877.87	906.14	943	971	1011.95	1066.22	1108.45	1165.52	1228.03	1289	1358.57	1435.36	1521.22	1649.04	1734.25	1894.76	2020.57	2282.76	2693.65	4626
MLT1B	10	31	41	49	57	63	69	76	82	89	95	102	107.88	112	118.86	125	132	140	147	152	157	162	166	170	174	177	181	186	193	198	204	211	218	224	231	236	243	251	260	269	277.6	284	293	301.57	309	317	323	330	334	339	344	348	351	354	357	359	361	363	365	367	368	370	371	372	374	375	376	377	378	379	380	381	382	383	383	384	385	386	387	388	389	390	391	392	393	395	396	398	399	401	403	404	406	408	411	414	418	423	435	463	8721
L1MC1	10	22	35.02	38	41	48	55	61	66	73	79	84	90	96	102	108	114.16	120	127	134	141	149	155	163	171	178	186	194	202	209	216	222	230	238	246	256	265	272.37	281	287	295	303	310	316	325	333	342	351	361	372	384	396	409	421	435	449	460	472	484	496.589999999999	511	523	537	553	569.639999999999	588	605	622	640	658	675	697	716.719999999999	740.73	765	793	819.76	841	864	884.790000000001	908.800000000001	940	972	1002	1031	1064	1103	1142.87	1191	1245	1319	1389.82	1481	1595.93	1702.94	1830.95	1986	2220.97	2507.98	3061.97	6468
L2d	10	27	35	39	42	45	47	50	52	54	56	57	59	61	63	65	67	69	70	72	75	77	79	81	83	84	87	88	90	92	94	96	98	100	102	103	105	107	109	111	112	114	116	119	120	122	124	126	128	131	133	135	138	140	143	145	148	150	153	156	158	161	165	168	171	175	178	182	186	190	195	199	203	207	212	217	221	226	231	236	242	247	253	258	265	272	279	286	294	303	314	324	335	348	362	379	399	424	456	539.200000000001	2491
L1PA3	10	35	44	53	64	74	84	95	104	116	127	141	155	164	177	191	206	218	234.36	246.38	263	283	304.44	326	345	365	382	402	419	441.58	462	484	504	522	544	570.400000000001	595	615	639.76	667.78	693	718	740	763	783	807	826	855.940000000001	881	900	927	956	994	1024	1052.08	1083.1	1113	1145.14	1178	1225	1269	1312.22	1354.24	1400.26	1450.28	1502.3	1560	1615	1676	1747	1824.4	1898	1983	2074.38	2163.48	2262	2380.56	2492	2653	2842	3016.6	3238.86	3556.48000000001	3911.96	4318.68	5038.4	5474.44	5962.74	6007.76	6016	6021	6025	6030	6044	6119	6137	6144	6149	6154	6164.98	8307
Charlie19a	10	37.08	50	54	59	63	66	68	71	74	76.4	78	79	81	84	85	87	88	91	93	94	96	98	100	102	104	106	108	110	112	113	114	116	117	119	121	123	125	127	129.56	131	133	135	136	138	141	143	146	149	152	153	155.04	157	159	161	163.2	165	167.28	170	172	174	177	178	181	183	186	188.64	191.68	193.72	197.76	200.8	206	209	213	218	222	225	229	232	238	244	249	252.28	256	260	266.4	271.44	280	284	290	295	303.28	309.68	315	323	327	333.84	346.76	359.92	371.96	400
LTR2C	49	53.76	54.52	55.28	60.08	62.8	67.8	88.76	108.88	119.84	134.6	139.36	159	165.16	181.48	185.8	187.48	195.52	197	199.44	211	211.96	216.6	219.44	232.88	242	242	245.52	254.28	258	258	277.04	305.96	308	324.8	331.6	352	352.48	356.88	358.64	365.2	376.56	401.04	404.36	405	408.8	412	416	423.8	435.44	451	459	464.16	470.28	471.16	477.4	479	480	480	480.84	482	482	483	483	484	484.4	485	485.92	486	486.44	487	487	488	488.48	489	490	490.76	492.52	493	493.04	494	496	496	496	496	497	497.36	498	498.88	499	499	500	500	500	500.44	503.2	504	506.44	520.44	523.92	555
L1MB4	10	19	27	34	39	42	45	47	50	52	55	58	63	67	72	75.8499999999999	79	82	85	89	92	97	101	106	110	114	118	122	127	131	135.7	140	145	150	154	159	165	170	174	181	187	194	199	206	213	221	228	234	241	249	258	266	276	284	293	303	313	321	329	339	348	356	366	375	384	393	405	416	429	442	455	469	480	496	511.66	525	539	553	568	585	603	629	653.380000000001	677	698	718.15	746.74	779	818	853	884	920.690000000001	975	1032.87	1123	1220.1	1329.64	1481.23	1703.56	2179.05	6019
AluSc8	10	132	162	181	214	228.8	243	253	260	265	269	272	275	277	279	280	281	282	283	284	285	286	287	288	289	289	290	290	291	291	292	292	293	293	293	294	294	294	295	295	295	296	296	296	296	297	297	297	298	298	298	298	299	299	299	300	300	300	301	301	301	302	302	302	302	303	303	303	304	304	304	305	305	305	306	306	306	307	307	307	308	308	308	308	309	309	309	310	310	310	311	311	312	313	314	316	318	320	324	331	410
MER101-int	10	19	32	41	44	51	57	61.83	64.52	71.21	75.9	81.59	87	89	93	98	103.04	107	113	118	120.8	126.49	132.18	136	142.56	148	155	159.63	170.32	179	183	188	192	198.54	207.92	214	218.84	227	229.22	237	249.6	260.29	269	286.01	291.36	305.1	316.96	327.43	339.12	345	359.5	367.76	375.88	392.42	405.26	418	438.92	459.66	471	483	496.4	510.09	520	533.47	553.16	574.7	578.54	592.23	609.76	625.61	639	653	688.68	703.74	717.12	749	777.44	796.52	838.82	866.51	889	916.450000000001	959.58	997.240000000001	1048.56	1095.3	1111.68	1171.21	1231.16	1286.12	1380.8	1455	1572.2	1803.4	2015.9	2156.05	2256.76	2616.02	3066.96	3774.58999999998	4696
LOR1-int	10	18	28.54	45	48.08	55.85	62	66.78	73	81.93	87	88	94	100.01	106.56	115.55	120.32	128	135.86	144.26	153	157.34	164.94	175	182.48	188.25	193.02	205.79	210	218.33	225.1	230.87	241.64	252.41	261.54	271.9	278.72	286.49	300.26	312	321	345.42	368.34	390	409.88	417	429.1	442	460.92	469	490	499.27	510.16	531	544.58	579.7	594.12	610.89	627.32	660.43	679.4	699.79	718.74	747.55	764.28	786	814	847.77	879.36	927.26	958.900000000001	993	1013.88	1048.47	1092.88	1108.75	1152.64	1192.48	1252.6	1298.81	1343.8	1382.22	1439.84	1523	1605.2	1693.65	1724.22	1785.97	1852.28	2002.65	2085.9	2169.21	2284.56	2578.2	2761.66	2977.3	3138.92	3726.37	4056.14	4512.88	6612
LTR57-int	11	16	19	21.89	29.52	33.2	39.78	46.94	51	51	53	54.31	57.08	59.73	61.94	65.15	69	73.28	76.78	80.99	90	95.41	96.62	100.83	109	113	115.46	121.67	124.76	128.36	135	139.02	143.72	151	159.14	162	176.68	188	201.82	207.38	211	211	231.74	235	256.44	269	286.98	299.87	305	305	312	323.13	349.28	382.39	414.02	423.3	436.56	481.91	503.88	529.39	540.2	553.62	568.08	583.84	606.36	642.95	670.44	671	672.68	690.47	692	695.64	719.12	737	760.24	775.25	794	856.87	893.52	929.95	962.2	985.11	1019.16	1048	1048	1090.5	1176.8	1218.24	1252.76	1269.14	1282.8	1307.1	1485.96	1669.11	1935.12	2221.3	3141.92	3352	3597.33999999999	4984.72000000001	6079
HERVK9-int	34	38	147	606	615.88	626	637.64	679.32	852.68	890.44	937.6	1048.54	1118.52	1204	1241.12	1278	1305.64	1469.34	1560.76	1699.68	1793.2	1867.22	1874.36	1963.12	2070.08	2187.5	2333.88	2475.28	2722.24	2769.02	2830	2912.9	2967.12	3155.98	3274.08	3381.9	3513.88	3633.56	3673	3722.3	3756.8	3805.08	3812.44	3833.54	3876.96	3923	4086.84	4111	4117	4117.3	4224	4334.8	4409.64	4604.98	4621.04	4668.8	4730.84	4763.34	4795.08	4822.22	4852.8	4960.18	5052.24	5120.28	5157.96	5396.6	5438.44	5468.9	5486.92	5612.4	5695.8	5730.54	5781.88	5837.96	5883.72	5969.5	5996.88	6033	6044.32	6061.6	6075	6107.28	6135.12	6162.26	6182.84	6216.4	6307.04	6342.56	6382.88	6405.66	6609.8	6836.16	6901.76	6940.52	6955.6	6984.5	7011.24	7016.72	7036.04	7185.66	8078
MER102a	11	30	38	44.81	52	55	59	62.89	65	68	69	72	74	77.51	79	83	84	87	90	91	93	96	98	100.21	104	106	107	109	111	113	115	117	119	122	124	126	128	131	132	135.53	138	141	144	147	150	152	155	157	160	162	166	168	171	173	176	179	182	186	188	190	194	197	200	203	206	209.55	213	215	218	219	222	225	228	231	234	237	241	244	246	249.33	253	255.87	259.14	262.41	266	270	274	278	281	284	288	293	297	300	305	309.65	314	318	326	334	371
MER67A	11	23.08	35.36	36	36	36	36	39	42.44	43	46.8	53	57.16	62.84	67.52	69	70.88	73.56	77	77	79	79	81	85.64	87.32	91	92.68	94	97.04	98.72	101.8	105	105	108.44	109.12	112.8	116	123.32	129.84	131.52	137	138	138.56	143	143.92	148	149	152.92	164	169	172	179.36	191.36	200	200	207.2	215.16	229.32	240.32	266	277	286.96	302.44	322.52	336	346.2	366.68	389.56	398.24	409.84	422	422.56	427.92	431	444	455	463	470.72	484.04	491.72	499.4	503.08	504.76	507.44	509	510	517.96	522.16	524.84	526.52	528	529	530.56	533.24	536	539.6	543	552.92	559.84	588.88	611
MER2	10	33	47	56	62	66	69	72	74	76	80	83	86	90	93	96	99	104	109	117	122	127	130	133	137	142	148	153	160	167	174	180	184	188	191	194	197	199	202	204	205	207	209	212	216	221	227	235	242	249	255	262	269	275	281	287	291	294	297	299	301	303	305	306	308	309	310	312	313	315	316	317	318	320	320.84	322	322.16	323	324	325	326	328	328.120000000001	329	331	332	332	333	334	335	336	337	338	340	341	343	345	349	354	363.34	559
HERV16-int	10	38.66	58.88	65.66	75	83	91	99	103	112	122.2	127.84	133	138	143.08	148	156	162	166	173.18	178.8	187	198	206	215.28	220	228.72	233	239.16	248.38	255	261.82	270	275.78	283.48	295.9	303	310.14	321	334	343	357.02	367	377.46	389.68	401	411.24	419	430	441.78	451	463	469	481	496	503	513.32	523.54	535	540	546.2	557	569	581	594.08	608.3	620	635	646	656	670.8	686.24	699	723	740.84	761	783	810.94	835.8	853.38	878.6	896.82	928	950.780000000001	988.48	1007.1	1043.92	1082	1136.16	1194.16	1226.4	1263.18	1327.68	1393.46	1468.36	1528.4	1630	1799.34	1952.92	2259.36	4765
X24_LINE	24	30.49	34.98	38	40	41	44	46	46.92	48	50	52.39	53.88	55	55	56	57.84	58.66	60	60.31	61	62	63	64	65	66	67	68	69	70	71.7	74	75	76	77	78	79	83	84	85	86	87.09	89	90.07	91	92	93	94	95	96	97	99	101.96	104	105	106	107	108	111	112.91	115	116	119	120	122.36	125	126	128	131	132	133.3	135	140	141.77	143	145	148	150.73	153.44	158	161.2	165	167.36	171	175	179	182	186.89	193.24	201.05	209.3	215.59	220.16	230.14	233.12	237.55	250.16	265.18	276.08	296.04	389
L1MEc	10	20	29	39	48	55	61	68	74	79	84	89	94	99	104	109	114.76	120	126	131	136	141	146.42	152	158	163	170	176	181	186	193	200	205.52	212	218	225	231	239	245.18	252	259	266	273	280	287	295	303	312	319	327	335	343	351	358	367	377	387	398	407	419	428	441	452	465	477	490	505	519	534	551	568	585	600	617	633	654	673.360000000001	694	714	738	759	779	803	829	857	887	913	947	989	1035	1076.9	1134	1194	1255	1331	1419.35	1511.12	1641	1826	2146.89	4068
MER63B	10	34.03	43	48	52	55	58	61	65	68	70	71	73	74	76	78	80	81	83	85	87	89	91	92	93	95	97	98	100	102	103	105	106	107	108	109	110	111	112	113	114	115	116	118	119	121	122	124	126	128	130	132	134	136	138	140	143	145	150	153	154	160	163	168.89	176	182	191.98	199	209	223	237	250.13	261	272.19	287	295.25	310	319.62	330	341	351	363	372	375	380	386	390	394	397	401	405	408	411	414	417	420	424	429	434	451.97	510
MER4A1_	12	35.99	54.98	78.64	109.92	116.9	119	122.86	129.92	133	134	145.67	174.68	183.48	192.86	194.85	215.4	223.83	255.74	267.81	304	329.9	340.12	349.77	362.76	396.75	405.74	412.19	426.76	443.71	469.3	474	478.68	483	491	494.65	501.64	506	511.86	514.61	520.6	524	527	529	532	533.55	535	538.53	540.52	542.51	544	546.49	549.48	556.41	560.46	565.45	569.2	574	575.42	578	580	582	583	584	585	586	588	589	590	591.31	594	594.29	596	596	597	597	598	598	599	599	600	600.19	603	604	606	607	609.14	611	612	614	616.1	618	622	623	625.06	630	632.16	640	642.02	649.05	694
MLT1G1	10	31.75	42	51	56	60	64.5	69	73	80.75	87	93	98	102	111	117	122	129	134.5	140	146	153	159.5	166	173	177	181.5	189.25	197	205	213	221	231	237	244	253	263	273	284	293	302	311	318	324	331	341.75	354	363	371	378	387	395	404	412	420	426	431	437	443	447	451	455	461	464	466	469.75	473	475	478	480	484	487	490	492	495	497.25	500	504	507	510	513	515	518	522	525	528	530	532	536	538	541	544	548	550.75	555	560	565	571	584	599.25	873
AluYa5	38	131	152.62	198.29	225	242	260	267	271	274	277	281	284	288	291	292	294	295	296	296	297	297	298	298	299	299	299	300	300	300	301	301	301	301	302	302	302	303	303	303	303	303	304	304	304	304	304	305	305	305	305	305	306	306	306	306	306	306	307	307	307	307	307	307	308	308	308	308	308	308	309	309	309	309	309	310	310	310	310	310	310	310	310	310	310	311	311	311	312	312	312	313	314	314	316	317.95	319	321	325	331	349
L1MD	10	20	30	37	43	47	52	55	59	62.55	66	69	73	76	79	83	86	89	92	95	98	102	105	108	111	114	118	121	125	128	132	136	139	143.35	147	151	154	158	162	167	171	176	180	184	188	193	198	203	208	213	219	225	230	236	243	251	256	262	268	275	282	290	297	304	312	320	329	339	348.6	358	368	378	391	402	417	428.25	441	455	470	487	501	516	535	554	576	598	622	647	673	715.55	737	772	828	871	923.3	992.250000000001	1085.2	1205	1365.5	1618.25	3158
LTR12C	14	76	112.28	227.28	412.04	510.9	678.92	864	988	1079.36	1123.8	1188.36	1217	1227	1241.32	1257	1268	1274	1282	1287	1294.6	1301	1307	1314	1322.12	1326	1329	1336	1342	1348	1354	1360	1366	1371	1375.92	1379	1381	1384	1387	1388	1389	1392	1396	1398	1402	1405	1408.48	1413.86	1417	1420	1423	1425	1427	1429	1431	1434	1437.28	1440	1443	1446.42	1451	1459.18	1468.56	1476	1483	1487	1492.08	1498	1505	1510	1516	1521	1526	1533	1539	1543	1545	1547	1549	1551.02	1556	1563.78	1573	1581	1587	1590	1598.36	1612.06	1627.44	1644	1653.2	1663.58	1669	1678.68	1691.72	1706	1729.96	1760.3	1807.96	1874.62	4071
LTR13A	12	50.12	61.68	72.68	75.12	110.2	123.72	131.22	147.88	165.56	217	253.74	261.24	293.12	318.4	349.1	372.12	428.64	581.04	591.84	613	630.84	685.72	821.28	829.32	838.5	853.88	879	879	900.08	918.2	927.9	933.92	934	935	935	936	936	936.64	938.84	942.4	944	944	944.54	946	947.2	949	949	950.88	952.22	953	954	955	956	956	956.9	957	957	957	957.02	958	958.58	959	959	959	960	960	961	961	961	961	962	962	962	962	962.5	963	963	963.84	964	964.4	965	965	965	965	965	965	965	965.64	966	966	966	966	967	968	969	969	970	972.76	995.66	1148
Tigger19b	11	30	35.74	39	42	44	46	48	49.96	52	53	55	56	57	59	60	62	63	65	66	68	69	71	72	73	75	76	78	79	80	82	83	84	86	87	88	90	91	93	94	95	96	97	99	101	101	103	104	106	108	110	112	114	116	118	119.35	122	124.09	127	130	132	134	136	139	141	144.05	147	149	152	154	157	160	163	167	171	174	178	183	187	192	197	202	207	212	216	220	225.82	233	239.56	246	253.3	260.67	268	280	293.78	308	326.52	347	382	423.89	527
L1MEf	10	17	27	36	45	52	58	65	71	76	81	86	91	97	102	107.5	112	117	122	128	133	138	143	147	152	157	162	167	173	178	183	189	195	201	207	214	220	227	235	243	252	259	267	274	282	289.5	297	305	313	318	326	333	341	352	361	371	381.200000000001	390.900000000001	403	414	424	436	448	460	474	486	500	514	525	538	552	571	584	601	619	639.5	659	680.9	702.6	725	749	773	797	820.1	854	883.5	921	962	1002	1044	1098	1158	1215	1284	1352.8	1431	1533	1671.6	1872.4	2173.29999999999	4131
L1M4a2	10	18	30	38.5	49	54	57	60	63	67	72	77	80	83	87	88.5	92	96	100	104	108	110.5	115	121	126	130	133	137	141	146	149	154	158	161	164	170	177	180	186	192	198	204	207	210.5	216	221.5	226	233	238	244.5	255	264.5	275	286	294	299	309	317	328	340	349	362.5	376	389	402	414	427	444	459	471	487	501	511	527	543	557	578	597	620	645	667	691	718	740	767	803	832	864	896	951.5	996	1043.5	1110	1191	1259	1348.5	1442	1589	1746	2174.5	3758
MER49	10	21	26	35.64	42.76	45	51	55.58	63.52	70	75	80.34	86	90.22	95	105	109	113.98	124.84	133.86	145	158.74	167.68	178.24	185	188	193	198	203.32	207.26	217	224.28	237	246.06	254	259	266	270	273	277.66	279.6	281.54	286	290	293.36	299	307	310	315	325	332	343.94	363.76	384.82	398.52	411.7	427.56	445.16	460.64	491.3	524.4	539.34	563	585	601	611.1	619.12	634.98	647.92	663.86	669.8	678	685.36	700.86	712	720	728.44	736.76	748	771	813	825	855	860.02	870	875	881.84	890	895	900	904	906	910	913	917	921	923.24	927	931	951.06	1054
L1ME2	10	19.98	29	38	45	52	58	63	67	72	77	82	87	92	96	101	105	110	116	120	125	129	133	137	141	147	152	157	162	167	173	179	185	190	197	203	208	213	220	226	232	238	244	251	257	264	270	278	284.04	292	299	306	314	322	329	337	347	357	367	376	386	394	404.76	415	428	439	450	461	472	483	494	508	522	534.539999999999	549.52	564	579	597.460000000001	616	634	653	670	691	711	735.32	762	793	820	847.24	889	926	978	1034	1094	1167	1253	1377	1517	1766.31999999999	2193.04	7743
MER50	11	40.97	52.94	61	69.88	87	96	104.79	111	118.46	125	130.67	136	140.61	143	145	147	151	157	162	171	176	184	195.62	212.28	219	228	236	246	261.13	280	297.07	314	341.04	361.98	373.95	394	415.89	432	449.83	465	475	486	490	501.68	511	519.62	528	536.56	546	552	558	562	568	572	578.35	586.32	596.29	606.26	625.46	642	651	658	664.11	668	671	674	677	681	684	686	688	690	692	693	694	696	697	698	699	701	702	703	704	705	707	708	710	711	712	714	716	717	720	723.18	726	732	740	751.06	773	1146
AluSx4	10	60	106	119	129	134	145	156	164	172	180	195	211	222	232	246	256	262	267	270	273	276	278	279	280	281	282	283	284	285	286	287	288	288	289	290	290	291	291	291	292	292	292	293	293	294	294	294	295	295	295	296	296	296	297	297	297	297	298	298	298	299	299	299	300	300	300	301	301	301	302	302	303	303	303	304	304	304	305	305	305	306	306	306	307	307	307	308	308	308	309	309	309	310	310	311	313	315	318	325	386
L1PB1	10	28	45	54	60	69	77	86	94	102	111	118	126	132	140	149.8	161	172	181	186	190	193	196	199	205	215	224	237	248	259	272	284	293	303.360000000001	314	323	333	341	347	351	354	356	358	360	362	365	367	370	374	381	390	402.92	420	439	458	482	502	525	549.36	571	594	622	655	681	712	747.800000000001	778	810	848	888	934.400000000001	985	1038	1090.32	1150.08	1203	1266	1332	1396.76	1474.36	1545	1623	1691.44	1747	1831.56	1931.2	2053	2192.04	2319.96	2487.88	2695.8	2890.16	3131.64	3387.56	3749	4049.00000000001	4451.64	5028.96	5660.48	6224.16	6965
MamRep1151	10	27.56	34	39.68	47.24	53	56	60	66	69	71	74.16	79	81	86	88	90	93	96	98	99.2	104	107	110	112	115	118	121	123	126	130	133	137	141.48	144	147.6	151	154	157.28	163	166	168.96	174	177	180	183.2	186	191	199	202	208	213	219	223	229.48	236.8	240.36	244.92	254	258	264.6	269	276	282	287	293	298	306.52	314.08	322.64	332	341.76	355.96	372	376.44	392	399.24	414.12	425.68	439.48	449	460	472.76	485	498.04	510	518	528	544	554.84	569	576	590.52	604	614.64	631	640	649.32	665.88	676.44	717
MER41B	10	26.72	33	39	44	50	53	58	61	63	64	65	65	67	69	71	73.52	79	86.96	93.36	98.4	103	110	114	118	119	122	124.44	129	134.88	144.6	158.64	171	177	187	192.2	208	228.64	249.36	270.08	284.8	303.52	325.24	348.96	361.68	380.8	406.24	420.84	439	445	450	460	472.44	482	493	501.6	506	511	517	523	526.2	533.92	537	546	552	561	570.52	581.24	589	597	602	605	609	612.56	615.28	617	618	620	621	622	623	625	626	627	628	628	629	630	630	631	632	632	633	634	635	637	639	643	648.56	663.28	955
MER30	10	43.93	56	63.93	72	77	80	83	88	92	96	98	100	101	103	106	110	113	117	122	125	130	134.82	141	146.44	153	159	165	169.68	174	179	182	185	189	191	193	195	196	198	199	200	201	202	204	205	205.95	207	207	208	209	210	210	211	212	213	213	214	214	215	215	216	216	216	217	217	218	218	218	219	219	219	220	220	220	220	221	221	221	222	222	222	222	223	223	224	224	225	225	226	226	227	228	229	230	231	233	235	237.07	240.38	247	294
Arthur1B	10	22.11	42	47	51	54.55	58	61	64	65	67	69	70	73	74	75.65	78	80	82	84	86.2	88	90	93	95	97	100	103	106	109	110.3	113	115.52	118	120	122	123.96	126	128	129.29	131	134	136	138	140.84	142	145	149	151	155	159	163.61	167	170	173	180	185	189	195	200.49	206	211	218	222	232	240	248	253.37	264	274	282	290	299	310.03	320.14	335	343	352	362	378	390	403	420.04	437	455.24	475.35	491.46	507.71	522.68	543.79	565.9	597	639.36	691.46	739.34	819.350000000001	959.48	1035	1110	1154	1315
LTR46	18	38.8	43.6	44.4	47.6	77	94.4	105	110.2	117	133	141.8	178.4	211.8	234	255	266.4	270.2	279.2	299.4	304	312.6	317.2	323.4	326	327	327	327	327	327.4	332	334	340	343.6	346.4	350	352	353.2	358.4	362.2	367	368.8	377.2	381	388	388	390	390	390	390.4	393	404.8	406.6	408	409.2	410	414	414.6	418.4	420	425	434.6	438.6	440	441.4	444	448	449	449	449	449	449	449	450	450	450	450	452.2	453	459	459	459.8	460	463.8	468.2	472	473.6	476.8	478.4	481	482	484.8	494	495.4	496.2	500	502.8	504.6	513.6	532.6	624
MER9a1	84	147.71	183.14	187.71	199.68	240.65	259.18	282.95	335.56	358.95	387.1	444.05	473.04	478	480	485.1	488	488.69	489	489	489	490	490	490	490	490	491	491	493	494	497	497	498	499	499.38	500	502	502.09	503	504.23	506	507.37	508	508	508	509	509	509	510	510	510	510	510	510	510	510.35	511	511	511	511	511	511	511	511	511	511	511	512	512	512	512	512	512	512	512	512	512	512	512	512	512	512	512	512	512	512	512	512.59	513	513.73	514	514	514	514.01	515	516	517.72	521.29	528.44	529	642
LTR13	18	40.57	49.14	61.71	67	77.9	99.98	136.96	216.4	263.81	384.9	458.21	565.12	636.23	759.56	795.1	910.24	942.69	952.94	963.22	966.6	970	973	975.37	976.56	978	979	982.13	984.32	986	986	986	987	987.27	990	991	991	992	992	992	993	993	993.98	994	995	995	996	996	996.12	997	997	997.69	998	998	999	999.45	1000	1000	1001	1001	1002	1002	1002	1002	1002	1003	1003	1003	1003.92	1004	1004	1005	1005	1005	1005	1005.25	1006	1006	1006	1006	1007	1007	1007	1007	1008	1008	1008.34	1009	1009	1010	1010.1	1011	1012	1014.67	1017	1021	1021.48	1027.43	1046.78	1074.62	2410
LTR13_	81	88.79	96.58	271.81	578.08	848.5	860.8	873.1	878.4	880.45	882	882	882	882.66	883.48	886.7	894.08	901.46	906.56	911.48	916.6	921.93	927.02	927.43	927.84	929.75	932.62	935.07	935.48	935.89	937.2	938.84	940.12	940.53	940.94	941	941	941.17	941.58	941.99	942.8	943.62	944.22	944.63	945.04	945.45	945.86	946	946	946	946	946	946	946	946	946	946	946	946	946	946	946	946	946	946.96	948.6	950.12	950.94	951.76	952	952	952	952	952	953.02	954.25	955.32	956.14	956.96	957	957	957.21	957.62	958	958	958	958	958	958.4	960.45	962.5	963	963	963	963	963	965.88	969.16	975.32	985.16	995
MER54A	19	32.25	38	46.25	52	57.75	69	73.25	75	77.75	84.5	93.5	99	102	115	122	133	147	154	167	183	189	203	208.25	219	229.75	243	258	263	266	272	280.25	294	304	322	325.25	332	335.5	344.5	350	360	364.5	371	380.5	388	392	392	392	392	392	397	406.25	408	413	414	414	415	422.25	434	441.25	450	461.75	482.5	492.5	504	509.75	522	540	561	587.5	600.5	626.25	649	676	695	723.75	743	770.75	803.5	824.5	835	841.75	849	855	860	863	864	867.25	868	872	874	875.25	877	879	884	888	889	890	893.5	904.25	1005
MER68	10	38.55	48	58	66	71	79	85.95	91	95	99	106.35	113	120.1	127.8	133.75	143.2	156	161	167.15	174	182.85	193.4	205	216.4	230.25	240.1	250	256	267.65	278	281.35	287	295	301	309.75	320.6	331.45	345.3	355	365	374.85	388.7	396.55	403	412.25	425.1	433.95	441.8	453	463.5	469	475	480	483	488	493	496	502.3	506	510	513	515	517	519	521	522.1	523	525.8	527.65	529	531	531	533	534	536	537	538	539	540	541	542	543	545	546	548	549	550	550	552	554	555	556	559	560.9	565	568.6	574	580	601.900000000001	1201
L3b	10	33	38	40	43	45	47	48	50	52	54	55	57	59	60	61	63	64	66	67	68	70	71	73	74	76	77	79	80	82	83	84	86	87	89	90	92	93	95	96	97.6000000000004	99	101	103	104	106	108	109	111	113	115	117	119	120	123	124	127	129	131	133	135	137	140	142	145	147	150	152	155	158	160	164	167	170	173	177	181	184	188	191	195	200	204.380000000001	210	215	220	226.74	234	241	249	257	265	274	284	301	322	343	372	411	484	1276
MER4B-int	11	25.84	35	41	46	50	57.76	62.22	67	70.14	76	81	85.52	92.98	102	108	113	115	123	128	137.4	145	153.12	163.58	169.04	175	186	196.42	206	211	223	227	235	245	251	262	274.12	283	297	308	327.4	337.86	346.32	357.56	367.72	375.4	384.16	393	403.08	413.54	426	445.46	470.92	484	503.84	517.3	531.28	545.66	563.36	588.14	605.6	621.06	642	668.96	678.88	703.5	730	766.64	786	804.48	825.2	843.66	881.24	899	925.16	962.5	1007.96	1037.84	1070.28	1096	1118	1155.3	1221.84	1256	1338.64	1411.4	1478.36	1564.02	1619.36	1676.22	1736.4	1874.88	1993.48	2175.46	2239.68	2368.3	2686.03999999999	3127.06	3587.92	4076.48	6126
AluYe5	11	41.96	45.92	49.88	52	58.8	60	66	72	78.64	83	91	103.52	115.48	135.44	148.4	160.36	176	194.84	218.48	234.2	248.32	260	264.08	267	274	277	280	282	286	288	290	291	292	292	293	294	294	295	295	295	296	296	296	297	297	297	298	298	299	299	299	299.92	300	300	301	301	301	301	302	302	302.56	303	303	303	304	304	304	305	305	305	305	306	306	306	306	306	307	307	307	307	307.76	308	308	308	308	309	309	309	309	309	309	310	310	311	312	313	315	318	324.04	442
MER4B	12	28	35.34	40.51	48.68	55	59	70	80.36	86	101	110.87	118	125.42	134	140.55	149.72	161	170.06	181	186.4	191.57	196	201.91	207	213	226	239	246.76	257.86	264	270	278	287.61	295	302	309	315	325.46	334	346.8	354.97	367	378.31	396	405.65	413.82	427.99	439.32	453.66	467	473	500	513.04	525.18	537.35	544.52	551	558	563	566.2	570.37	572	574	576	578	579.22	581	583	585	586.9	588	589	590	592	593	594.92	596	597	599.43	601.6	603	604	606	608	610	612	614	616	617	619	623	626	629	630.98	636	641	646	652	668.83	848
LTR16B1	11	40	47	50.22	56.92	67.85	79.22	89	96.96	100	105	114.07	116.44	123.81	131	148.1	154	167.29	178.66	185	190	195.77	203.14	209	213.88	223.25	227.62	235	245	253	260.3	271.47	281.36	289.42	298.58	304	312	317	321.12	327.43	331	336.34	340	344.91	350	351	359	361	366	371	376.5	379	384	387	389	393	397	399	402	405.83	408	410	412.94	415	416.68	419.05	421	423	425.16	428	430.9	433	434	435.01	437.38	439	441.12	443	445	447	449	451	452.34	454	455	456	458	460	461	463	465	466	469	470	472	474	477	481	487	503.89	578
AluSq4	17	93.74	127.48	139	148.96	158.85	164	168	172	181	187.4	194	201	215.81	235	249	257	263	268	272	276	277	278	279	280	281	282	283	284	285	286	287	287.84	288	288	289	289	290	291	291	292	292	293	293	293	294	294	294	295	295	295	296	296	296	297	297	297	298	298	298	298	299	299	299	300	300	300	301	301	301	302	302	302	303	303	303	304	304	305	305	305	306	306	307	307	307	308	308	309	309	309	310	310	311	311	312	314	317	322	327.63	374
AluYc3	10	65.6	84	89	98.48	102.8	107	111.92	119	122.08	127	138.12	159.44	162	169.68	173	185.72	201.04	209.64	246.32	265.4	270	271	272	276	277	279	280	281	282	282	283	283.92	284	284	285	285	285	286	286	286	287	287	287	288	288	288	289	289	289	289	290	290	290	290	291	291	291	292	292	292	292	293	293	293	293	294	294	294	294	295	295	295	295	296	296	296	296.12	297	297	297	297	298	298	298	298	299	299	299	299	300	300	300	300.08	301	302	303	304.32	307	312	322
AluYh3	13	39.96	48	50	51	53	55.88	58	60	61	84.3999999999999	147.28	153	158.24	161	165	167	192.16	200.92	207	210.6	218.08	221.56	223.08	227.52	232	238.48	243.96	251	259	265.4	268	272.08	276.84	280	281	282	283	286.24	288	289	290	292	293	293	294	295	295	296	296	297	297	297	298	298	298	299	299	300	300	300	301	301	301	302	302	302	303	303	303.12	304	304	304	305	305	305	306	306	307	307	307	307.88	308	308	308.32	309	309	310	310	310	310	311	311	312	313	313	315	319	321	324.04	340
MER20	10	38	45	53	58	62	69	74	80	85	88	89	95	101	108	114	119	124	129	135	140	145	149	153	156	159	162	164	167	169	171	173	176	177	179	180	182	183	184	186	187	188	189	191	192	193	194	195	196	197	198	199	200	201	201	202	203	204	204	205	206	206	207	208	208	209	209	210	210	211	211	212	212	213	213	214	214	215	215	216	216	217	217	218	218	219	220	220	221	222	223	224	225	226	227	229	230	233	237	243	337
hAT-1_Mam	10	32	40.34	49	56	61	65	67	70	72	75	78	81	83.71	88	91	93	95	97	99	103	108	110	112	115	116	118.42	121	123	125.43	128	131.77	136	138	140	142	144	147	149	152	154	157	160	163	168	171	173	179	182.16	185	188	191	193	197	200.18	205	208	211	215.86	220	224	231	235.54	240	246	251.55	255	259	265.56	275.23	281	287.57	292	297.91	303	306.5	317.92	326.18	332.26	340	353	359.27	368	373.61	388.28	399.95	418	428.29	445.88	468.52	494.2	515.88	534.64	572.240000000001	600.98	656.550000000001	701.32	780.96	908.32	1140.22	2940
MER63D	10	27	33	35.51	38	41	44	46	47.36	49	51	53	55	56	57	58	59	60	61	62.23	64	65	66	67	68	69.25	71	72	73	74	76	76.27	78	79	80	81	82	84	85.46	88	89	91	92	96	98	99	101	104	106	108.33	111	113	116	118.01	122	126	129	132.69	136	139	142	145	148	151	156	160.05	164.22	168.39	173	177.73	182.9	187	191	196	202	207	212	219.09	226.26	233.43	241	247	254	259	272.28	283.45	301.62	313.79	321	341.13	354	362	370.64	384	397	418	442.32	494.47	584.64	831.599999999999	1158
MER66C	12	29.36	34	36	37.72	39	42.08	43	45	45	46	46	46.16	48	48	49	50	50	51	51	51	52	52	52	53	54	56	57.86	60	61	62	63.58	65	67.88	69	71.6	75.48	77.66	80	87.02	91.2	97.38	101	108.74	120.76	129.2	136.28	154	164.64	178.64	207	212	215.36	243.1	266	284.400000000001	300.64	330.26	352	372.86	395.4	403.96	416.16	421.34	429	443.4	450.64	455.06	460.48	464	469	470.78	477.96	484	486	488	492	495	500	502.22	505.4	508	512	512.94	514.12	517	519	522	524.84	526.02	529	534	535	537.74	538	541	543.28	547.46	554.64	568.64	822
AluYk3	10	52	75.28	116.92	141	151	161	170	177	186.76	193	199.04	206	211	216	222	226	231	235.52	247.16	258	264	269.08	274	278	280	281	283	285	286	288	289	290	291	292	292	293	293	294	294	295	295	295	296	296	296	297	297	297	298	298	298	299	299	299	300	300	300	301	301	301	302	302	302	302	303	303	304	304	304	305	305	305	306	306	306	307	307	307	308	308	308	308	309	309	309	310	310	310	311	311	311	312	313	314	315	317	319	322	329	359
MER66-int	10	24.4	48.6	63	76.2	89	96.6	105	119	123	133	140.8	146	156.4	165	175	179	185.8	194.4	200.6	210	222	228.8	235.2	246.2	256	267.8	272	283.2	295	307	317.4	326.8	346.6	361.2	374	396.6	410.2	425	443.8	463	486.4	498.6	516	530.8	555	572.8	602	604.6	630.6	644	657.6	678.8	703.2	730	756	773.4	788	800.6	817.6	852	867.4	916	943.2	948.8	1003	1013.2	1059.8	1083	1096.6	1117	1141.4	1154.2	1220	1255.6	1391	1443.6	1568	1626	1670.2	1767	1819	1883	1993.8	2153.4	2209	2239.8	2303	2421	2500.2	2565	2623.6	2793.8	3026.6	3197.6	3560	3830.2	4186	4823.2	5269.00000000001	7668
AluYh9	14	33.68	37.34	39	39	39.35	40.02	41.69	43	43.03	44	44.37	45.04	46	46	48	48	48	48	49.46	50	50.07	51	52	52	52	52	53	53	53	53	53	53	53	53	53	53	53.79	54	54.13	55	55	55	55	55	56	56	56	56	56.83	57	57.17	58	58	60	60	61	62	62	62	62	62.87	63	63	63.88	64	64.22	65	66.56	67	67	67.57	68.24	69	71.58	72	72.92	74.77	80.26	81	85.2	87	95.46	98.83	103.12	108.85	109	113	113.96	126	129.3	137.76	139.92	144.41	157.88	163.25	178.32	207.71	256.32	274.200000000001	302
MER74B	10	21.71	31.42	39	45	49	52.78	61	69.68	79	83.1	87	88.52	93.23	104	113.65	124.36	130.07	136	141.98	152.2	159.91	169	180.66	188	197	204.46	213.17	222.76	231	242.3	251.02	263.72	276.72	287.14	302.7	312.12	325	335.98	338	344.4	356	359.82	364.59	372.48	375.95	386.66	390.74	397	402.79	409.5	418	421.92	425.63	431	436	440	442.47	447	450	455	457	461	466	469	471.15	474	476	478.28	481.99	483	485.41	488.12	492	494.54	498	501	504	507.38	511	514	521	523.22	527	530	532.35	536.06	542	543	548	551	555	557.32	561	564	568	572	578	589.74	604.29	747
LTR5_Hs	44	73.95	77	106	130.4	155.25	213.2	271.55	501	655.65	700.5	772.2	824.8	890.45	898	904.5	922.4	928	931	939.35	942	947	950	951	953	954	956	956	957	958	958	959	959	959	959	959	960	960	960	961	961	961	961	962	962	963	963	964	964	964	965	965	965	966	966	966	966	966	966	967	967	967	967	967	967	967	967	967	967	967	967	967	967	967	967	967	967	968	968	968	968	968	968	968	968	968	969	969	970	971	972	972	972.8	973	974	974	976	979.1	984.7	1000	1933
Harlequin-int	24	24	29.6	48.15	57.6	60	76	77	80.6	96.55	107	136.4	139	139.25	189	189	202	231.5	302.2	391.45	422	454.35	515.3	558.3	599	636.75	672.4	734	816.8	848	881	921.4	937.2	977.5	1005.5	1067.75	1218.2	1309.45	1392.3	1439.2	1630	1711.75	1714	1744.8	1869.6	1891	2102.9	2180.25	2254	2377.1	2428	2535.5	2738.6	2881.6	3036.1	3262.5	3807.20000000001	4223.65	4289.3	4455.95	4596	4632.8	4663.1	4730.95	4776.6	4901	4904	4910.85	5068	5189.05	5294.5	5362.8	5417.8	5512.8	5608.7	5835.75	6190.4	6272.15	6322	6377.45	6401	6466.5	6472.8	6523.3	6616.2	6668.5	6708.3	6731.65	6799.2	6874.6	7137.5	7341.75	7436	7484.65	7555.7	7582.75	7667.4	7702.05	7750	7794.4	9077
LTR75	22	35.76	55.76	60.28	68.52	70.8	74	79.16	81.04	88.52	92.8	97.68	106.56	109.44	110.32	114.8	119	122.92	129.04	133.16	142	149	149.36	153.24	156	158	164	168.52	174.28	188	191.6	198.56	206.48	215	218.84	220.8	227	242.04	252.32	259.92	268.4	275.08	278	283.68	286	292.2	298.48	301.72	308.24	325.24	332	351.16	358.76	363.28	369.52	377	397.28	409.6	428.2	440.52	447.8	450	453.12	457.88	461	463	467.24	471.96	474	480	482.8	485.48	490	493.2	501.12	503	503	505	508	512.52	516	516.28	518.16	520	521	526	529	531.12	534	539.32	542.2	546.08	547	550.84	551	551	553	556.72	559.72	571.08	643
AluYa8	11	30.56	42.56	52.01	55	56.45	57.34	58	59	59.01	60	61	62	62	62.46	63	64	65	65	66	66.8	67	68	68	69	69.25	71.14	72	72	73	74.7	75	75.48	76.37	78	79	80	80	81	82	83.6	85	85.38	86	87	88	89	89	90.72	92	93	93.39	94	95	95.06	96	98	98	100.62	101.51	102	103.29	104	105	107.92	108.85	109	112	113.52	116.41	117.3	120	121.08	122	123.86	126	129	131	131	132.31	134	136	136	138.87	140	140.65	147.08	199.92	279.64	293.84	299	300	301	301.77	304	306	307	308	309	311.44	344
LTR10A	17	42.24	59	62.58	67.44	72.7	80.72	85.04	89.96	94.74	110.8	135.66	176	186.72	204.4	231.8	250.96	255.16	260.32	271.58	282.4	304.44	336.48	350.08	378.44	410.5	461.12	465	469.72	474.96	479.4	482	483	485.92	491.24	496.4	499.32	500.94	502.12	506.18	509.4	511.42	512	513	513.56	516	517	518.14	519	522	524	526.24	528.24	530.86	532	532.1	533	534	535.92	536.58	538	538.82	539.44	540.06	541	542	542	543	543.16	544	545	546	546	546	547	547	548.12	549	552.36	554.98	555.6	556.22	558	560.46	562.16	566.7	569	571.94	572.56	573	573	573.84	576.04	581.32	583.28	585.9	590.52	593.56	601.56	621.28	791
HERV9N-int	32	45.38	57.12	92.14	128.56	134.1	148.6	150.74	151	151.38	165	223.94	276.72	299.66	429.96	467.8	524.12	573.88	608.8	624.02	663.6	696.16	725	743.92	778.68	801	857.44	916.02	1041.88	1076.94	1098	1119.94	1134.04	1193.96	1217.8	1263.9	1303	1305.72	1325.28	1358.88	1420.6	1455.06	1502.88	1590.06	1620.72	1651.5	1679.36	1695.32	1734.92	1766.94	1799	2089.14	2225.64	2364.14	2583.96	2818.5	2925.16	3038.3	3183	3293.38	3338.8	3470.14	3533.28	3558.66	3609.04	3665.5	3701.36	3748	3768.52	3792.44	3874.8	4063.46	4145.96	4349.2	4416.6	4697.5	4772.92	4892.62	5059.6	5261.02	5302.2	5379.22	5455.72	5515.06	5525.68	5563.5	5670.12	5775.52	5871	5890.6	5896.2	5936.54	5992.72	6036.02	6488.08	6571.9	6613	6676.76	6762.4	6866.18	7085
HERVIP10F-int	27	37.24	50.76	70.12	85	92	101.36	109.64	137.12	155.4	180.6	198.86	291.6	310.34	339.84	367.1	378.72	397.4	407.36	437.8	478	559.46	609	619.3	624.92	643.5	685.56	757.82	828.96	887.42	930.2	957.16	975.64	983.98	996.68	1008.9	1074.56	1132.3	1191.76	1314.4	1336.4	1433.5	1470.44	1487.3	1523.6	1561.6	1621.96	1713.76	1744.88	1753.86	1775	1876.3	1964.08	1976.84	1993.6	2033	2070.8	2086.98	2313.28	2427.26	2443	2457.92	2531.72	2595.98	2652.08	2775.3	2837.36	2903.58	3049.24	3176.46	3204.8	3251.72	3405.24	3518.92	3534.48	3608.5	3640.2	3730.94	3837.16	3894.58	3925.6	4167.48	4521.96	4890.26	5082.84	5243.7	5512.52	5635.42	5798.48	5821.82	5853.4	5877.46	6944.8	7340.96	7930	8070.6	8419.96	8714.42	8725.92	8786.22	8863
MER131	21	33.15	39	42.15	47	50	53	54	55	56	58	60	62	63	65	66	68	69	71	72	74	75	76	76.15	77.2	80	80	82	83	84	85	86	87	88	89.7	91	92	94	94	96	97	98	99	100	101	102	103	104	105.4	107	107.5	109	110	111	112	113	115	116	117	118	119	120	121	122	123	124	125	126	126	126.45	128	129	130	131	132	133.75	135	137	139	141	143	143	145	147	149	151	153	154.35	157	159	163	166	168.6	173	176	178	182.8	193.85	198	206	231
HUERS-P1-int	16	35.79	38.86	58.37	77.16	94.25	112.48	117	126.44	137.37	148.3	156	166.16	178.18	191	196.85	225.64	237.43	248.48	255.67	260.8	269.59	277.46	301.39	304.64	321.75	329.9	362.1	386.12	406	420.5	442.66	458.76	477.9	501.62	523.95	553.44	576.41	596.48	630.16	647.4	667.26	714	720.95	748.84	779.55	799.56	825.97	870.76	898.14	935.5	949.15	969.72	997.45	1020.3	1036.15	1054.16	1084.08	1098.94	1151.62	1194.2	1216.11	1250.82	1309.13	1349.04	1379.1	1425.6	1540.55	1569.48	1593.02	1629.5	1686.7	1796.88	1856	1930.04	1978	2106.4	2171.15	2240.86	2294.88	2379.6	2471.47	2536.52	2734.28	2866.32	2977.75	3063.34	3123.19	3197	3332.77	3457.1	3568.01	3710.36	4011.38	4126.94	4234.45	4490.8	4869.59	5305.02	5744.72	7491
LTR7B	34	42.2	50.6	75.2	103	116	129.6	143.2	150	157.8	166	179.6	198.2	203.8	224.6	240	256.4	266.4	291.8	302	307	315.8	325	341.6	348.6	353	363	377.2	381	383.4	385	387	388.4	394.6	398.4	404	408.6	416.2	419.8	423.4	425	426	427	427	428	428	428	428	428	428	429	429	429	430	430	431	431	431	431	432	432	432	432.2	434	436.4	440	444.6	450	453	453	454	454	457	458	459	459	459	459	459.8	460	460	461	462	463	463	463	463	464	465	466.4	474	481.6	485	489.8	509	521	542.6	552.4	555.8	634.4	2403
L1M1	10	21.82	34	41	47	52	58	63	68	75	80	86	92	99	104	110	115	122	129	135	143	150	156	165	173	181	189	199.14	207.96	216	224.6	235	247	257	269.88	281	294	308	320.16	333	348	363	378	393.26	411	426	441	454	473	493	514	536	557	577	598	621.1	644	672	694	718.38	745.2	770	794.84	821	854.48	888	921	951	991.76	1028.58	1071.8	1114	1148	1184.86	1228.68	1274	1318	1366	1404.96	1463.78	1526	1590	1653	1716.12	1792.88	1860.7	1932.52	2005.34	2113	2199.94	2297	2410	2538.76	2706	2873	3038.9	3250.72	3479.54	3840.88	4625.36	6915
Charlie22a	10	33.11	41.22	50.33	55	57	60	62	64	66	68	70	71	73	74	75	76.76	78	79	80	83	84	86	88	89.64	91	93.86	96	99	101	102.3	105	108	109	112	115	117	118	120	121	123	125	127	128	130	131.95	133	136	137.28	139	140.5	142.61	144	148	149	152	154	155.27	158	161	164	165	168	169	172	174.15	179	181	184	188	190	192.81	199	204.03	209.14	217.5	224	230.47	236	242	247	253.91	261	266	271.48	284.7	297.92	306	321	329.79	342.9	350.02	358.12	374.23	386.34	402.45	410.56	428.34	443.78	457	490
MER65A	11	29.33	35.66	42	47.32	50	52.98	55	58	68.97	80.3	94	100	106.29	112.62	120	124	126	129	130	134.6	138.93	146	153	159	165.25	175	179.91	187	198	206	209.23	217	227	243.22	256.1	262	267.21	272.54	278	284	287	291	296	303	313	315.18	319.51	327.84	337.17	345	364.83	372	379	383	386.15	391.48	396.81	399	402	405	408.13	412	414	417	419	422	423	425	426	428	429	430	432	433	435	436.08	437.41	438	439	440.4	442	443	445	446	447	448.38	449	451	453	455	458	459	462	468	472	480	487.01	498	504.34	557
MER65-int	10	23.38	35	47.14	50.52	56	65.28	70.98	76.08	82.84	86.8	93	99	102	110.28	119.7	134.16	148	151.84	159.44	167.6	178.98	188.36	195.96	206	214	218.64	224.78	237	242	252.8	273.56	285	287.54	298	306.2	321	331	344.32	354.82	366.4	379.58	390	406	421.16	428	435.92	471.74	482.96	501.86	510	517.28	546.28	558.28	573.52	597	611.28	630.62	661.24	694.26	708.8	720	743.24	770.82	792	823.5	846	852.3	874.36	899.44	918.2	963.84	998.36	1024.96	1059.48	1086	1115.76	1146.86	1191	1221	1259.8	1286.34	1325.16	1353.94	1385.76	1434.3	1476.68	1517.26	1564.32	1586.82	1669	1864.6	1951.92	2079.12	2114.16	2309.1	2481	2621.88	3132.16	3463.28	6764
MER52A	19	54.9	71	89	107.6	131.8	156	170.22	203.2	231.02	275	345.58	376	428.28	474	516.7	531	571	594	642.48	715.2	749.38	770.48	813.76	843.44	919	957	993.36	1018.84	1077.34	1129.8	1154.36	1203.84	1244.74	1274.04	1297	1341.32	1364	1385.64	1406	1420.4	1432.98	1442.76	1452.54	1465.32	1472.1	1477.88	1486.66	1494.44	1500.22	1505	1509.78	1512	1517.34	1523	1529	1533.68	1536.46	1540.24	1544	1547	1550.58	1554	1557.14	1560.92	1567.4	1572	1574	1577	1580.64	1585	1588	1591.16	1595.94	1600.72	1606	1612	1617	1619.84	1625	1633	1638	1649.96	1654.74	1662	1672.9	1685.08	1692.86	1707.12	1723.84	1743.2	1759.92	1767	1788	1802.64	1823.1	1842.88	1866.98	1944.32	2033.2	2543
MER52C	34	63.8	77.8	82.6	91.2	103	120.8	126.6	149.8	161	179	204.6	207	241	251.2	271	298.4	311	313	335.6	380	394.2	410	426.2	488.8	520	551.4	591.6	657.4	679	748	817.6	849	860.4	875.2	885	904.4	925.4	941.8	963.6	973	981.2	989.4	993.4	998.8	1005	1012.8	1025.6	1031.4	1036.6	1044	1053.4	1057.8	1065.2	1070.6	1083	1088.8	1095.6	1098	1106.2	1109	1112.8	1116.8	1118.2	1122	1123	1133.4	1138.6	1142.6	1146	1148	1150.6	1159.6	1170.2	1174	1179	1180.8	1184.6	1191	1198	1207	1211.8	1217.8	1224.4	1227.6	1233	1235.4	1237.8	1244	1253	1259	1267.8	1271.8	1284.4	1290.4	1299	1317.4	1416.8	1489.4	1718.6	2230
MER83	12	44.65	56.26	57	58.52	61.65	63	71.82	74.08	77	83	85	87	90.69	94	100.85	111.16	119.21	130.34	151	165	167	184.72	189.99	211.6	229	245	257.53	272.64	297.93	318.9	331	335.48	343.29	347.26	355.65	367.04	369.81	377.76	383.14	387.2	393	397.46	401	402.72	404	405	406.11	408.24	411	412	415.63	416.76	418	418.02	422	423	424.41	425	426	427.8	428	428	429	429	430	431	431.71	434	434	435	436	436	437	437	438.75	439	441	441	442	442.4	443	444	445	445.92	447	448	448	449	450	451	453.83	457.96	462.09	468.44	481.35	493.48	500.61	514.92	530.96	621
MER113	10	23	34	43	49	55	58.98	62	67	70	74	77	80	83	86	89	91	94	96	98.27	100	103	105	108	110	113	116	118	120	122.57	124	127	129	132	135	137	139	140.21	143.54	146	149	151	154	156.19	159	162	165	167	170	173	175	178	181	184	188	191	194	197	200	203	206	209	213	217	222	226	231	236	242	247.77	252	259	265.76	270	277	283	290	297	304	309	318	326	334	341	350.72	359	367.38	375	381	388	394	405	413	421	433	445	455	464	472.34	493.34	542
LTR26B	10	13.04	19.72	32.02	34.44	37.7	41.36	50.38	53.16	55.06	58.4	62.74	63.24	67.68	74.56	77.2	79.88	83.34	85.12	86.46	89.4	93.14	94.96	100.1	109.12	121	133.72	140.18	142.04	143.86	147.6	151.08	152.88	154.1	159.68	165.5	172.2	178.9	182.84	188.26	195.6	201.88	204.84	208.86	213.84	223	248.56	262.92	266.2	282.24	295	306.18	329.44	334.04	337.08	339	356.2	390.32	402.6	427.06	429.2	435.44	448.88	459.84	468.6	472.4	476.88	491.26	498.72	504.46	507.4	508.56	512.48	514.64	517.32	519.5	521.68	523.36	525.52	526	526.2	527	527.88	528	528	528	528.24	529	529	530	532.4	537.76	541.8	549.62	550.96	557.2	564.48	571.9	575.88	587.94	610
LTR42	26	34.06	45.36	54.9	62	67.6	77.36	78	78	79.08	85	97.28	117.36	124.56	125	126.8	131.92	144.22	160.08	164.56	176.4	180.26	185.64	201.38	210.96	229.5	238.8	256.86	263.04	276.48	280	283.58	296.44	302.98	317	321.2	328.32	334.22	338.84	345.38	357	367.14	380.56	384.58	393.28	412.7	423.76	425	427	433.88	438	442.12	447.36	451.18	456	458.3	460.36	461.42	463	465	465	467	468	468.78	470	471.9	472.96	474	475	476	476	476.26	478	478	480	481	481	483	485	486	487.8	488	488	488	490	491	493	494.22	495	496.34	498.8	500.46	503	505.74	508.64	509.7	512	514.82	521.16	529.58	552
MER4D	11	21	32.52	38.89	43	49.15	55	62	67.04	72.67	81.3	86	92	98	101	109.45	115	118.71	124.68	131	135	142.23	148	156	164.12	171	174.38	183.01	190.64	195	201.9	212.53	225	231.79	239	243	250	261.31	268.94	278.57	287	293.83	305	308	315	321.35	327	330.61	335	337	339	344	345.76	349	352.02	355	359	364	375	389.34	404	425.72	435.18	447.69	459.24	479	499.16	541	552.84	570.94	588.1	609	637.36	651	666.62	680	699.88	714.53	749	775	798.4	815	819.66	826	834.92	849.1	859.18	868	873.44	879	882.7	887.33	890.96	895.59	901	905.85	910	913.11	921.74	945	1063
Tigger1a_Art	22	39.02	42	48	51.04	52.05	65.06	74.42	85	88.27	99.1	102	103.12	108	109.14	113.15	115	117.17	119	120	123	126	127	129.23	132	134	134.26	135.27	136	137.29	138	138.31	139	140	141	141	141.36	145	148.38	149	150.4	151.41	153	154.43	155	155	155.46	156	157.48	158	159	162	162	163	164	165	166	167.57	173.16	178.59	182.6	184	185.62	187.26	190.64	194.3	195.66	196.67	197.68	198	200	202	203	203.73	204	205	206	206	207	207.79	208	209	209	210	211	212	212.86	213	214	215	215	216.91	217	218.93	219.94	220	224.84	240.55	343.88	349.98	357
MER65B	25	31	33.68	39.04	41.68	44.4	49.08	54.32	58.44	63	64.2	69.24	72.16	76.96	77.88	79	81.44	84.64	85.56	88.4	92	92	93.48	97.16	100.08	102	104.76	105	105.76	106.68	112.6	114.52	116.44	117.36	119.28	120	122	126	126	127.88	130.8	138.72	139.64	141.68	143	144.8	152.32	153.24	155	157.48	164	173.36	175	178	182	182	186.6	190.88	193.72	198.8	211.8	224.12	233.04	240.72	242.76	259	262.72	264.28	268.56	269.48	271	279	283.48	293.92	310.16	316	332.76	342.56	355.12	366.76	372.2	385.72	399	407.32	417	421.4	431.08	467.44	479.92	485.76	495	504.72	512.28	515.8	524.44	528.4	531.64	537.24	542.6	554.08	569
AluYi6	30	32	34	34.59	35	35	37	38	38	39	39	39	40	40	41	41	42	43	43	44	44	45	46	46.19	47	48	49	50	50	51	52	53	54	55	56.02	59	59.08	61	62	64	69	80.3800000000001	91.3	99.37	103.88	111.85	123	131	132	139	157.5	213.03	224.56	226.99	258.86	272.35	285.36	292	294.74	296	296.8	298	299	300	301	301	302	303	303	303	304	304	304.16	305	305	305	306	306.81	307	307	308	308	308	309	309	309	310	310	310	311	311	311	311	312	312	313	313.88	314	319.94	329.47	335
L1P5	10	13.61	15	18.66	24	27.05	30.66	33	35.88	37	38	39	41	43	44	45	47	48	49	50	52	53	56	59	61	62	64	66	68	70.69	72	73	76	78	79	81	82	84.57	88.18	90.79	94.4	98	100.62	104	106.84	109	114.06	117	119.28	123	125.5	129.11	132.72	135.33	139	142.55	146.16	150.77	153.38	158	163.6	167	171.82	174.43	180	182	186	189	195.48	200.09	207	212.62	217	227.06	232	238.75	249.36	261.97	266.58	277	284.8	297	310.06	327.63	331	344	357	367.07	381	403	403	430.02	451.24	474.46	502	512	528.12	539	558.78	775.639999999999	1554
OldhAT1	11	28	32	34	35	37	38	40	41	42	43	45	45	46	47	48	49	50	50	51	52	53	53	54	55	56	56	57	58	58	59	60	61	62	62	63	64	64	65	66	67	68	69	70	70.52	71	72	73	74	75	76	77	78	78.2400000000002	80	81	82	83	84	85	86	87	88	89	90	91	92	93	94	95.5200000000004	97	98	100	101	103	105	106	108	110	112	114	116	119	122	124	127	132	136	140	146	152	160	169	181	193	212	226.68	247.76	290.52	341.84	1013
L1MC5	10	20	29	37	44	50	55	59	63	66	70	74	78	82	85	89	91.8000000000002	95	98	100.7	104	106	109	113	116	119	122	125	128	132	135	139	142	146	150	154	157	161	164	168	171	174	178	181	185	189	192	195	198	202	207	210	214	219	223	227	232	237	242.4	249	255	261	266	273	279	286	292	300	308	315	323	331	340	350.9	358	369	378	390	403	416	430	444	460	477	494	516.5	535	557	580	607	635	677.300000000001	720	761	815	881	961	1069	1226.8	1478	4118
ORSL-2b	13	27.16	35.16	41	50.32	55	59	63	67.64	71	72	75	78	78.04	83	87.2	89	92	94	96	97	98.68	102	103.84	105.92	107	108.08	110.16	113	117	119	120.48	124	126	127	127	130.88	133.96	137	138	141	144.28	147.36	149.44	151	153.6	158	160	166	170.84	172	174.08	178.32	184.48	190.32	196.4	201.48	205.56	211.28	214.72	222.8	230.88	236.96	243	253.12	260	267.28	272	276.32	282.52	290	301	311.76	319.84	327.84	335	340.08	345.16	355	361.96	371	378	383.56	387	394	404.8	408.88	410.92	417.04	421.12	427.2	437.28	441.36	448.88	452.52	461.6	465	470.52	477.84	490.92	532
L1M4a1	10	16	27.08	36.62	43	48.7	57.24	63	69	73	77	83	90	96	100	106	110	116	119	125	129.8	135	139	144.42	149	153	157	161	165	170	176	181.74	188	195	199	203	207.88	214	219	223	227.6	234	241	247.22	255	261	267.84	277	284	293.46	301	310.54	319.08	332	344	352.4	360	371	380	388.86	397	410	423	434	446	464	475	486.18	505	520	540.8	556	572	587	601.96	614.5	629	642	660	683.320000000001	706.2	732	753.56	767.82	788.36	819.9	853	882.94	919.04	950.06	993	1050	1084	1134.22	1232.36	1323.3	1410.68	1505.04	1674.76	1889.76	3501
AluYm1	10	40	52	98.96	131	154	194	257.62	274	278	280	282	284	285.58	287	288	289	290	291	291	292	292	293	293	294	294	295	295	295	296	296	296	296	297	297	297	298	298	298	298	299	299	299	300	300	300	301	301	301	301	302	302	302	302	303	303	303	303	304	304	304	305	305	305	305	306	306	306	307	307	307	307	308	308	308	308	309	309	309	309	310	310	310	310	310	311	311	311	312	312	312.400000000001	313	314	315	316	317	319	321	325	332	377
Tigger1	10	26	35	42.74	48	55	60	68.0600000000001	76.64	86	95	100.38	107.96	114	117	122	128	136	142	150	157	164	172	177	183	190	196	201	207	213	220	229	240	255.14	270	283.3	298	311	323	332	344	356	373	391	409	426	444	457	472	486	502	518	536	559	578.320000000001	597	615	634	655	680	706	734	760.96	790	817.12	837	855.280000000001	882	913	938	961	991	1038	1078	1121.92	1156	1195.16	1237	1282	1336	1396	1435	1474.56	1536	1584	1664.3	1749.88	1831.46	1908.04	2000.24	2072.2	2157.78	2225	2291	2325.52	2346	2363	2380	2395	2423	2665
Tigger16a	12	36.76	43.52	49	54	58	61	63	66	68.92	71	73	75	77	78	80	82	83	85	88	89	90	93	94	95	97	99	100	102	104	106	108	110	112	113.92	115	117	119	121	122.32	124	125	127	128	130	132	133	135	137	140	141	143	145	146.64	148	150	152	153	155	157	159	161	163	166	167	169.2	172	175.96	178	182	185	188	192	195.24	202.24	208	211	218	223	228.52	234	240	246	259.04	268	279.8	290	299.56	313	324	339.2	354.08	362.96	380	393.16	415.6	441.44	472.72	513.2	590.839999999999	766
Arthur1A	13	34.77	41.18	50.77	57.36	62.95	67	69	72	76	77	79.49	81.08	83	85	87	89	91	93.62	95.21	98	99	100	101	103.16	106	108.34	110	113	114	115	118	120	123	125.06	127.65	130	131	133	135	136.6	139	140	141.37	142	143	144	145	146	147	148	149	150	150	151	152	153	153	154	155	156	157	158	158	159	160	160	161	162	162	163	163	164	164	165	166	167	168	168	169	169	170	171	171.97	172	173	173	174	174	175	176	177	179	180	181	181.05	184	185.23	187	192.41	216
L1ME3G	10	21	31	39	46	51	56	60	64	67	71	74	77	80	83	87	89	92	95	98	100	103	106	109	113	116	119	122	125	128	131	134	137	140	143	146	150	153	156	159	162	166	169	172	176	179	182	185	189	192	196	200	204	208	213	217	221	225	230	235	241	246	252	258	263	269	275	280.09	287	293	299	306	312	321	327	335	343	350	359	368	378	389	399	411	425	437	450	464	479.759999999998	494.029999999999	516	534	558	581	610	645.650000000001	686.919999999998	752.189999999999	851.459999999999	1084.73	4055
L1MEb	10	24	38.42	45.13	51	57	64	67	73	76.39	80	82	87.52	91	94	99	103	105	108	109	114	118	123	128	132.04	136.75	140	142.17	146.88	150	154.3	159	162	166	169.14	174	178.56	184.27	190.98	195	200	205.11	211	216.53	224	229.95	235	239	248	254.79	260	268	276.92	289	296	304.05	311.76	318	324	331.89	339	348	364	374	386.44	391.15	399.86	409	418	426	431	441	453.24	463.83	471.54	487	499	513	527.76	541	561.400000000001	580.02	601	625	640.64	663.7	688	711.77	733.48	765	783.8	812.61	842.32	869.03	909.22	939	984.16	1037.35	1136.14	1292.44	2606
Tigger15a	10	37	44.54	50	56	60	63	66	69	72	73.7	76	78	80	82	84	86	89	91	93	95	97	99	101	104	105	107	109	112	114	116	119	120	123	125	127	129	131	133	136	138	140	142	144	146	148	151	153	155	157	160	163	165	168	170	173	175	179	181	183	186	188	191.74	194	197	200	203	206	209.36	213	216	219	223	227	231	236	241	247	252	258	264	270	278	284.41	291	298	306	316	323	332.03	342.3	356	368	386	404	427.650000000001	452	488.19	536.92	589.73	724
X26_DNA	11	41	49.12	53	55	58	63	65	68	73	75	78.16	81	83.28	86.84	88.4	90	92	94.08	98	99.2	101	103.32	105.88	108	112	114	116	119	123	125.8	127	129	132	134	137	139	141	144	145	147	149	152.52	156	158	159	160	163	166	170	172	174	178	179.68	182	185	188.36	191	192.48	197	200	203	206	209.28	214.84	220	223	228.56	233.08	236	239.2	246	251	254.88	261.32	266	269.56	278.12	286.68	294.24	302.8	314	319	323.48	334.08	344.2	355.16	366	374.28	389	406.4	420.92	433	448.08	458.92	469.8	501.32	533.32	548.88	570.88	784
Charlie15b	14	33	40.74	46	48.48	52	54	55	57	59	60	62	65	66	68.18	71	72.92	74	76	78	79	81	83	84	86	88	89	91	93	95	97	99.97	101	104	106	107	110	112	114	116	118.8	122	125	128	132	134.15	137	140	146	149	152	155.37	158.24	161	165	168	172	175	178	183	187	190.07	193	198	203.68	208	210	215.29	220.16	226.03	230	234	238	243	248.38	253	258.12	267	273	280	288.6	296	300	306.21	313.08	319.95	325.82	335.69	348	358	367.3	382	400.04	416	439.78	460.65	496.52	576.78	681.86	753.169999999999	1011
Tigger2	10	28.28	39	47	55	61	66	68	74	80	86	94	97	105	116	126	137.48	146	151	156	160.6	170	176	182	189.72	197	204	209	214.84	220	225	228.68	233	238	244	250	258	267.36	279	289.92	299.4	313	326.76	334.04	347	356.6	363	371	378	385.72	393	401	407	412	416	420	422	425	428	431	432.8	435	437	439	443	445	448	453	459.04	468	482	495.88	529.32	595	651.44	692	732.840000000001	763.12	789	827.36	863	934.040000000001	1001.84	1060.24	1103.52	1164.6	1227.08	1332.72	1407.12	1485.92	1576.6	1652.44	1798	1974.12	2151.32	2327.6	2481.2	2592.48	2650.44	2689.88	2937
MER44A	11	28	42.66	51	58	67.65	72	76.31	79	82.97	86	89.63	95.96	100	103	107	112	117	123	129	133	139	145	151	159	166.25	173	179.91	185	192.57	199	207	211	215	222	225	229.88	234	239	244	249.2	254.53	259.86	266.19	274	280	284	288	291	293	296	298	299	301	303	304	305	306	307	308	309	310	311	312	313	314	315	316	317	318	319	320	321	322	323	324	324	325	325	326	327	328	328.06	330	330	332	333	333.71	335	336	337	339	340	341	344	345.35	349	353	360	366	418
MER119	10	35	43	49	55	59	63.12	67	69.16	72.18	76	79	83	85	87	89	91.32	94	97	100	103	105	107.44	109.46	113	114.5	116	118.54	120	121.58	123.6	125	126.64	129	131	134	137.72	141	145	149	153	156	160	162	166.88	171	177	184	190.96	195.98	200	207.04	215.04	223	229.08	233.2	242.12	250	256	263.18	277.2	287.22	297	304	309	317	321.32	329	336	343.38	357	368.42	379.44	388.92	395	410	428.52	435.54	445	456	462	473	489.92	497	503	508	513.72	520	526	532	536.8	540	545.84	549	554	558	562.92	565	572.88	581	675
X7A_LINE	13	30	36	40.57	43	46	49	51.33	54	57.71	60	61.09	63	65	66.66	67	69	70	71.42	73	75	75	76	77.37	78	80	81	83	85	86	88	89	90.08	93	94	96.65	97.84	99	100	101.41	103.6	105.79	107	109	110	112	113	115	117.12	119	120	122	124	126	128	129.45	131.64	133	134.02	137.21	139	141	144	147	148	150	151	153	156	159	160.3	162.49	164	166	168	170	172	174	176	178	181	184	186	188.77	190	192	195	197	201	202	208	210.29	215	218	222.86	230.05	236	241.72	257.62	268.67	429
L2d2	10	29	36	40	43	45	47	49	51	53	55	56	58	59	61	63	64	66	67	69	71	72	74	76	77	79	80	82	84	85	87	88	90	91	92	94	95	96	98	99	100	102	103	104	106	107	108	110	111	113	114	115	117	119	120	122	124	126	127	129	131	133	135	137	140	142	145	147	150	153	156	159	162	166	171	175	180	185	189.940000000002	195	201	206	213	219	226	233	240	248.510000000002	258	267	276	287	299	314	331	351	376	409	451.540000000001	553.269999999997	2411
MER1B	10	35.65	42	53	65	73	82.9	103	119	128	140	154	167	185	195.1	203	215	224	235	246	255	262	268	274	279	283	288	291	294	297	300	303	305	307	308	310	311	313	314	316	317	319	320	321	322	323	324	325	325	326	327	327	328	329	329	330	330	331	331	332	332	333	333	334	335	335	335	336	336	337	337	338	338	339	339	340	340	340	341	342	342	343	343	344	344	345	346	347	348	349	350	351	352.8	354	356	359	362	367	376	387	522
Charlie1	10	19	28	38	44	49	51	56	59	63	67	70	74	77	79.06	82.35	86	89	93	98.51	104	107	112	115.67	119	123	125	128.83	131.12	134	137	140	145	148	150	153	156	161.73	164.02	168.31	173	177	181	183	186	190	194	199	203	206	208	210	211	213.37	215	218	220.24	223	226	229	234	238	244	252	264.56	278.85	292	307	322	331.01	340	349	359	373	385	397.75	410.04	419	440	455	471.4	492	512	530.07	549.08	579.65	620.94	657	705.56	746.43	799	854.39	916.04	978.85	1032.26	1090.75	1136.68	1218.52	1341.78	1758.36	2892
LTR16E1	11	38	46.28	54	60	63	69	72	74.12	77.76	80	84	87.68	91	94.96	98	103	107.88	111	114	118	121	125	128	132.36	136	139	143	146.92	151	155	160	164	169	174	178	181	186.68	193	197	201	207	211	216	221.16	226	230	235	242	247	254	258	262	267	271	274.2	277.84	283	286	293	296	300	304	308	313.96	319	324	329	335	341	347	353	360	367	372.36	379	388	396.28	404	414	421	427	436.48	445.12	451	455.4	460	463	469	471.96	476	480	485	489	495	500	503.44	509	514.72	523	569
ERV3-16A3_I-int	10	48	65	82	91	100	110	118	129	137	145.2	151	159	166	170.28	178	186	194	205	215	227	238	246.44	258.96	270.48	280	289	302	317	330	337	351	363	373	386	399	412	425	444	455.28	468	482.32	496	511.36	527	541	553	569	584	601.48	614	628	643.04	659.12	679.08	699.6	717.12	735.64	759	776	793	817	835	857	879.28	904	929.32	955.84	983	1005	1024	1047.92	1075	1105	1129	1167	1204	1237.04	1274	1314.16	1361	1404.48	1439	1484.32	1533.04	1584.4	1640	1699.24	1763.28	1820	1882	1991.64	2086.52	2210.36	2322.4	2455.4	2655.52	2842.4	3132.8	3629.96	5357
ERV3-16A3_LTR	12	42.97	48	51	53	56.85	59	64	68.52	71.73	80.4	83.67	87.64	92	97	101	104	109	112.46	115.43	119	121.74	131	136	141.28	148	151.44	159	163.48	170	174	176.07	181.04	188.01	190.98	197	207	212	215.86	224.83	232	237.77	241.74	250.13	260.68	264	269	274.59	277.56	281	285.5	290	300	302.82	310.38	313	318.32	322.29	327	330.23	335	339	344	347	351	353	355	358.99	362	364.93	368	370	373	375	377	379	381	382	386	388	391.2	393	395	396.51	399.48	401.45	405	407	409	412.33	415	420.27	428	434.42	440.18	449	456	464.18	472	479.03	754
MLT2D	10	31	36	39	43	46	48	49	53	56	61	66	72	78	86	91	99	106	111	117	124	131	139	150.18	163	171.5	181.16	191.82	202	211.14	226	239.46	246	254	262	271	277	282	289	295	302	308	313	318	324	329	333	337	341	343	346	349	351	353	356	358	361	363	366	368	371	374	377	381	384	388	390.56	393	395	398	401	404	405	408	410	412	413	415	417	419	420.8	423	424.12	427	429.44	432	434	438	442	445	448.4	453	455.72	460	465	469	475	482.02	498.68	516	1035
L1MB2	10	20	26	33	38	43	45	48	50	53	56	58	62	65	70	74	77	81	85	90	93	98	102	106	111	117	120	126	130	135.47	142	147	152.76	158	164	169	175	181	188	196	203	211	219.06	226	233	241	249	258	265	274	283	290	298	306	315	321	329	336	345	353	360	367	374.66	383	393	403	415.38	427	439	449	459	468	477	488	500	516.25	530.68	549	567.54	587.97	605	627	648.26	667.690000000001	683	704	724	746	781.84	812.540000000001	852.7	886	953	1007.99	1087.26	1219	1379.56	1541.25999999999	1819.84	2280.14	5605
Charlie2b	10	21	30	36	42	46	51	54	57	61	64	67	72	74.37	78	81	84	88	90	93	95	98	102	104	106	108	111	113	115	117	119	122	125	128	130	134	137	140	143	146	149	152	156.58	160	164	168.05	172	176	180	185	190	196	201	206.97	212	217	223.44	228	232	237	241	247	251	256	262	267	274	281	287.32	295	304	312	318	326	335	343	352.24	366	376.22	392	405	415	426	437	453	469.65	490	507.63	529.12	552.61	573.1	592.59	617.08	648	686.120000000001	732.55	779.08	843.53	911.02	960.51	2090
MER81	12	36.67	41	46	49	53	56	58	60	61	63	65	67	68	70	71	73	74	75	76	78	79	80	81	82	83	84	85	86	87	88	89	89	90	91	92	93	93	94	94	95	96	96	97	98	98	99	100	101	101	102	102	103	103	104	104	104	105	105	106	106	106	107	107	107	108	108	108	108	109	109	109	109	109	110	110	110	110	110	110.93	111	111	111	111	111	112	112	112	112	112	112	113	113	113	113	114	115	117	119	124	154
MER89	11	35.73	46	52	54	57	64	75	80.84	87.57	95	100.03	103.76	115.49	120.22	126.95	133.36	142	146	154	159	170	178	187	193	199	206	213	215	221.17	227	235.52	245.08	252.09	262	267.55	275.28	281.01	288	299	305	310.93	320.66	329	338	345.85	352	361.62	368.04	380	385	390.23	397	402.69	408.42	414	418	424	428	430	432.8	434.53	438.26	443	445	447	450	452	454	458	461	463	467	468.29	474	477.75	485	487.42	497.94	503	508.4	512.13	517.86	522	525	526	528	532	536	538	540.7	543	545	546	549	551	555	558	564.08	580.27	646
MER91B	10	26.41	31	34	36	39.05	40.46	42	44	45	46	47	48.92	50	51	52	53	54	55	55	56	57	57	58	59	60	60	61	62	62	63	64	64	65	66	67	68	69	70	71.99	73	75	77	80	80	82	84	86	88	90	91.5	93	94	96	98	100.55	103	106	108	111	113	115	118	120	122	124	126	128	130	132	134	136	137	139.93	142	144	146	148	151	154	155	157	158	160.03	162	165	169	170	173	175.49	177.9	180	181	183	185	189	192	202	225.18	238	259
MER31A	10	20	31.2	37.8	44	48	50	53.2	56	59	66	70.6	76.2	85	90	93	100.6	103.2	109.8	116	125	132.6	148	156	172.4	179	186	200	207.4	218	227	236	246.2	253.4	265.4	273	282	290.8	308	314.4	323	333	347	350.8	355.4	362	368.2	376	382.8	391.4	396	399.6	405.2	412	416.4	421	424.6	430	431.8	435	437	439	441	443	445	447	448	450	451	453	456	457.6	459	460.8	462	463	465	465	467	469	472	473	474	475	476	478	478.6	480	481	482	483	484.6	486	487	489	491	495.6	503.2	513.8	542.400000000001	853
MLT1A0	10	33	43	49	57	63.0500000000001	69	76	84	94	106	116.11	126	134	139	144	150	154	157	162	171	181	192	200	207	212	217	223	230	239	250	260	269	279	286	292	298	304	308	312	315	318	321	324	326	328	330	332	333	335	337	338	339	340	341	342	343	344	345	346	347	348	349	349	350	351	351	352	353	353	354	355	355	356	356	357	357	358	358	359	360	360	361	361	362	362	363	363	364	365	365.900000000001	366	367	369	370	372	375	379	389	410	1167
MSTB	10	32	38	40	45	49.9	54	57	60	65	70	76	94	110	121	141	152	162	174	181	186	191	195	201	211.92	221	227.08	234	241.24	249	261.4	282.98	301	320	333	344	350	358	364	368	372	374	377	380	382	385	387	388	390	392	393	394	395	396	397	398	399	400	401	401	402	403	404	404	405	406	406	407	408	408	409	410	410	411	411	412	413	413	414	414	415	416	416	417	417	418	418	419	419	420	421	422	423	424	426	427	430	433	438	454	772
LTR18B	12	66.65	118.68	126.43	144.72	170.1	175.56	204.4	218.4	236.95	245	253.86	285.64	310	326.88	346.85	356.44	369.4	394.68	423.47	433.4	442.91	448.62	456.33	463.04	471.75	474.46	476.17	487.64	493.95	503.6	508	511	513.43	515.28	517.85	520.12	522	523	526.69	528.4	531	532.82	533.53	536	536	537	538.37	540	540.79	541.5	546	547	548.63	549	550.05	552.76	554.47	555.18	558.78	561.2	563.31	564.02	566.46	567.88	570	570.86	572.57	576.28	577.99	579.7	580	582.24	585	586	590	591.96	592.67	596	598.18	600.8	601	602.22	604.93	605.64	607	608	609.54	611	611	612	615.61	618	620	622.74	628	631.12	643.96	655.58	661.29	730
Charlie8	10	29	39.54	47.31	54	58	61	64	66	69	70	72.47	74.24	76	78	81	84	86	88	91	94	96	99	102	105	107.25	110	113	115	118	120.1	124	126	129	132	136	138.72	141	144	147	150	153.57	156	159	161	164	168	171	174	179	183	186	190.04	194	198	201	204	207	210.66	214	217.2	222	225	228	231	235	238.82	242	246	250	254	257	260	264	268	273	277	281	286	291	296	301	305	309	314	319	324	329	336	342	349	357	371	386	403	426.150000000001	445.92	474	508.46	740.069999999996	2221
MER46C	12	29	40	47	51	54	58	61	63	66	68	72	76	78	81	84.65	88	92	95	98	101	103	107	110	113	117	119	123	127	133	138	141.41	145	151	155	158	162	167.07	172.18	177	181	186	190	193.73	197	201	205	208	212	216.39	220	224	228	231	234	238	241	245	248	252	253.6	257	260	264	267	272	275	278	280	283	285	288	290	292.03	295	297	298.36	300	302	303	305	307	309	311	313	315	316	317	319	320	322	324	326	328	330	333	336	339.67	343	353.89	389
LTR81B	10	35	46.06	51	60.12	66	70.18	74	78	81	83	85	87	89	90.42	95	97.48	100	102	104	105.6	108	110	113.19	116	121.25	123	127.31	131.84	134	136	137	141	144.49	148.02	151	154.08	158	165	167	170.2	173	176	178	181	183	186	187	189	193	195	198	201	205	211	213.15	218	222	229	231.27	234.8	239	242.86	245.39	250	255.45	260	263.51	267.08	273	277	281	285	288	292	296.75	300	301.81	308.34	313.87	318.4	326.93	332.46	337.99	345.52	353.05	358	366.11	375.28	385	390.7	398.69	415	432.58	462.64	490.05	528.88	583	654.94	814.94	1247
LTR40a	11	28.75	46.5	55.25	62	72	80	87	92	97	102.5	108	114	120.75	127	133	141	146	152	158	168	172.75	179.5	187	193	199	205	211	221	228	233	240	247	253	260.5	271	278	286.75	295	306	313	322	328	338	347	354.75	363	372.25	385	390	398	406.25	411	419	424	428.25	437	441	445	450	452	456	459	462	465	468	470	473	476	478	480	482	484	486	488	489	490	492	494	496	498	499	500	502	503	505	506	507.25	509	511	512	514	516	518	520	525	531	538	546	558.5	686
LTR81	12	26.4	44.8	47.6	51.8	55	56.2	59	61	61	63	64	64	65.6	67	69	71	72	76	78	80	82	83	84	87	91	93	93.4	95	96	97	100.2	102.4	104	106	109	110.2	112.8	117.6	119.8	120	123.2	126.4	130.6	132	136	138.2	141	143	146	149	155.2	161.4	163.6	166.6	170	176.2	179.4	182.4	186.8	192	194.4	199.4	201.6	207.8	214	217.4	220	223.6	227	235	236	246.2	256.8	260.8	265	266.8	281.4	290.4	295.8	301	305.8	324.4	338.4	345.2	347	350.6	362.8	369.6	383.2	402	417.2	431.4	447.6	471.2	523	596.399999999999	711.599999999999	762.8	843	1013
MER58B	10	29	38	44	49	52	56	60.28	64	67	70	73	75	77	80	82	84	86	88	90	92	94	96	99	101	104	107	110	113	115	117	120	122.28	126	129	131	135	139	143	146.56	149	152	156	159	162	166.8	171	175	179.92	185	192	196.04	204	211	216	222	228	233	240	245	250	254	258	263	268	273	279	282	285	289	293	295	298	300	303	305	307	309	310	311.16	313	315	316	318	319	321	322	323	324	326	327	329	330	331	333	335	336	338	342	352	436
MER74A	10	17	36.12	46.68	54	58	70	74	80	83	86.6	90.16	98.72	108.28	115	122.4	132	136.52	144	151.28	162	167	181	190.88	199	212	221.56	236	244	254.24	266	278.36	292	310	319.04	329.2	334.16	342	355.84	366	372	376.96	384.52	390	396	405	411	419.32	426.88	432	435	439.56	444	450	455.24	462	466	469	475	479	481	486	490	494	497	500	503	506	509	511	514	517	519	520	521	524	525.56	527	528	530.24	532	534	534.92	536	538	539	541	543	544	545	548	550	552	554	555	557	559.76	562.32	568	576	647
MER63A	12	36	48	64	77	87	94	100	106	111	116	121	125	130	133.4	137	139	142	145	147	148	149	151	153	155	156	157	159	160	161	163	164	165.2	167	168	170	171	172	173	174.9	176	177	178	179.3	181	182	183	184	185	185	186	187	188	188	189	190	190	191	192	192	193	193	194	194	195	195	196	196	197	198	198	198	199	199	200	200	200	201	201	202	202	203	204	204	205	205	206	206	207	208	208	209	210	211	212	213	215	217	219	224.9	250
LTR52	10	20	33.62	47	53.48	64.05	71	73	77	80.58	87.2	94.91	97	101	107	113	118.92	130.77	134	140.39	145.8	153	156	160.26	164.44	169	174	181.87	188.36	194	201	205.11	207.92	214	219.08	223	229	233	238.78	252	260	275	281.02	285.83	292.28	298	303	309.07	317.88	320.69	331.5	335.31	343	345.93	349	350.55	352.36	354	358	360	362	366	367	370	371.84	373	375	377	379	380	382	383.51	385	386	388	389.75	391.56	393	394	395	396	397	398.42	400	402	403	404	405	406.28	408.09	410.9	412.71	414	416	418	420	422.76	427	433.38	449.19	504
Kanga1	10	28	32.44	44	49	54	60	61.77	63.88	68	71	73	74	75	76.54	78.65	79.76	81	83	84.09	86.2	88	91	92	96	97	99	101	103.08	105.19	107	110	112	112	115	117	119.96	124	125	128.29	133	137.51	139.62	144	145	147	151	155	160	164	168	171.61	173	177.83	180.94	183.05	186.16	189.27	192.38	200	202	205	211	220	226	231	236.52	241	248	252	258.7	262.81	270	276.03	283	290.25	294.72	303.41	313	318	328.8	342.82	351.02	362	375.48	384.35	402.46	412.14	419	425	433	448	459.12	475.92	505.68	559.6	603.599999999999	654.68	754.179999999999	844.58	1513
MLT-int	10	32.52	36	44.04	47.36	49.2	50.04	52	56.44	58.56	62	63.48	65.08	68	72.52	73	75.44	80.28	83	85	87	89.64	93	95	98	104	105.84	107	113.56	116.72	119.2	121.04	125.88	129.72	135	140	145.48	152.08	156.84	159	163.2	172.44	174	185	188.92	195.6	197	197	199.32	201.16	204	214.84	221.36	233.52	242	248	256.12	268.92	284.16	287.56	290	299.24	305.48	315	327.12	335.2	342	350.56	363	374.72	407.2	411.64	423.48	434.8	457.64	476	516.92	526.72	545.72	568.72	583.2	599.28	609	652.36	669.68	718.4	746.16	766.64	797.4	843	909.2	955	955	984.64	1053.16	1159.8	1184.96	1248.64	1419.16	1610.2	1797
Charlie16	10	29	40.26	46	50	53	56	58	60.04	65	68	71	73	75	78.82	80	82	85.71	88	89	91	92	94.86	97	98	102	104	106	107	109	110.9	112.53	114	116	118	119	121	122	124	126	129	132	134.46	137	139	142	144.98	146	150	152	153	156.13	159	162	164	167.65	170	173	176	178	180	183	187	188	192	195	197	200	202	205	208	212	215	218.99	222	227.25	233	242	248.14	258.77	268.4	282.06	291	304.58	325.599999999999	342.55	361.18	384.62	419.44	439.35	467.7	506.66	548.76	593.950000000001	630.32	692.85	788.88	910	1049.42	1262.14	1991
MLT2C1	10	31.31	38	41	44	47	49	52	57	61	65	69	74	79	85	89.65	96	100.27	106	112.89	118	122	127	133	139	144	149	154	160.68	168	174.3	183	190	199	203	211.85	222	229.47	235.78	244	254	263	269	276.33	282	289	292	299.57	305	308.19	312	315	318	322	325	327	330	333	335	337	339	340	342	344	346	348	351.46	355	357	360	362	366	368	370.63	374	376.25	378	381	382.18	384	387	390	392	394.73	397	398	400	401.97	404	406	407	410	413	417	424	430	439.76	448.07	460.38	480.69	557
Tigger3c	10	25	33.52	40.78	44.04	49	52	53	55.08	57	59	62	65.12	71	72	74	75	77	79	81	83	88	91	94	97	99	101	103	106	108	111	114	117.32	120	122	126	128	131.62	136	139	142	144	147	150	153.44	158.7	163	168.22	173	180	186	193	197	203	207	213	217.56	222.82	227	231	235	239	242	245	248	252	255	259	262	265	269	273	279	284.98	292	299.5	306	315	329	340	350.8	363	371	375.58	383	396	414.44	432.62	472	515.28	543.4	558	567	574	579.44	584	590	596	601	613.74	724
MER91A	13	39	42	45	48	51	52.56	54	57	59	61	63	65	67	68	70	72	74	76	77	79	80	82	85	86	87	89	91	92	94	95	96	97	99	100	101	103	105	107	108	110	112	114	116	118	120	121	123	124	126	127	129	130	131	133	134	136	137	138	139	141	142	143	144	145	146	147	149	150	151	153	153	155	156	157	159	160	161	162	163	164	165	166	168	169	171	172	173	174	176	177	178.66	180	183	184	187	188	190.22	193	198	231
MLT2B1	10	31	36	39	42	45	47	49	52	55	57	61	64	68.59	75	79	87	99	112	121	133.6	146	154	169.89	185	199	212	225	242	253	270	283	296	307	320	335	347	359	366	375	381	387	392	398	403	408	412	416	419	423	426	429	433	435	438	440.65	443	445	448	450	453	455	457	458	460	463	465	467.81	470	472	475	477	479	481	484	487	489	491.11	494	496	498	500	502	505	508	510	512	515	518	522	526	530	534	540	546	553	561	572	585.14	602	3114
MER47B	10	23.51	35.34	44.51	54.36	58.85	69	75	79.72	82	86.7	93.87	101	112	123	139	159.48	176.78	187.12	200	215.4	227.28	245	253.91	266	276	284	296.59	301.76	307.93	315	318	319.44	325	325	328.95	330.12	334	337	338	341	343	345	348.31	350	352	355.82	358	359	362	364	364.67	366.84	369	371	372.35	374.52	377	379	382.03	383.2	386	387	388	389	390	391	392	394	394.73	396	397	399	401	401	402	403.92	405	406	407	408	408	409	409.11	412	412	413	413	414	415	415.3	417	417.64	419	420	422	423	425.49	429	440.32	474
L1MB7	10	18	26	34	40	45	50	54	58	62	66	70	74	78	84	89	94	100	105	110	115	119	123	128	133	138	143	149	154	159	165	171	177	183	189	196	203	210	218	225	232	239	246	254	261	269	277	285	293	300	308	316	325	334	342	350	359	367	378	388	399	411	423	435	445.76	456.6	469	481	493	508	522	535	549	561	575	590	604	622	640	658	679	700.040000000001	721	744	769	796	823	852	883	920	967	1019.44	1077	1153	1227	1320.8	1453.64	1633.96	1880	2309.32	6216
AmnSINE2	16	29	32	34	37	38	40	41	43	44	45	47	48	50	51	52	54	54	56	56	57	58	59	60	60.84	61.5	62	63	63.48	65	66	67	67	68	69	70	70.76	72	73	74	75.4	76.06	78	79	80	81	83	84	85	86	88	89	90	91	92	93.3	95	97	97.28	99.94	102	103	104	105.58	106.24	107	108	109	110	113	114.2	115.86	118	120	122.84	125	129	131	134	138.14	140	141.46	145	148	151.44	154	158.76	161	165	168	174	180	185	191.38	195.04	199.7	210.36	228	240.68	265.560000000001	342
MamRTE1	10	28	34	37	39	41	43	45	46	48	50	51	52	54	55	56	58	59	60	62	63	65	66	67	68	70	71	72	74	75	76	77	79	80	81	83	85	86	88	89	91	92	93	95	97	99	100	102	104	106	108	109	111	114	116	118	121	123	125	128	130	132	135	137	141	144	147	151	154	157	160	164	168	172	176	181	186	191	196	202	208	213	219	225	231	239	247	255	265	276	287	300	316	332	353	373.1	404.279999999999	441.459999999999	498	601.459999999999	1446
THE1A	18	39.18	49	59	62	68	82.16	94.52	120.44	127	132	152.98	169.8	194	207	218.4	234	238	251.72	277.42	294	301	312.96	322	328	332.5	335	337	339.04	340	341	343	345	346	346	347	347	348	348	349	349	349	350	350	350	350	351	351	351	351	351	351	352	352	352	352	352	352	352	352	352	352	353	353	353	353	353	353	353	353	353	353	353	354	354	354	354	354	354	354	354	354	354	355	355	355	355	356	356	357	358	359	360	361	362	364	368	372	374	380	750
MER45B	11	19.26	33.26	40	45.52	48.65	52	54	56	61	63	64	67	69	73	75.95	79.08	83.21	89.34	94	97	99	104	108	113.12	118	122.38	130	136	142.77	146	152	155	160.29	166.42	174	183.68	191	196	201.07	207	214.33	222	229	232.44	238.85	243	249	256	269	275	285	291.76	297	301	306	310	317	321	326.67	336.8	348.93	361.12	373	382.32	392	400.16	414.84	432	440	451	473.23	491.36	505.49	518.24	532.75	556	582	598.14	623.27	636.800000000001	663.18	696.66	725	763.76	793.15	820.36	843.86	874.76	896.57	919.7	937.83	956.88	969.09	976.22	984.7	995.48	1005	1013.74	1035.87	1132
LTR81C	12	34.78	48.52	55.78	63.04	68	71	74.82	77	81.34	85	87.86	90.24	93	94.64	97	99	102.84	107	109	111	113	115	117	120.24	125	126	129	132	135	139	142	143.32	146	147	150	152.36	154	156.88	159.14	162	164	167	169	171.44	175	177.96	181	182	182.74	185	186.26	189.04	193.78	196.04	200	204.56	208	212.08	218	222.6	225	228	232	238.64	243	248.16	251	254.68	260	264	266	274.72	280	286.72	294.5	300.76	308.02	316.4	328	335.8	341	348.32	355	365.52	370.1	382.36	404.86	416.88	431.56	451.2	473.96	514.92	557.36	574.2	600.9	678.84	730.180000000001	777	918.18	1188
MLT1J	10	37	46	53	59	62	66	70	73	76	79	83	86	90	94	98	102	106	110	114	118	122	126	130	134	137	141	145	149	153	156	160	164	167	171	174	177	181	185	188	192	196.68	200	204	208.12	214	219	224	228	233	238	243	248	252	258	263	269	273	279	285	291	297	304	310	317.719999999999	324	331	337	344	349	354	359	364	369	376	381	387	392	398	403	408	413	418	423	427	432	437	442	447	452	456	461	466	470	476	481	487	494	502	517	960
Tigger2a	10	37.17	46	52.51	57	61	64	67	69	72	77	83.87	91.04	97	107	119.55	129	143	149.06	155.23	165	172	178	183	189	194	198	202	207	210	213	217	222	225	228	233	237	242	249.46	258	266.8	277.97	288.14	306	324	339	347.82	357.99	364.16	370	374	378	381	386	392	397.35	401	405	408	411	412	414	415	416	418	419	421	421.39	422	423	424	425	426	427	428	428	429	430	431	431	432	433	433	434	435	435	436	437	437.96	438	439	440	442	443	445	447	449	452	457.66	469.83	536
MER66B	12	35	40	45	47	49	49	50	50	50	51	51	52.12	54	57.14	60.65	63	67.67	71	71	73	75	78	78	82	91	98	103	104.28	109.79	126.6	146	164.64	179.83	191	208.7	217	223.87	231	235	244.8	255.91	263	266	268	277.95	291.92	312.94	328.92	364.94	379	392.01	399	405.03	415.54	426	434.56	437	439	442	445	447.11	450.62	453	455	457	460	462.17	464	465	466	468	469	470	471	472	473	475	476	477	478	479	481	482	483	484	484	485	486	486	487	488	489	490	492	494.45	498	501	506	533	589
LTR41C	10	23.12	35.12	41	44	48	52	55	58	62.04	66	68.16	72	75	76	78	80	81	85.08	87.64	91	95.76	99	103.88	106	109	112.56	119.12	122	126	129	132	134.92	138	141.04	145	148	150.72	156.28	158.84	164	167.96	171	175	180.64	183	185	186.32	189	193	196	199.56	204	206.68	210	213.8	218.36	223	226	229.04	234	237.16	240	247	249	257.4	263	274	279	293	304.2	314.76	335.6	351.88	369.76	393	401.12	454.36	474.68	502.44	532	551.16	571	589.4	599	609.2	617	622	628	643.84	654	661.96	668	674.16	684	692.2	700.28	721	729.64	745.76	813
MER34C_	13	23.78	34.78	38.34	41	44.95	48	50	54	58.51	62	66.29	70	75.07	79.38	83	90.24	95.89	103	107.82	110.8	115	120.58	125	130.36	133.75	136	140	142	145.93	155.4	162	167.48	175.35	185.26	192.3	197.04	204.86	221.82	230.63	236.6	239	246	254.54	261.16	268.1	275	283	289.72	302.22	315	324.67	332.28	350.01	361	368.9	381.2	397.84	414	419.01	422.4	433	445	454.57	465	476.35	486.74	494.13	499	501.91	505.3	510.69	514.08	517.47	523.72	525	526	528.03	533	535	536.2	540.59	544.98	548	551	553	554	555	556	558	560	563	565	568.27	573.66	577.1	585.88	590.83	601.22	611.27	1026
MER58C	11	28.91	38	42	47	50	52	55	58	60.19	63	65	67	69	70	72	73.56	75	77	78	80	81	83	84	86	88	90	91	93	94.39	96	98	100	102	104	106	108	111	113	115	117.4	120	122.22	125	127	130	133	137	139	142	145	147.41	150	153	156	158	161	163.87	166	168	170	171	173	175	176	177	179	181	182	183	184	185	186	187	188	189	190	191	192	193	194	195	196	197	198	199	200	202	203	205	206.9	208	209	211	214	215.45	217.36	221	226	232.09	273
LTR26	12	29	32.58	38.11	47.16	63.8	73.48	84	93	98.22	108.7	120.69	127.88	145.08	152	159.85	162	162	165.22	168	178.2	186.54	205.38	212.17	218.92	234	244.78	256.99	268.12	276.64	289.7	312.96	321.28	342	356.88	365	377.88	385	395.12	415.81	426.8	431.95	443.36	450.97	459.76	467	483.34	489.52	501.76	512	519	531	538	544.61	547.66	550	554	556.03	558	563	564.4	566	568	569	569	570.35	573.14	574.93	576	577	577	579	580	581	582	583	584.04	586	586	587	587	588	588	589.57	591	592	593	594	595	596	598	603.67	605.68	607.47	613.26	617.1	623.68	629	636.68	650.73	703
LTR40c	10	32.58	49.88	53.41	63	66	75.64	83	88.76	99.46	110.7	116.17	123.84	134.11	143.9	149.05	155.56	170	176.38	185	191.4	196.74	200.68	206.62	211.28	217.75	226.22	233.38	244.8	251.63	258.1	262	276	290.53	296.96	306.45	318.84	334.39	340.72	344	352	358	359	362	368.68	372	376.62	380	383.56	387	387.5	393.97	395	397	400	405	407	411	413	414	415	418	419.14	420.61	422	424	425	427.98	429.96	430.43	432	434	436	437	438	439	440	441	442	443	444	445	445	446	447	448.95	450	451	452	454	455	456	457	459	460	462	464	470.18	476.42	492.53	602
MER34	10	25	38.42	46	53	56.05	62	65.47	69	73	77.1	81.31	84	88	91	93.15	95	98	100.78	103	105	106	110	114	117	118	120.46	124	127.88	134.09	141	145	151	159.93	166	171	176.56	185.77	195.98	205	209	217	223	230.06	238.24	243	256	266	282	293.87	305	310.71	314	331	339.68	353.65	363.76	371.97	385	394.78	405	413.62	424.02	435	439	445.3	451.86	455.07	459.28	465	468	470.91	473	476.33	479.54	483	485	487	489	492	493.8	496	498	502	504	505.85	508	512	515	518	520	522.11	525	527	530	532	534.16	541	550.58	564.79	639
LTR19A	21	28.78	47.34	58	61.56	62.95	66.68	71	77.12	81.02	85.9	96.32	112.08	121	125	126.85	133	136.52	139.1	149.23	159.8	188.52	196.16	216.67	240.08	243.75	246.1	284.06	313.28	354.31	361	377.09	392.48	397	401.26	409.3	412	413.43	414	415.21	418.6	421	427	427.77	429.16	430.55	435	436	437	438.11	440	440	441.28	443	444.06	445	447.84	451	454.62	458	459	460	461.18	463	463	464	465	466	467	467.91	469	470	472	474	476	476	476	477	478	479	480	481	483	484.37	489.76	493	494	495.93	496.32	497	498	499	499.88	501	502	504	506.44	508.83	527.64	554.32	702
L1MCc	10	24	36.56	48	55	61	67.68	74.46	79.24	87	91	96	101	105.14	109.92	113	118	124	128	132	137	142	147	152	156	160.5	165.28	168	173	178	182	187	191.96	197	205	213	219.08	224	231	238.42	244	252	259	266	272	279	284	290	296	304	312	315	321	330	335	341	349	357	364.24	373	381	386.58	394.36	404	408.92	418	426	433	441	446	458	469	477.32	495	509	519.5	533.28	543	556	569.62	591	616	642.92	666.74	700	737.599999999999	780	818.58	861.28	908.42	947	1001.92	1067.8	1129.54	1193.64	1280.1	1335.76	1468.66	1681.16	1886.49999999999	3820
AmnSINE1	10	28	29.26	34	37	39	41	42	44	45	47	48	49	50.69	51.8200000000001	52	53.08	54	55	56	57	58	58	59	60	60	61	62	63	64	65	65	66	67	68	69	70	72	73	74	75	76	77	78	79	81	83	84	86	87	88	90	91	93	95	96	98	99	101	102	104	105	107	109	112	113	115	118	119	122	124	126	129	131	133	136	139	143	145	148	151	154	157.66	161	165	168.05	172.18	176.31	181	186	190.7	198	203.96	210	222.22	232.35	245	257	273	314.87	491
MSTA-int	12	52	74	105	175.04	302	396	426.66	442.04	468.42	500	514.18	538.56	560.94	592	618.7	638.16	663.38	684.52	702.22	734.6	752	768	780.74	804	828.5	860.76	896	915	941.02	982.2	1022	1058	1097.08	1132	1166	1189.68	1222	1254.44	1295	1332.4	1388.16	1430	1476	1514.76	1549	1578.44	1613.86	1634.24	1659.62	1686	1708.38	1736	1790	1821	1869	1899.28	1942.66	1983	2016	2035.6	2065	2100.8	2135	2162.32	2201	2223.08	2239.92	2250	2266.22	2281	2298.98	2307.36	2320	2332	2341.5	2349	2356	2362	2366	2370	2375	2379	2382	2385.92	2392	2396	2401	2406	2411	2420	2425	2431.96	2438	2444	2450	2458	2472.86	2493.2	2585.62	4696
HERVL-int	26	44.84	54.68	78	85.72	101.2	111.08	122	136.72	154	163	176	190.08	211.84	236.52	250.6	267.44	301.28	340.24	375.84	421	453.92	486.48	516.64	548.16	577	595.84	621	646.52	668	705	729.04	765.64	795.88	836.12	871.2	909	973.08	1031.76	1072.76	1118.4	1137.32	1175.12	1258.48	1309.88	1359.8	1414.28	1459.48	1522.64	1571	1617	1665.04	1721.72	1780.52	1842.24	1940.2	2020.16	2101.28	2152.32	2234.68	2306.2	2400.44	2519.16	2628.84	2703.04	2782.4	2897.52	3009.28	3114.56	3205.56	3305.8	3402	3545.88	3700.52	3790.12	3928	4022	4074.68	4196.52	4328.44	4452	4620.04	4708.64	4851.44	5028.36	5205.2	5379.64	5529.36	5730.92	5882.8	5987.8	6056.48	6140.68	6287.72	6402.96	6464.8	6504	6534	6561.64	6615.12	11984
LTR27C	43	46.09	47.54	52.7	61.44	64.9	70.86	76.26	82.76	86.62	100.5	115.86	124.8	204.87	223.1	249.7	256.28	268.83	274.62	282.81	298	317.91	320.98	419.52	454.6	466.75	478.68	497.2	539.76	560.44	564.1	590.28	599.64	607.76	639.12	643.55	658.24	660.32	663.42	665.02	670.2	674.38	675.78	676.87	678.92	680.05	681.7	686.69	689	689.41	690.5	691	691	693.31	694.86	696.9	699	699.13	700.44	702	702.4	703	703.58	704	704	704.85	705.94	706.03	707	707.63	710	710	710	710.57	711	711	711	711.93	713	713.11	714.2	715	715	715	715.56	717.95	719.74	721.66	722.92	723.02	725.2	727	727.28	732.81	741.46	742	742.64	744.46	745	749.55	861
MER117	10	41	48	54	57.76	62	64	67	69	71.21	74	76	78	79	81	83	84	85	87	89	90	92	94	96	98	99	102	104	105	107	108	109	111	112	114	115	117	118	120	121	123	124	126	127	129	130	131.74	132	134	135	136	137	138	139	140.26	141	143	144	145	147	148	149	150	151	153	154	155	156	158	159	160	161	162	163	164	166	167	168	169	170	172	173	174	175	176	177	178	180	181	182	183	184	186	186	188	189	190	192	193	197	233
LTR106_Mam	10	27.11	43.48	48.33	55	56.85	61	64	65.96	70	72	75	77	79.81	83.18	87.55	90	90	96	97.03	100	101	103.14	106.02	109.76	113.25	117.62	120	123.36	124	127.1	130	131.84	134	136.58	140.95	143	146.69	151	157.43	162	164.17	167	169	170.28	172.65	179	183.39	186	191	193	194	196	202	205.98	210.35	214	218	221.46	225.83	231.2	247.14	251	257.31	262.68	269.05	282.42	289.79	301.8	312	319	323.54	332.56	348	368.52	378.5	385.24	394.49	400.58	421.92	433.8	439.94	453.68	461.42	471.08	477.8	491	504.19	519.68	533.79	547.3	562.67	579	586	597.9	613.15	640.04	648.89	670.08	687	769
MLT1H-int	10	33.2	47	59.9	71	76	85.8	91.1	97.2	100.7	111	114	118.2	122	131.2	139	147.8	151.1	162.4	170.4	186	199.3	207	215.9	223.2	227	234	241	247.6	254	267	273.3	281.4	288.9	300.6	305	310.8	323	329	335	345	353.2	373.2	388.7	399.2	410	417.6	431.5	446.8	459	474	487	502.2	515.9	523	535.5	545	552.1	564.2	575.7	582	603.3	614.6	627.7	644	664.5	679.2	687.1	697	715.4	729	750	770.2	786.9	806	827.5	844.2	863.1	884.6	933.2	950	979	997	1022.7	1042.8	1075.5	1105	1123.1	1157.8	1198	1249	1318.2	1340	1378.4	1457	1523	1605.8	1752.9	1903.4	2163.6	2394
MER75	13	29.96	45.96	55.1	64	68	69	73.18	83.68	85.66	94.8	99.28	111.16	121	128.08	134.2	143.88	157.16	164.64	174.24	189.4	206.08	212	224.02	230.76	239.5	254	266.92	282.44	288.3	293.6	319.82	335.76	346.94	359.8	370.6	379.92	390.9	404.12	410	423.4	428.36	434.16	444.28	460.56	469	474	480.78	485	486.26	489	490	492	492	493	494	495	496	496	497	497.4	499	500	501	502	502.1	503	504	504	505	505	506	506	506	506	507	507	508	508	508	508	509	509	510	510	510	511	512	512	512	512	513	513	514	515	517	517.04	518.78	522.04	541.26	591
MLT2B4	10	29	34	38	40	44	46	48	51	54	59	63.73	70	74	79.02	88	94	103	109	114	120	129	136	144	151.32	162	172	185	192.04	200.47	209	221	230	242	254	264	274.48	286.82	298	308	317	325.63	337	344	354	360.35	370	378	384	390	395	400	405.36	410	413.22	417	421	425	428	432	434	438	443	447	450	453.95	457	460.81	464	467	470	474	476.96	480	482	486	488.68	491	494	496.97	499.4	503	506	509	514	519	524	527	530.84	535	538.7	542	546	551	559	565	574	589	605.14	650.14	2826
Tigger17c	27	39.41	49.64	54	58	58	58	60	60.28	65.69	69.1	76.51	80	86.32	92	94.15	99.8	103.97	110	112.58	117.4	121.22	123	126	130	131.25	134	135.07	137.48	142.89	145	150.71	156.12	160	163.94	168.35	175.28	179	181	182	185	186.62	188.66	193.63	197	198	199.86	200.27	202.68	203.09	204	204	205.32	206	207.14	209	210.92	214	217	218.38	222	225.04	232	233	240.48	248	249.06	253.47	256.88	265.16	271.7	277.11	279.04	283.86	292	295.75	297.16	307.71	313	321.12	340.8	347	357.72	366.18	376.88	380.85	386.78	395.34	411.32	424.49	433.8	441.41	494.080000000001	532.52	562.580000000001	596.5	827.72	862.16	1040.36	1130.65	1190
Tigger17d	29	39.3	43.2	44.9	51	52.5	54.8	56.1	58	58	58	59	59	60.9	62.2	63	63	64	65	66	66	66	66	67	68	69	72	74	78	78.7	79	81	82	84.9	86.2	88	88	90.1	93	93.7	96	102.3	105.2	108	116.2	123	127.4	132.1	137	142.7	149	163	168.8	172.9	174.2	176.5	177.8	179	183.8	186.7	191	194.9	200.2	201.9	205.6	218	225.6	233.1	252.4	256	263	269.2	278.6	282.7	294	296.5	306.6	308.1	320.4	342.2	355	367.6	375.2	411.5	425	437.5	442.8	475.7	550.199999999999	591.6	710	790	839.8	868.300000000001	892.4	904.5	910.8	926.6	946	957.8	972
Charlie25	10	26	32.5	38	44	53	56	62	65	68.75	74	80	85	90.75	92.5	95	96	100.75	103	106.25	110	113.75	118	123.25	126	129	132	136.25	142	145	149	152.25	157	161.75	165	169	177	179	185.5	191.25	195	198.75	203.5	207	213	222.75	228	233.25	237	243.75	255	264	273	279.75	286.5	296	306	315	321.5	327.25	334	342.75	349.5	356	363	374	383	390	404	419.5	430	438	451	464.75	475.5	491.25	509	517.75	537.5	552.5	564	578.750000000001	596	611.25	643	676.5	703	734.75	752	780.75	818	861.75	885	927.75	988.5	1032.75	1110	1257.75	1455.5	1656	2182
MER51A	10	38.5	55	61	62	63	66	71	79	83.5	91	96	108	120	133	142	168	180	192	204	224	258	264	264	283	298.5	305	324.5	337	347.5	359	368	383	406.5	419	425	434	445	449	456	462	467	473	477	486	492	499	504	508	513	515	521	526	529	532	535	537	540	542	543.5	545	546.5	549	550.5	553	557	559	562	566	569.5	572	575.5	583	587	590	592	595	598.5	602	607	611	614	616	620	624	626	630	633	634	639.5	643	645.5	651	660.5	672	679	691	698	708	719.5	832
MER96	14	35	40.46	46	49.92	52	54.38	56	59	60	61	63	64	66	66	67	68	69	69.14	70	72	73	74	75	75	76	77	78	79	80	81	81.63	82	83	84	85	86.28	88	89	90	91	92	94	95	96	98.85	101	103	105	107.77	109	112	114	116	118	120	122	124	125	128	130	131.53	133	135	136	137	139	141	142	143	144	145	146	147	148	149	149	151	151	153	153.4	154	155	156	157	157	159	160	160.24	161	162	163	163	164	166	167.35	170	172	173	183	198
LTR40b	17	27.92	39.52	46.76	51	56	62	65	69	76.28	84	87	91	96	100.88	107.8	112.44	119	125.56	129	135.4	140.32	145	149	156.08	159	163.92	177	182.76	189	194.6	201.04	207	219	225	229.4	237	243	248	251	257	262	267	276.12	279.48	282	285.32	290.24	297.16	302	303	313	316	322.76	328	338.2	347.56	353	358.36	367	373	377.12	383	387	392	395.8	401	405.64	410	412	415	417	419.24	421	423	424	428	430	432	434	435	437	440.44	441	443	444	446	447	449	451	453	455	457	458	460	461	465	467	477.32	492.16	631
MLT1E2	10	36	47	55	62	67	72	78	84	91	99	106	111	118	124.18	130.55	136	144.29	151	160	166.4	175	183	188.51	195	201	209	217	227	234	245.1	257.47	268	280	288.58	297	306	315.69	327	338	349.6	361	374	382.82	393	400.65	408	415	422	431	439	448	454	460	466	470	477	484	490.46	498	503	509	515.94	520	523	527	532	535	538	543	547	551	554	556	560	563	566	569	571	574	577	581	583	585	587	590	593	595	597.56	601	604	607	611	615	618.78	623	629	635	645.26	663	1305
ERVL-B4-int	10	34	49.2	58.3	67	76	84	89	98	105	111	117.1	124	132	139	145	153.6	161	168.8	176.9	187	192	199	207.3	218.4	226	232	242	252	261	269	278	291.2	303.3	310	321.5	335	345	362	380	396	409.1	422.2	433	445	455.5	468	482	501	520	536	550	567.2	584.3	599	607.5	623	641.400000000001	662.8	682	700	718	739	754	773.8	802	816.6	848.7	883	915.8	955	986.1	1012.4	1045.6	1084.8	1112.5	1154.6	1197.4	1230.8	1278.8	1350	1428.2	1485.4	1582	1659.4	1718.5	1807.2	1913.3	1984	2066	2183	2269.4	2426.6	2545.2	2760.8	3001.5	3262.6	3709.9	4183.59999999999	4899.20000000001	6589
MER107	19	23	29.6	31	31	33	33	33	33	33	33	33	33	33	33	33	33	33	33	35.52	46	51.56	60.68	67.56	75.28	84	94.72	99	103.32	115.52	123	141.16	144	147.76	154.96	164.4	166	173	177.68	179	180	182	183	183.48	185	186	187	188	189	189	190	191	191	192	192	192	193	193	193	193	194	194	194	194.68	195	195	195	195.12	196	196	196	196	197	197	197	197	198	198	198	198	199	199	199	199	199.24	200	200.96	201	201	201	202	202	202	204	205	208	208	211.76	218.28	220	236
Arthur1C	18	31.18	35.18	40.27	42	44	46	47	48	49.81	50	52	54	55	57	58	59	60	61	62	63	64	64.98	66	67	68	68.34	69	70	70	70.7	71	72	73	74	74	75	76	77.42	78	79.6	80.69	81	83	84	86	88	90	90.32	91	93	95.1800000000001	99	100.77	102	104.95	108	110.13	114.22	121	123	127	135	140.67	148.28	152	156.94	165.03	173.12	184	189.6	200	207	213.57	221.66	228	236	242.93	249.02	259.11	264.2	275.29	280	285	293.56	300	304	310.66	314.92	319.01	321	323	326.84	333.37	336	338.55	343.64	348	351	355.82	375
MER45C	12	27.88	40	46.76	51	52	55	60	65	67	70	74	77	81	85	88	91	94.32	95.28	100	102.2	105	106	108	110	113	116.96	120.92	123.88	129	131.8	134	135	141	143	148	151	155.52	158.48	161.44	167	170	173.32	179.28	184	188	193	198	201	203.04	207	211	213	215.88	218	221	227.76	232	237	239.64	245	248	252	254.48	260.44	266.4	269	271.32	275	285.48	293.2	304.8	317	324	333.08	342	357.96	368.92	394.52	418.68	429.6	445.76	462.72	493.68	518.64	539	552	569	588.96	623.32	658	686	715.32	737.28	763.24	821.2	843.16	865.36	891.16	930.08	984
THE1C-int	17	114.48	206.88	370.44	419.48	434	446	476.26	513.92	560.15	591	617	645.44	680.62	706.36	732.05	750	777.37	800.66	834.53	866.4	906	949.14	1017.03	1048	1109	1153	1180.98	1230.36	1273.23	1343.1	1393	1440.36	1468.71	1478.32	1510.45	1554.32	1586.38	1634.06	1666.65	1720.4	1773.67	1824.54	1846	1890.28	1930.15	1956.02	1983.89	2026.52	2068	2103	2124.11	2146.24	2169.11	2186	2194.7	2209.44	2222.18	2232	2238.33	2244	2250	2253	2257	2262	2265	2268	2270	2272	2275	2278	2281	2283	2287	2290	2294.25	2298	2300	2304	2307	2311	2314	2318	2320	2323.08	2326	2330	2333	2335	2338	2342.3	2347.17	2352.04	2357	2362	2369	2380.52	2392	2418.26	2507.29	4717
MER121	12	47.26	57.56	63	66	73.3	75	78	80.08	84	86	88	91.12	94.38	97	101	103	104	108	110	111.2	115	118	120	122	123	125	128	129.28	132	134	135	137	139	140	142	145	146	148.88	152	154	156	157	159	161	162.7	165	168	171	173	175	179	180	182	183	185	187	189.82	193.08	195	197	200	203.12	207	210	212	215	215.42	219	221	225	227	229.72	232.98	235.24	239	241.76	244	248	252	254.8	258	261.32	267.58	271	274	279	281.62	287	295	303.8	310.66	315	328.54	334.44	342.7	349.92	361.44	378.96	386	403
L1PA12	10	30	40	51.04	61	69	71.24	79	85	89	94	97	102.16	110.84	116	123	129	139.12	151.24	158.92	172.6	181.28	189.96	202	209.32	216	223.68	232	241	250	256.4	267	278	290.44	303	314.8	328	339	345	354	365.2	376.76	385.56	392	398	409	420.12	437	451	473.96	490	509.68	529.36	550.04	564.72	580.4	601.08	620.28	644	670.12	684	698.96	724.16	748.84	766.56	785	812.76	832	852.24	883	906.6	933.28	969.92	1009.28	1044.28	1071	1114.04	1152.72	1193.04	1228.44	1274	1328	1355.76	1397.2	1462	1546.2	1643.72	1712.48	1826.68	1904.04	2038	2146.92	2274.04	2476.2	2680.2	2954.6	3175.56	3549.88	4073	5024.43999999999	6925
AluYg6	10	33	37	42.3	44	46	47	48	49	50	51	51	52	52	53	54	54	55	56	58	58	59	59.2	60	61	62	64	65	66	67.9	69	73	76	82.3	89.2000000000001	94.5	101.6	110.7	117	120.9	128	131	132.2	135.2	151.8	174	209.6	228	259.8	270.8	277	281	286.2	292.3	294	295	296	297	298	299	299	299	299	300	300	300	301	301	302	302	302	303	303	303	304	304	304	305	305	305	306	306	306.2	307	307	307	308	308	308	308	309	309	309	309	309	309	310	312	314	316	373
LTR16A1	11	40	46.78	56	63	68	73	81	86.12	92	96.9	102	105	110	115	119	122	126	132	136.41	143	147	151	158	163	169.75	178	186	193	198	204.7	211	216	222	226	231	235	241	246.82	251	255	259	268	272	279	285	289.94	296	302	308	313	320	326	331	338	341	344	350	354	358	363	366	371	374	377	380	382	385	388	391	395	397	399	401	404	406	408	411	414	416	418	419	422	425	427	429	432	434	436	437	440	442.49	445	447	450	453	456	462.83	467	483	839
MSTB-int	29	67.05	121.42	176.52	219.72	276.05	356.08	399.41	427	462.89	494.2	514.62	533.52	552.73	565.7	582.15	596.16	609.71	630	647	663.6	685.87	711	738.47	756.04	770.25	781.38	794	806.88	820.27	843.3	880.51	901.44	916	931.84	973.35	990.56	1031.62	1074	1112.85	1145.2	1178.61	1242.82	1282.18	1311.24	1345.25	1365.3	1401.44	1447	1459.87	1501.5	1538.52	1561	1578.39	1600.68	1616.2	1640.8	1666.91	1698.18	1752.73	1786	1809.67	1850.06	1893.69	1921.32	1958.65	1990.16	2026.14	2055.12	2081	2119.7	2156.91	2175.96	2204.33	2219.16	2272.25	2317	2338	2356.28	2368	2378.8	2392	2404	2411.43	2416.64	2421.85	2426	2432	2436.48	2442	2450.6	2458.33	2465	2470.06	2474	2481.85	2493	2502.74	2513.74	2562.85	3906
THE1B	10	41	59	72	94	133	154	164	178	191	204	213	234	269	292	304	315.56	323.72	329	333	336	338	340	341	343	343	344	345	347	347	348	349	350	351	351	352	352	352	353	353	353	354	354	354	355	355	355	355	356	356	356	357	357	357	358	358	358	358	359	359	359	359	360	360	360	360	361	361	361	361	361	362	362	362	362	362	362.16	363	363	363	363	364	364	364	364	365	365	366	366	367	367	368	368	369	370	371	373	375	379	392	2474
L1MDa	10	19	30	39	45	52	59	65	70	76	82	86	90.36	95	99	106	112	119	124	130	137	144	151	156	162	168	173	179	185	191	198	204	211	217	225	233	241	248	254	262	269	277	285.26	293	302	311	321	329	338	349	359	370	378	388	397	409	416	431	442	456	470.8	487	504	519	534	548	568.98	589	608	626	647	665	689	713	739.22	768.25	792	820	841	861.87	889	919	953	991	1023.52	1059	1100.58	1140	1189	1245.34	1309	1350.23	1412.76	1497.58	1589.82	1715.7	1851.76	1989.41	2216.7	2615.94	5835
L1ME3Cz	10	20	31.88	41	48	54	60	66	70	74	78	81	84.28	88	91	94	97	100	102	105	108	111	114	116.12	119	122	124	128	131	134	137	141	144	147	151	154	158	162	166	170	174	178	182	186.92	191	195	200	204.68	209	214	219	223	229	233	238	244	249	255	261	267	273	280	286	292	299	307	313	320	328	338	346	355	365	374	383	392	402	413	424.32	437	449	463	479	495	509	525.4	542	562	585	611.16	638.6	674	709	751	797	855	915	1011.36	1170	1438.56	5117
L1ME2z	10	21	29	36	43	47	51	55	60	64	68	70	73.52	77	80	83	85	89	92	95	98	101	104	106	109	113	115	117.17	120	123	126	129	133	136	139.14	143	146	149	153	157.69	161	165	170	174	178	182	185	191	195.08	199	204	209	213	217	223	229	235	242	249	258	263	271	278	287	296	305	314.860000000001	326	336	344	356.700000000001	371	380	391	404.54	420.25	431	448	466	482	500	520.51	537	558	578.639999999999	598	628.059999999999	662	691	724	759	801.610000000001	844.320000000001	889.060000000001	955.740000000001	1028.45	1108.64	1244.87	1439.48	1690.45	3757
L1PA15	10	28	43	54	64	72	82	92	99	109	117	124	130	135	141	148.3	157	167	176	186	195	203	211	219	226	235.5	248	259	269	282	296	310.22	324	334	343	352	365	374	384	392.18	401	414	429	443	453	469	481	496	511	530	548	564	582	606	625	640.1	661	678	693	714	738	759	783	804	819	837.3	858	875.54	911.160000000001	958	993.400000000001	1029.04	1068	1113.26	1153	1194	1249.24	1305	1355.36	1409.98	1469	1534	1597	1667.46	1753.08	1816.7	1908.32	2009	2129.56	2236.18	2365.8	2471.84	2613.12	2837.32	3017.96	3311	3628.71999999999	4028.28	4649	5426.87999999998	7649
Eulor10	60	64.56	69.12	72.56	74.08	75.6	78.52	81.94	85.12	86.26	87.4	90.34	95.28	100.22	102.28	103.8	105.16	105.92	106.68	109.2	113	116.8	117	117	117.72	120	122.28	123.78	124.92	126	126	126	126.48	127.62	128.76	129.9	131.04	132.18	133.32	134.46	135.8	137.32	138.84	139.34	139.72	140.2	140.96	141.72	142	142	142	144.66	147.32	149.98	152.64	155.3	156.28	156.66	157.08	157.84	158.6	160.26	162.92	165.58	166.64	167.4	168.16	168.92	169.68	170.66	171.8	172.94	175.52	178.18	180.24	181	181.76	185.12	189.68	194.02	194.4	194.78	195.48	196.62	197.76	198.6	199.36	200.24	201.76	203.28	204.2	204.58	204.96	210.78	217.24	222.7	225.36	228.02	238.12	252.56	267
L1MA10	10	23	37	44	48	52	56	60	62	65	68	71	74	76	78	81	84	87	89	92	96	98	101	104	107	111	113	115	119	122	124	127	130	133	136	138	140	142	144	145	147	148	150	152	153	155	157	159	161	163	166	169	172	177	181	189	195	203	210	216	225.8	233	242	252	263	274.2	287	302.36	311	321	332.6	347	362	381	395.92	415	441.08	464	484.24	507	524.4	541.48	558	579	615	648	689.88	728.96	764	814.12	851	886.559999999999	943	998.440000000001	1080.52	1192.8	1332.36	1484	1777.68	2175.8	7089
X30_DNA	29	39	47	52	57	61	63.42	65	66.56	68	69	70	72	73	74	75	77	78	80	81.83	83.4	85.97	88	89	90.68	91	95	96	97.96	99	101	103.67	105	106	108	109	110	113	114	115	117	118	120	122	124	125	127.22	129.79	131	134	137	138	139	141	142.78	144	145.92	147.49	150	151	152.2	155	157	158	160	162	164	165	168	170	173	176	180	183	187.18	192.75	196.32	198.89	202	205	211	214	216	222	227.76	232	237.04	242.59	249	255	259	262.87	270	278	283	294.15	302.44	311.29	319.58	333.01	381
L1MC2	10	18	26	38	46	51	55	60	63	68	72	76	80	85	89	94	99	104	110	115	120	126	131.82	139	147	153	160	167	174	178	182	187	193	199.73	207	213	220	228.97	238	245	255	263	271	281.83	291.64	299.45	308	317.07	327	337	345	354	366	375	386.74	397	410	423	437	450	462	472	484	496	504	516	532	545	557	572	589	606.51	626	648	661.94	682	696	713	732	752	779.8	809	837	860.23	886.04	920	957	980	1019.84	1057.09	1102.8	1142.71	1212	1287.32	1383.42	1519.95	1684	1874	2141.14	2571.41999999999	5979
MamTip2b	10	33	38	41	44	47	49	51	53	56	57	59	61.48	63	65	67	69	70	72	74	75	76	78	79	81	82	83	84	86	87	89	90	91	93	94	96	97	98	100	101	103	105	106	108	109	111	113	115	116	118	120	122	124	126	127	129	131	132	134	136	138	140	142	144	146	148	151	153	155	158	160	163	165	168	171	173	176	179	182	186	189	194	198	201	205	210	215	221	227.52	234	241	248	254	262	271.26	281	293	305	323	348	444
Charlie15a	10	38	47	53	56	59	62	65	66	68.08	70	72	73	75	76	78	80	82	83	85	86	88	89	90	91	93	94	95	96	97	98	99	100	101	102	103	104	105	107	108	109	110	111	112	113	114	116	117	118	119	120	121	122	124	125	127	128	130	132	133	136	137	139	141	143	145	146	149	151	154	156	158	160	162.76	165	168	170	172	174	177	179	182	185	187	189	191	193	195	196.56	198	200.8	204	206	208	210	213	215	219	222	228	250
L1ME3C	10	19.63	31	40.89	48	56.15	62	68	73	77	79	83	87	91	95	100	103	107	110	113	117.6	121	123	127	131	134	137	140.01	143	146	151	155	159	162	165.42	170	174	179	183.94	188	192	196	200	204	208.72	213	217	221	225	230	236	241	246	252	257	262	269	274	281.54	288	294	298	305	314	321	329	336	344	352	359	367	375	385	394.99	402.62	411.25	425	443	456.14	469	484.4	500	513	535	547.92	567.099999999999	583	605.81	628.44	652.07	671.7	708.33	753.96	788.59	844	885	955.44	1053.54	1192.44	1495.07	3002
L1MEh	10	26	39.98	44	51	58	63	68	72	75	78	83	86	89	93	96	101	104	108	111	115	118	121	125	128	132	136	139	143	146	148	151	154	157.17	162	166	169	172	176	180	183	187	192	198	202	207	212	217	221.52	228.01	235	240.99	247	251	258.46	265	270	275	283.42	290	295	302	306.38	313.87	319	327.85	336.34	344	352.32	359.81	372.3	383	392	400	412	420.75	434	446.73	458	476	486.2	508.69	521	537	557	577	601	628.26	652.12	682	704.2	740.59	785	826.14	880.180000000001	913.55	990.04	1077.12	1166.06	1395.02	2748
L1MA5A	10	26	39	46	51	56	61	67	71	74	80	85	90	93	98	103	107	112	115	121	125	129	135	139	145	149	154	160	165	172.7	177	182	187	192	195	201	206.8	211.1	216	220	227	231	236.6	241	245	249	253	256	261	265.7	269	273.3	279.6	287	292	300	309.8	318	329	338	348	360.3	373	388.9	397	413.5	428	445	460	478	492	511	533.6	553.9	574.2	598	630.6	662	682	707.7	740	767.3	806	850.8	910.2	949	996.8	1080.2	1133.4	1229.1	1329	1380	1456.2	1606.8	1759.6	1939.00000000002	2122.19999999999	2312.1	2683	3404.1	6631
LTR10B2	48	103.55	149.4	151.6	153.4	154.5	155.6	156.7	157.8	158.9	159	159.45	164.4	175.2	201.6	218.5	224	227.75	230.5	240.9	253	254.65	256.7	260.55	263.2	263.75	264	264	264	264	268.5	273.65	280.8	286.3	287.4	288.75	290.4	291	291	291.45	292	295.85	299.2	300.3	301.4	302.5	303	303	308.2	315.35	333.5	351.9	361.8	375.75	400.5	414.25	414.8	423.4	436.6	443.05	448	459	468.3	469.95	471	471	471	471	471	471	471.5	472.1	473.2	474.75	477.5	480.25	483	484.7	485.8	486.45	487	487.55	488.2	489.3	490.2	490.75	491.9	493.55	494	494	494.5	495.15	496.8	498.45	500.1	501.25	501.8	502.7	503.8	504.9	506
LTR21C	112	117.16	122.32	127.48	132.64	137.8	142.96	148.12	153.28	170.92	194.8	218.68	242.56	266.44	290.32	314.2	338.08	354.2	354.8	355.4	356	356.6	357.2	357.8	358.4	359	362.84	366.68	370.52	374.36	378.2	382.04	385.88	389.72	391.88	393.2	394.52	395.84	397.16	398.48	399.8	401.12	402.4	403.6	404.8	406	407.2	408.4	409.6	410.8	412	417.16	422.32	427.48	432.64	437.8	442.96	448.12	453.28	455.64	456.6	457.56	458.52	459.48	460.44	461.4	462.36	463.72	465.88	468.04	470.2	472.36	474.52	476.68	478.84	481	482.44	483.88	485.32	486.76	488.2	489.64	491.08	492.52	493.4	494	494.6	495.2	495.8	496.4	497	497.6	499.56	504.24	508.92	513.6	518.28	522.96	527.64	532.32	537
LTR62	13	30.12	37	39.48	49.16	51.2	53.24	56	58.64	65	68	69.44	73	78.04	90.16	100.8	106	108	114.44	117.52	125.6	132	137.76	152.6	187.96	203	206.32	218	220.84	231	235.4	237.72	251.52	273.24	292	295.4	304	306.44	325.12	338	349.6	360.64	374.84	387.44	402.76	405.6	418.6	444.76	454	469	474	478.32	504.64	520.48	550	567	576.44	583.56	586.32	618.68	631.2	644	650.48	652.52	657.12	660.6	665.28	669	671	675.04	678.8	679.84	682.76	684	685.96	687	688	689.08	690.24	693	694.2	696.24	698.28	701	701.36	703	704.44	705	706.52	707	708	709	711.68	713.72	717.28	721	722.84	725.88	736.92	768.879999999999	784
L1PA11	10	39	51	63	70.72	76	84	92	99	106	112	119	128	139	148	153.45	160	166	172	176	183	190	204.46	212.89	218.32	228.75	236	250	259	266	275	284	295	307.19	321.62	341	350	358	369	378	386	394	405	421	432	443	454	462	485.64	501.07	522.5	542	564	587	619.22	638	658.08	679.51	698.94	713	737.8	754	776	801	819	842	861	885.81	916.24	949	986.300000000001	1039.53	1093.96	1124	1175.82	1222.25	1277.68	1326.11	1387	1446.94	1506.8	1587	1682.3	1769.07	1838.24	1917	2048.78	2148.41	2250.84	2351	2478.8	2611.17	2800.92	2998.9	3235.42	3522.85	3897.28	4415.97	5224.04	6212.09999999999	7094
THE1D-int	12	46.5	55	55	55	57.5	78	100.5	111	130	136	141.5	150	151	153	154	201	231	234	240	240	243	245.5	279.5	324	362.25	409	431.75	459	507.25	530.5	563	579	612	637.5	671.75	699	733.25	754	788	813	841.25	873.5	923.75	1000	1043.5	1087	1141	1207	1256	1285	1332	1390	1433.75	1496.5	1531	1561	1583.75	1609	1654.5	1702	1748.25	1793	1833.5	1886	1931.75	1967	2000.75	2035	2077.5	2127	2164.75	2185	2204	2215	2228	2238	2248	2255.5	2265.75	2273	2283.25	2291	2301	2306	2311	2317	2323	2329	2334	2339	2343	2347	2351	2355	2361	2368	2374.25	2389.5	2434.75	3867
MER44C	18	31.9	50.8	65.4	77	79	81	84	92	96.1	108	120	126.8	139.7	143.6	150	160.4	175.2	189.2	203	215	225	244	251.7	262.6	276	288	295	299	305.2	314	325.6	336	352.7	372.4	386.5	397.8	411.3	435.2	451.2	461	467.9	474.8	481.7	492.6	497	501	506	510	514	516	521	527.8	536.4	551	563	571.4	580.3	588.2	601	613	619.9	631.8	641.7	650	657	661.4	667.3	671.2	677.1	681	683.9	686.8	689	691.6	693	695	696	696.2	698	700	702	704.8	706.7	708	710	711	712	714	715	719	721	723	723	726	731	736	739	748	757	820
Charlie4a	10	25	36.02	43	51	55.55	59.06	63	67	70	74	76	79	81	84	87.65	91	95	99	102	105.2	110	113	115	120	124	127	130	134	137	139.3	142	146	149.83	154.34	158.85	164	168	172	176	178	184	190	196	203	208.95	216	226	232.48	238.99	244	249.01	258	266	271	277	282	288.07	294.58	300	307	315	321	327	335	343	350	359	365.68	373.19	381	388	392	398	403	407	411	416	421	425	430	434	437	441	445	448	451	454	457	461	465	468.41	472	475.43	479	484	490	494.47	503.98	519	583
MER34C2	10	22.83	30.96	36.49	43.32	46.6	57.98	65.62	69.64	73.47	78	79	83	85.79	89.62	92.45	97.28	100.11	103.94	112.39	123	127.86	136.04	142.09	147.84	154.75	158.58	163.41	167	175.07	177.9	183.46	187	190.78	200.22	207.15	214.88	221	232.24	238.74	242.2	247.12	257	272.07	282.52	294	301.18	309	312.68	318	324	329.33	342.32	359.96	370.46	379.3	386.44	397.62	410.42	417.97	432.8	445.78	452	466.29	473.12	479.95	485.56	494.61	501.44	506.81	510.1	513.86	517	521.18	523.42	525	529	530.91	535	535.57	537	539	539.06	540.89	544.72	546	548.38	551.63	559.04	563.87	566.7	570.59	579	581.19	585	592.7	599	606.51	620	632.91	2274
MER39	10	25	31.9	41	47	53	57	62	69	74	79	83	87	93	98	101	105	111	115	121	129	138	145	153	159	166	172	178.65	184.6	193.55	202	208	213	220	228.3	237	241.2	248	255	262	269	277	284	290	295	302	309	315	324	332	341	348.45	355.4	362	372	379	386	392.15	398	405	413	419	426.9	432	436.8	442	447	453	458	463	469	474	479	484	489	492	495.2	501	507	515	520	527	533.9	540	553	559	568.7	580.65	592	599	605	611	617.4	625.35	630	639	648.4	660	679	695.05	1263
AluYh3a3	34	41.28	58.42	70.23	80.28	92.9	101.2	114.92	117.68	128	129.4	133	133.84	135	136.96	137.55	139	139.69	140.78	147.15	151.2	156	159.54	163.44	170.4	175.25	189.1	191	195.8	204.59	212	215.35	217.72	222.43	224.38	225	227.56	229	231.64	234.46	237.6	238.74	240.94	244.06	248.08	250.3	252.22	253	254.36	255	256.5	257.07	258	258	258	259	259	259.49	262	262	262.2	263	263.34	264	264	265	265	265.19	266	267.33	268	269	270	270.61	272	272.75	273	273.89	274	274	274.6	275.17	276	277	277.88	279.45	280.04	282.59	287	287	287.3	288	288	289	289	289	289.72	291.58	295.58	298.43	334
MADE2	15	31	39	41	44	48	50	51	53	54	55	57	58	59	60	61	61	62	63	64	64	65	65	66	66	66	67	67	68	68	68	69	69	69	70	70	70	71	71	71	71	72	72	72	72	72	73	73	73	73	73.5	74	74	74	74	74	74	75	75	75	75	75	75	75	76	76	76	76	76	76	76	76	77	77	77	77	77	77	77	78	78	78	78	78	78	78	78	79	79	79	79	79	79	79	80	80	80	81	83	85	112
Helitron3Na_Mam	19	36	41	47	51	58.5	62	65.7	70	73.9	75	77.1	80	83	85	88	89.6	90	92	94	97	101.1	103	104.3	108	109	111	113	115	116	118	119.1	121	123	126	128	129.6	131	134	137.9	140	141	144	147	149.4	152	154.6	157	161	162.9	165	167	169	171	173.4	177	179	182	184	185.9	189	194	198	200.3	207	211	214.6	219	224.8	229.9	236	246.1	255.2	262	269	275.5	291	299	308.8	318	323	329.1	338	346.3	353	361	367.6	376	380.8	385	390	402	410.6	418	421	425.5	431	439.7	448.8	458.8	503
LTR5B	34	46.74	60.58	76.37	79.64	91.85	95.48	102.06	111.32	128.99	140	162.14	174.48	199.54	211.06	228.7	278.32	313.43	322.76	425.04	458.8	531.08	562.76	625.85	657	678.5	733.54	739.66	764.24	793.1	819	826.96	869	907.56	926.02	939.95	953.44	955	957.04	961	965.6	967.39	968.18	971.94	972.76	974.1	976	977	978	979.71	980	982	983	983.87	984	985	985	986	986	986	987	987	988	988	988	989	989	989	990	990	991	991	991.88	992	992	993	993	994	994	995	995	995	995.78	996	996	997	997	998	999	1000	1004	1005	1007	1009	1010	1010.05	1014	1021	1023.42	1037.62	1447
LTR45C	17	33.84	41	44	50.84	54.05	58.26	60	62.36	68.78	74.1	77.62	81	82	82.94	84.15	85.36	88.57	91.78	92	92	93	93	95	96	97	98	99.67	101.76	107.36	121	135	141	147.93	157	161.4	173.12	177.77	179.98	197.47	220.2	245.71	274.28	290.06	314.48	346.6	358.66	363.87	375.64	389.58	392.5	396.71	402.84	415	420.34	428.55	431.52	434	446.18	451.78	459.6	462.81	473	483.23	491.2	494	497.86	499	500	502	503	505	507	509.33	511	512	512	514	515	517	518.8	520	520	520	520	521.85	524	525.27	526	527	527.9	529	529.32	530.53	531	533	535	537.48	543	550.58	627
Tigger3d	17	33.05	36	38	40	42	43	44.45	45	46	48	48.85	50	51	51.9	52	53	55	56	57	57	59.35	60	61	62	63	64	65.45	67	69	69	70	71	72	73	74.25	75	75	76	76.65	77	78	80	80	81	82	82	83	84	85	88	89	89	90	91	92	93.6	95	96	98	99	100.35	102	103	104	105	106	107	108	109.15	111	112.85	114	117	119.9	125	132.6	157.55	186.6	202.5	215	221	231.1	253.15	271.2	285.75	292	294.9	297.6	303.15	305	310	312	313	314	315	317	319	321	336.25	412
LTR8A	11	28	42	52.13	58	63	69.26	75.97	80	84	88.1	97.81	110	120	129.94	137.65	145	149	156	162.98	170	175	179	188	201.04	211.75	224.46	242	254	275.77	295	304.02	332.88	341	344	352.85	357	362	376	387.69	409.2	431.22	448	465.53	485	498.95	509.32	526	539.16	549.79	564	573.21	581	591.26	599.34	613	624.76	630.47	643.18	649	656	660.31	665	669	672.44	676	678	681	683	684	686	690	692	694	696.54	699	700	702.67	704	705	706	708	709	711	712.64	714	717	719	720	722	724	726	728	729	731	734	738	743	747.58	772.61	1369
MER4A	12	28.45	40.3	46	52	55.75	58	65.05	80.2	88.7	93.5	101	107.8	116.95	118.1	123	129.4	132	136.7	142	151	158.15	162	166.45	173.6	181.75	187	192.1	204.2	219.35	228.5	237	241.8	256.8	263	271	277	284.55	293.4	303.55	315	328.15	333.9	345.9	355	362.75	370.9	393.05	400.4	408	415.5	429.65	436.8	451	454.2	472.25	483	487.55	498.4	503.85	505	515.6	527.3	546	554.6	566.25	579.8	586.05	592	596	601.5	607.95	617.6	626	631	634.25	638.4	644	648.1	652	654	659	663	666	668	672	674	676.1	681.2	690.35	696.5	703.65	707.8	712	718	720.25	722.4	725.55	727.7	736.7	848
LTR38-int	30	44.06	47.12	50.24	54	54.3	57.12	58.42	61.32	63	64	68.22	69.48	71.26	72	72.9	75	78.4	86.44	90.14	92	94.52	98	99.84	103.92	108.5	115.68	120	120	121.74	127.2	131.24	133.28	140.6	152.84	163.3	167.44	169.48	176.84	179.78	180.8	186.74	188	200.04	204.64	214.9	227.96	242.16	244.92	296.94	328	340.32	356.28	364.02	381.12	394	394	394	394	399.22	423.6	427.54	439.72	461.26	471.52	498.1	503.64	510.44	521.36	533.78	564.2	599.06	649.08	702.16	759.64	813.5	832.52	850.28	872.84	879.58	882.4	885.24	889.84	895.3	904.48	920.6	928.88	938.14	987.36	1120.56	1255.6	1339.22	1360.4	1374.9	1383.16	1455.1	1566.04	1874.86	2000.56	2307.82	2363
HERVK13-int	63	73.92	84.84	95.25	105	114.75	148.3	185.35	218.44	242.62	266.8	279.96	289.32	301.34	325.52	349.7	405.32	480.59	552.72	566.76	580.8	608.14	649.48	690.82	867.88	1056.25	1177.28	1178.06	1178.84	1187.68	1198.6	1211.41	1230.52	1249.63	1277.58	1309.95	1346.52	1419.84	1493.16	1542.12	1570.2	1598.28	1603.56	1608.24	1617.88	1634.65	1651.42	1669.18	1687.12	1722.22	1801	1879.78	1902.28	1902.67	1903.3	1905.25	1907.2	1918.12	1935.28	1954.26	2042.4	2130.54	2207.16	2270.34	2333.52	2363.45	2389.58	2408.17	2411.68	2415.19	2642.8	2937.64	3197.76	3323.34	3448.92	3499.5	3508.08	3548.31	3968.34	4388.37	4629.2	4699.79	4770.38	4778.81	4783.88	4843.7	4991.12	5138.54	6105.16	7250.98	8103.8	8106.92	8110.04	8223.86	8386.88	8568.95	8880.56	9192.17	10095.14	11455.07	12815
LTR3B_	53	63.13	67.78	78.43	88.84	111.05	121.9	163.07	186.56	224.24	234	234	234	234.46	236.94	246.95	268.44	274.29	321.9	332.49	334	334	335	336	337.04	339.5	341.92	349.17	353.52	359.36	363.2	368.05	375.16	377.86	393.04	424.85	431.12	437.43	447.92	448	449.4	450.22	458.56	463.53	466.2	470	473.64	478.74	481.16	485.37	488	488.21	489	490	491	492	492	493	493	493	493	494.31	495	495	495.44	496	496	496	497	497	497.7	498	498.12	499	500	500.25	501	501.67	502	502.18	504.8	506.02	510	510.93	512	519.7	522.42	529.77	530.48	532.19	535.7	536	537.96	542.06	546.22	547.45	568	569.74	587.32	627.159999999999	780
MLT1E1	17	37.04	49.04	57	63.08	69	72	75.14	81	84	86.2	92	96	101.52	107	110	115	122.34	128.36	134	141.4	148.42	152	161	165.48	171	175	180.54	184	187	192	196	203	213	216	224	230	238	243	251	257.8	267	276.84	290	302	315.9	320.92	329	339.96	347	353	361.02	371.08	380.18	395	409.1	419	430.14	437.32	446	448	455.66	461	468.26	473	478.3	481	485	492	498	499	503.84	507	512	514.96	521	525.52	528	530	534.58	538	543	547	550	553	556.7	562	564	567	569	574.8	578	580	585	589	591.9	595.84	600	609.92	620.98	681
LTR78B	12	42.51	52.02	58	63	66	69	71.57	75	77	81	84	86	88	90	92	94	95	97	99	100	102.71	104	106	108	110	112	114	117	119	121	123	125	128	131	132	135	137	139	141	143	145	147.42	150	151	153	155	158	161	163	165	168	169	172	175	179	182.56	186	189	193	196	201	206	212	216	221	226	233	236	243	248	256	261.72	269.23	275.74	283	288.76	297	304	313	320	330	338.82	350	357.84	368	377	386	398.88	414	428.8	454	481	514	548.94	585.350000000001	654.92	705.94	788.94	886.959999999999	1341
L1MB1	10	22	34.92	39	44	47	51	56	60	63	68	74	78	82	88	93	98	103	109	115	120	125	131	135	139	143	148	153	158	163	167	175	182	190	199	206	213	221	227	235	243	250	257	265	277	286	294.16	301	311	318.04	326	336	344	351	360	367	374	382	391	400	413	425	437	450	465	478	491	506	521	539.240000000001	551	567	585	609	630.04	649	664	691	710	734	760	787	823	853.68	879.279999999999	916.599999999999	960.559999999999	1017	1075	1136.88	1201.4	1273.44	1373	1479.28	1596.24	1739.6	1899.48	2089.12	2430.48	3050.08	5713
Tigger4a	10	21	34	41	48.84	53	56	58	64	69	74	80	83.52	87	91	97	102	109	114.28	122	129	133	137.12	141	145	150	153	158	162	166	171	175	179	183	186	188	191	193	194	197	198	200	202	205	206	208	208	210	211	212	213	214	214	215	216	217	217	218	219	219.64	220	221	222	222	223	224	224	225	225	226	226	227	227	228	228	228	229	229	230	230	231	231	232	232	233	233	234	234	235	235	236	236	237	238	239	240	242	245	248	254	348
L1MD2	10	23	33	42	49	55	60	64	68	72	77	83	88	93	98	103	108	113	118	123.39	129	134	140	145	149	153	158	163	168	172	178	183	189	194	199	204	208	214.97	220	227	233	241	247	254	259.64	267	275	283	289	297	304	311	319	326	336	344	351	360	372	382	393	403	414	427	439	450	463	476	490	505	519	535	551	568	587	607	623.559999999999	649	671	691	708	729	751	780.230000000001	810	839	875.66	904	937	978.09	1021.9	1061.71	1126.52	1194.33	1268.28	1355.95	1486.76	1641	1914	2363.19	5399
MER115	12	39	50	54	59	65	71	74	76	81	83	86	88	91	95	99	104	107	111	115	119	122	124	128	131.56	135	140	142.13	148	150.51	154	158	161	164	166	169	173	176.03	179	182	185.6	188	192	195	197	201	204	209	213.12	218	221	225	229.88	234	239.26	245	249	253	258.02	265	271	275	282	288	293.16	298	308	311	317	323	334	342.49	349.68	356	365	373	381	386	400	408.01	418	426.39	434	445.77	462.96	479	495	511	531	545	560	573.29	588	598.67	610	621	631.719999999999	647.43	657	668.81	725
MER77	13	37	47	58.01	63	69	75.02	81.69	86.36	93.03	100.7	105	112.04	117	120	127	131	134	137	139	145	151.07	156	164	170	180.75	190	196.09	203.76	211	218.1	221.77	233.88	250.11	257.56	268.8	280.12	290	295	304.26	316.8	327.47	338.42	352	366.44	375.15	387	401	417	423.83	428	445.17	456	465.51	471.18	476.85	486	493.19	501.86	506	514.4	519	523	528.21	532.88	537.55	540.22	543.89	546.56	549	553	557	561	563	566.58	569	572.92	576	579	580	582	584	587	590	592	595	597	600	602	606	609	612	615.64	619	621	624.65	628.32	633.99	651	663	853
LTR3A	33	39.12	45.96	69.66	80.08	81.8	90.68	105.8	124.12	133.06	150.8	176.78	217.16	225.3	233.48	254.9	288.56	319.16	342.56	363.98	387.8	404	404	404	404	404	404	407.24	410	410.58	412.8	415.86	420.84	424.32	425.68	427.4	431.6	433	433	433.78	434	434	434	434	434	435.8	437.84	438	438.96	439	439	440	440.04	441	441.08	442.3	445.36	448.14	449	449.72	453.2	454	454	454	454	454.3	455.96	458.34	459.36	460.76	462.4	463	463.44	464.46	465	465.5	466	466.54	467	468.16	469	469	469.64	470.66	472.36	473	473	473	473.76	474	474	475.64	482.72	485.72	486.88	487	488.84	489.94	499.6	517.64	522
MER77B	13	37.46	46	49	56.92	66	71	77.61	82	85	91.3	97.53	100	103	108.22	113	121.68	128.91	136.14	142.37	149	154.83	164.06	177	184.52	193.75	201	208	216.88	224.67	232.9	241.13	254	264.59	275.82	285	295.28	304	313	318	321	323	333	339	346	353	361	373.81	383.04	394.54	413	425	438.96	450	460	469	487.88	499	507.68	521.71	533	541.03	551.52	561	567	574.95	581	586.41	594	597	600	602	605	606	609	613	617	619	624.94	627	630	634	636	642	646	651	653.78	658	663	667	671	677	684	690	695.62	704	714.24	724.93	747.54	763.77	794
LTR33C	12	40	43.08	48	54.16	61.2	66	70.28	76	80	83	87	92	95	98	100	102	105	108	110	113	115	117	119	122	124	126	128	130	132	134.2	136	139	140.32	142	144	147	149.48	152	154	156	160	162	165	169	174	181.84	191.76	194	200	210	217	223.08	229.12	233.16	238.6	250	256.28	266	269	279.4	283	295	302	307	313	325.28	337.68	348.44	360.76	367	375.84	390.76	398	405.96	413	420	432.32	450.12	470	483	491.24	504.28	510	516.36	524.4	531	537.48	543.52	549	554.6	557	561.68	566	572.76	580.8	585	593.76	607.92	615.96	674
LTR85c	11	23.48	38.96	45	51	55.4	58.76	62	65	69	71	73	76	77	81	85	87	90	92	94.12	97	99	101	104	105	108	110	112	113	114	115	117	119	121	122	124	126	127	129	131	134	136	138	140.64	144	146	149	151	152	154	156	158	161	166	168.92	172	176	180	182	184	188	190	193	197	198	202.2	207	210.16	215.28	220	223	228	232.56	238	244	251	256.48	262	272	277.92	291	300	311.08	323	332.32	346	354.28	362	371	381.44	397	409.68	423.48	432	456.12	480.2	505.32	561.68	613.919999999999	705.04	861
Kanga1a	11	33.42	42	44.26	47.68	51.1	53	56	58.36	60.78	64	65	67	68	69.88	71	72	74	75.56	78	81	84	86.24	89	92	95	97.92	101	104	106	108	111	113.44	116.86	118.28	121.7	124.12	128	130.96	136.38	139	144	149.64	154	159	165.9	171	173.74	178.16	183	190	194	202.68	208.26	211.68	221.1	227.04	233.82	240	246	258.2	264.62	276.08	283	290	296.3	304.72	308.14	316	323	332	342	354	365	371.08	376	384	396.68	402	406	414.2	425.02	438.88	449.3	459.28	472.8	490	517.48	552.88	574.38	598	615	629.64	642.12	665	677.8	682.64	694.74	706.48	718.58	762
Kanga1d	10	29.26	37	39	44	46	50.78	53.41	55.04	58	59	61	64	64.19	66	68	69	71	72	73	74.6	76	77.86	78.49	80.12	82	83.38	84.01	86	87.27	89	90.53	92.16	94	96.42	98	100	103	104	108.57	110	113.83	115	117.09	120	123	124.98	127.22	131	134	138	140	143	145	146	147	147	147	147	147	148.8	151	154.06	160	163.32	168.95	173	178	181.84	186	191.1	199.19	206.36	212.98	221.24	234.25	243.88	255.51	273.7	296.77	306	322.06	337.64	355.29	367.92	384.4	411.36	431.62	447.44	463.49	479.4	486.66	505.84	514	521.22	531	540.92	551.11	561.74	590.48	629
LTR105_Mam	13	46.3	51	56.9	65	67	71.8	74	77.2	81	83	86.15	89.8	95	99	101	102.4	105.15	109	115.35	119	120.65	124	125.95	129	132.25	135	139	141	144	147	149.15	156	163.9	169	172	177.4	180.05	188	190	193	196.65	200.3	206	210.6	216	218.9	225	227.2	232.85	236	239.3	244.6	251	258.1	261.75	265	268.05	276.7	280	286	293.3	296	300.95	307	309.25	314	317.55	323	327.85	336	340.15	347.8	355.45	360.1	369	373.4	380.05	386.7	391.7	402	410.65	416	430.75	444.6	455.25	459	465	477	485.85	493.5	502	510.4	520.45	526.2	540	551	560.05	566.4	574.35	598
MLT2B2	13	31	37	40	44	47	50.52	54	57	61	64	69	73	78.46	85.8800000000001	91.3	103	110	115	121	133.8	145.82	153.24	166.66	178	186.5	198	211	220.76	232	248.6	266	275	290.58	308	313.7	333	350.08	359	374	387	395.44	402.64	409	415	420.9	425	428.74	435	439	442	444.42	448	451	454	457	460	463	466	469	473	475	477.04	480	484	485	488	490	492	494	496	498	500	502	504	505.5	508	509.34	512	514	516	517.02	520	522.86	525	528	533	536	540	543	547	552	556	560.06	564	569	575.32	583	596.32	616.58	804
MLT1L	10	36.49	44	50	54	57.45	60	63	65	68	70	73	76	78	81	84	87	90	93	96	99	102	104	107	110	113	116	119	122	125	129	132	135	138	142	146	148	152	156	160	163	167	170	174	178	181	185	189	193	197	201	205	210	215	218	222	226	229.93	233	237	241	245	249	254	259	264	269	276	283	290	297	304.79	314	323	331	339	347	354.73	361	367	374	380	385	391	399	405.65	412	419	428	436	446	456	467	481	496	509	525	542	558	579	790
MER85	22	36.03	42.02	56.06	76.04	89.05	92.06	97	107.08	111.09	114	115	117	119	119	120.15	121	122	122	123	123	123	123	123	124	124	124	124	124	124	125	125	125	125	125	126	126	126	126	126	126	126	126	126	126	127	127	127	127	127	127	127	127	127	127	127	127	127	127	127	127	127	128	128	128	128	128	128	128	128	128	128	128	128	128	128	128	128	128	128	129	129	129	129	130	130	131	131	132	133	134	135	136	137	138	138	138	138	139	141.99	180
MLT1J1	11	40	49	53	58	61	64	67	71	74	77	79	82	84	86	89	91	94	96	99	101	104	108	111	115	117	121	124	127.8	130	134	137	140	143.8	146	150	154	157.2	161.8	165	169	172	175	179	182	186	190	195	199	205	210	216	221	226	232	237	242	246	253	257.4	263	269	274	279	285	290	295	302	307	312	316	321	326.2	331	336	339	342	346	350.8	356	360	363	368	370.8	375	379	383	386	390	393	398	403	406	410	414	417	423	429	436	447	656
MER92B	10	25.55	34.9	40	44.8	51.5	56	59	62.6	67	68	71	72	74.35	78.6	84.25	88	91	95	98	102	107	115.9	120	129	134	137.7	143	147	150	154	163	168.4	171.35	175	177.25	181.4	188.45	196.1	201.05	203	207	213.9	219.7	228	233.75	237.7	247.65	255.6	261.55	265	272.9	277	290.7	300.3	308	319.4	337	343.1	354	363	369	377.9	404.85	417.8	430.75	441.7	454.3	467.2	474.55	487.5	496.9	502.2	509.7	517.9	532.25	540.4	548.15	556.1	560	562	570	577	582	585	590.75	597	600.65	605	608	612	615	621.8	624.35	632	637.25	645	650.15	659.1	670.1	706
LTR10E	11	41.04	53.24	60.32	79.16	80	81.48	96.84	108.6	114.08	120.8	132.44	136.4	147.16	167.12	185.6	257.32	266.36	292.44	318.76	327.8	336.88	346.76	365.6	373.72	381	399.28	445.64	455.36	461.88	484.8	510	515.84	520.6	527.36	530	532	532.48	534	534	536.2	541.64	545.68	547	550.04	551	551.84	552	554	554.96	556	557	557.08	558	558	559	559	559.28	560.32	562	562	562.44	564.96	566	566	567.6	569.64	571.36	578	579.52	580	582.52	584.76	586.92	590.96	595	596.08	598.16	600.24	603.32	605.2	607	608	609	610	611	613	614.48	615	616.56	617.6	622.64	625.36	626.72	629.76	631	634.36	639.4	645.76	655.88	672
MER63C	10	32.89	38.56	43	47.56	50	56.68	60.23	63.12	67	70	74.79	77	80	87	89.35	94	99	104	107.91	111	114	120	127	134.36	140.25	146	150.03	153.92	161	165.7	173.59	183.48	193	203	207.3	216.08	222.93	231	242.13	246.6	252	265.38	273.54	282.16	296	308.94	320	331	344	360.5	368	380.28	389	398	404	411.84	421	428.62	435	445.4	458	472.18	481.07	491.92	502.85	508.74	517.26	531	542.64	575	585.52	600.16	610.97	619.72	627	638	647	654.42	671.31	686.4	708.09	720.98	755.74	771.04	785.3	797.54	813.86	826.32	839.21	848.2	858.99	865.88	875.77	889.32	897	904.88	914	921.44	946.11	1126
LTR16E2	12	44.05	51.1	56	63.2	72	76	81.35	87	90	95	98	101	105.65	110	114	116	120	123	126	129	132	136	141	143	147	151.3	155	158	162	167.5	171	177	181	185	188	193	197	202	205	210	213	217.1	222.15	227	234	238	244.35	250	254.45	261	265	272	278.65	285	290.75	296	300.85	306	311.95	317	321	325.1	334	341	346	352	358	366.4	377	384.5	391	398.6	405	409.7	417	426.6	434.85	439.9	444	452	457	463	469	477	481.25	487.3	491	497	502.45	507	510	515	519.65	524.7	530	536	540	547	559	598
L1PA13	10	34	50	60	70	78	86	93	101	109	117	125	133	142	151	160	171	180	188	196	202.8	209	215	223	231	240	249	258	269	278	288.7	296	305	312	323	333	340	348	355	362	371	379	388	396	408	420	432	443	451	462	475	484.09	497.68	511	526.860000000001	543.450000000001	560	574.63	593.219999999999	614	632	650	667.58	683	699	716	738.940000000001	761	779	803.710000000001	821	838	861	885.139999999999	927	974.25	1017	1066	1117.02	1155	1208	1263.79	1326	1389.91	1435	1495	1572	1669.33	1759.84	1866.51	1987	2115.76	2287.28	2504	2713.46	2934	3261	3691.36999999999	4225.82	5403.28	8086
Kanga1b	10	22	29.68	37.68	41.36	45.8	53	55.46	61.96	67.04	69.8	72	74	75.14	77	78.7	79	80	82.04	84	86	88	89	90	94	97	98.56	102.12	105	109.24	111.4	113	118.96	122	125.52	126	128.08	130	133.92	139.42	144.4	148.98	152.76	154	156.96	161.1	162.88	165	169.32	174	178	180.78	186.12	190.34	194.12	200.8	211	214.38	223.24	231.06	237.8	241.58	250.36	259.84	268.92	279	284.48	289.56	301.12	314.28	323.2	333.76	341.32	346.88	354.72	371	379.8	398	401.68	420.86	424.8	435.08	451.96	481.44	497.12	518.3	535.4	550.72	568	583	588.2	593.96	614.52	626.24	666	695.3	701.76	715.3	729	736.98	823
MLT1F1	10	25	37	45.02	52	56	62	64.38	70	77	83	86	91	95	98	100	104	109	114	119	122.8	127	133	139	144	149	153	159	163	166	171.2	178	183	188	195	202	211	220.58	230.92	239.26	249	257	268.28	279	289.96	300	309.64	320	329	339	347	359	369	379.02	387.36	394	402	408	416	423	432	438	444	450	452	457	462.44	466	472	476	480	483	486	490	494	496	499	502	506	507	510	513	516.88	518	521	523	525	527	530.92	534	537	540	543	545.62	549	555	559	564.98	576	600	1161
L4_B_Mam	10	34	40	45	49	52	56	59.22	62	65	69	72	75	79	81	84	86	89	92	95	97	100	102	105	107	110	113	115	117	120	123	126	130	132	135	138	141	144	146	148	151	154	157	160	163	166	169	172	175	178	180	184	187	192	195	198	202	206	210	213	218	222	226	230	233	237	242.36	246	250	257	262	265	270	275.58	281	285.5	289.96	297	304.88	314	321.8	327	338	346.18	356.64	366.1	380.56	392	403.48	418	440.4	453.86	473	494	518.24	541.7	587.16	626	719	872.02	2195
L1ME5	10	26.41	41	47.23	53	58	62	65.87	69	73	76	79	82.92	85	88	91	93.5600000000001	96	99	102	104	107	110	113	116	119	122	125	128	132	135	140	142.12	145	148	153	157	161.17	166.58	172	176	180	184	188.63	194	199	204	209	216	223	227	232	237	244	249.14	256	263	268	274	282	291	296	306	312.83	320.24	327	333	340	347	357	366	376	386	395.93	405	418.75	429	443	461	471	484	497	510.62	524.03	540.44	552	566.52	584.67	600.24	623	650	677	702	740	776.54	830	865	900.77	1022.9	1285.59	4281
MamRep4096	10	35	42	46	49	53	56	60	62	64	66	67	68	70	73	75	77	79	81	82	83.6	85	87	88	89	91	93	94	96	97	98	100.98	103	106	107	109	110	111	113	114	116	117.78	119	121	122	125	126.68	128	130.84	133	136	138	140	142	144	147	149	151	154	156	158.8	162	165	169	171.12	174	177	179.86	184.44	188	194.6	200	207	213.34	218	224.5	232	235.66	241.24	246	255.4	264	273	278	286	293.3	300.76	306	315.08	326	334	345.78	356.36	361.94	369.52	375.400000000001	385	390.26	398.84	407.42	452
MER21B	10	21	30	41	50	58	69	75	80	86	90	95	102	109	119	128.5	135.8	141	145	149.7	154	161	167.6	173	182.2	189.5	196	204	214	226.7	241	249.3	260.6	269.9	276.2	284	296.8	311	322.4	331	346	359	371	378	385	393	400.8	414	426	433.7	442	453	460	468.8	482.4	497	513	528	549.8	570	583	594	609	634.9	652	669.5	684	691.1	707	721	732	740	745.6	751	759.2	766	774	778.1	783.4	788	793	797.3	801	804.9	810	813	816	819.1	823	826	829	832	835	838	842.2	846	852.8	861	875	907.7	1227
L1P2	11	20.3	35	40	45	51	55.8	60	65.4	70.7	77	84	88.6	91	95	99.5	108.6	115	125	130	136	147.3	158	167.9	177.2	189	199	209	223.4	236.7	250	272.2	295.6	312	344.2	365.5	380	393.1	422.4	455.4	476	503.6	520.6	553.4	588.2	620	675	720.4	765.4	815.2	865	926.9	968.6	997.7	1050	1070.5	1110	1166.1	1216.4	1260	1315	1374.3	1400	1442.8	1479	1550	1600	1688.5	1748	1806.1	1867	1944.6	2045.8	2109.4	2193	2237	2255.8	2286.2	2329.2	2389.4	2480	2571.9	2682	2828.6	2960.2	3055.5	3159.8	3276.6	3438.2	3527.8	3684	3872	4016	4214.40000000001	4386	4568	4808.2	5040	5420	5595.6	6114
LTR85a	10	36.67	45	50	54	58	59	62	64	68	71	73	75	76	79	80.05	83	84	85.06	87	89	91	92.74	95	96	99	101	103	105	108	110.1	112.77	114	116	117	119	120	122	123	125	127	130	132	134	136	138	141	143.49	146	147.83	150	153	155	157	159	160	162	165	167	170	173.2	177	179	182	186	189	193	198.89	208	212.23	217	223.57	230	236.91	244	249	255	263	270	277	283	291	302.94	310	317	327	341.62	350	361	370	378	390	399	415.62	432.98	452.3	488.32	520.97	566.599999999999	634.32	770
Tigger19a	14	35.78	41	45	48	50	52	54	57	59	61.8	64	66	68	70	72	74	75	77	79	81	83	85	86	87	89	90	93	95	96	98	99	101	103	104	106	108	110	111	114	116	118	120	122	124	125	128	130	132	134	137	139	141	143	144	146	148	149	151	152	155	156.58	158	160	162	164	166	167.26	170	171.82	174	176	178	181	183	186	189	192	195	197	201	204	208	211	214.52	219	222	226	230	235	240	246	250	255.54	260	268	276.88	282.66	292	302	345
HAL1ME	10	30.06	43	49.18	54	59	63	66	69	72	74	78	81	84	87	89.8999999999999	92	94.02	97	99	102	105	107	110	112	114	117	119	121	123	126	128	131	134	136	139	143	146	148	151	154	158	161	165	168	171	174	178	182	185	189	192	195	198	201	205	209	213	217	222	225	230	235	239	244	248	254	258	264	268.14	275	281	286	292.38	299	305	311	319	327	335	342	351	361	370	385	398	410.16	426	442	462	486	510	539.040000000001	577	608.64	655.100000000002	703.759999999999	768	860.88	979.94	2079
LTR24C	13	27.57	29.14	32	33	33.85	35	39.97	43	48	54	56.81	64	68.23	73.96	74	77.12	79	80.78	92.32	99.2	106	111.08	120.33	127.04	136	137	138.39	143.88	144	147.3	152.68	162	170.43	183	188.95	200.04	205.27	211.66	217.22	233.6	234	236.94	251	260.08	268.95	275.22	281.37	284.8	292.86	293	300.28	308.56	314.47	326.34	334.35	341.84	346.49	350.12	355.26	364.2	400.31	419.34	426.73	443.96	459.25	468.24	472.38	488.08	510.66	515	525.41	530.2	543.44	551	557.75	559.64	564	568.46	570	572	576.17	578	582.31	585.76	587	589	591	592	592.73	593.3	594.87	597.88	600	601.58	608.15	611	616	620	627.86	675
L1MA1	10	25	37	50	56	66	77	81	87	91	96	101.43	106	113	120	125	132	140	147	154	158.6	163	169	174.99	180	186	193	199.51	207	215	220	226	233	239	246	253	257	263	271.94	278	286.2	297.33	312	324	335	346	360	376	393.24	406	421	439	456	480	510	527	546.28	568.41	598	619	648	679	708	742.19	773	810.45	843	874	913.84	960.97	1013	1046.23	1085.36	1124.98	1176	1231.75	1293.88	1340	1394	1456.62	1531.2	1587.53	1660.98	1745	1868.44	1986	2087.54	2242.17	2375.88	2483.57	2686.7	2794.83	2995.96	3165	3423	3665.75	4042.96	4514.44	5126.4	6157.63999999999	7823
MSTC	10	30.72	39	43	46	50	53	55	62.76	65	67	71	74	77	81	85.8	91	95	99	105	112	122	129.84	140	149	158	166	177	185.16	191	198	206	214	223.76	230	234	246	258	268.36	280	291	302	311.24	321.96	328.68	336	343	346	352	356	358	361	364	366	368	370	372	375	377	380	383	385	387	390	392	394	396	398	399	401	402	404	405	407	408	409	410	411	412	413	414	415	416.04	418	419	420	421	423	424	425	426	428	429	430.96	433	435	438	442	447	461	654
AluYb8	11	48.44	54	71	92.76	106.6	131.64	156	178	201.88	228	257.84	272	277	283	286	289	292	295	298	300	301	302	303	304	304	305	305	306	306	306	307	307	307	308	308	309	309	309	309	310	310	310	310	311	311	311	311	311	312	312	312	312	312	313	313	313	313	313	313	314	314	314	314	314	314	315	315	315	315	315	315	316	316	316	316	316	317	317	317	317	317	317	317	317	317	317	317	317	318	319	319	320	321	322	324	325	328	331	339	377
MER21A	11	29.75	41.5	46.25	54	62	67	72	79	85	89	95	100	106.75	117.5	125	129	135	140	146	150	154	159	164	169	176	180.5	185.25	193	197	205.5	213.25	220	225	234	240	247	254	261	276.25	285	293.5	307.5	318	334	346.75	360	368	379	390	404.5	419.25	433	459.25	473	487.5	501	512.75	523	535.5	548	566.75	587.5	604.5	630	647.75	671.5	681.5	696	709.75	719.5	731	741	748	754.5	761.25	766	769	771.5	780.25	784	787	790.5	799.25	811	822	828.5	840.5	850	862.75	876	892	902	911	918	925	936	951	964.5	989.25	1507
X6a_DNA	25	40.78	46	51.34	56	59	63	65	66.24	69	70	71.58	73	75	77	79	81.48	83	85	86	87	88	89.16	90	92	93.5	95	97	98	99.62	101.4	103	104.96	106	108	109.3	112	112.86	114	115	116	117.98	119	120.54	121	122.1	124	126	127	129	132	132	133	135	136	138	141	141.46	144	147	148	150	153	155	157	158	160.48	164	166	169	174	178	180	183.94	186.72	189.5	193	198	202	206.62	208	212.36	215	220	223	226	231	235.86	238.64	244.42	253	260.98	270	278.54	287.32	296	301.88	309.32	318.44	337.32	371
MSTB2	12	32	39.2	45	47.2	51	56	60	64	68	71	75	81.6	91.15	102.7	113.25	131	140	150	159.45	169	182	196	206.3	222.2	229	246	267.85	280.4	293.9	309.5	322.05	334.6	345	355.7	362	368.6	374	381	384	388	390	393	394.65	397	399	401.3	403	405	407	408	410	412	413	415	416	417	419	420	421.45	423	423	424.1	425	426	427	428	429	430	431	432	433	434	435	436	437	437	438	439	441	442	443	444	445	446	447	448	449	450	451	452	453	455	456	458	459	462	465	472.8	485.35	568
MLT2A2	13	37.18	45	50.54	55.72	62	66	74	81.44	95	116.8	141	159	171.34	193	211	234	260	296.24	318.84	350.6	367	387	394	402.32	411	420	426.86	431.04	435	438	440	442	443	445	446	447	448	450	450	451	454	460.56	469	476	484	493	501.46	504.64	507	510	512	514	516	517	518	520	522	526	527	529	531	532	533	534	535	536	537	538	539	540	541	542	542	543	543	544	544	545	545	546	546	547	547	547	548	548	549	549	549	550	551	553	554	555	556	558	560	567.64	587.82	723
MER48	43	70.2	74.1	75	75.2	76.75	87.4	121.7	184.6	242.95	258	283.5	297	310.65	318.7	320.5	321	321.85	328.3	334.7	343	355.05	356.4	360.75	365.6	368	368.9	372.05	374	374.45	375	375	375.6	377.3	378.7	379	379.8	380	381.8	382	382	383.05	384	384	384.2	385	385	385.35	386	386	386.5	387	387	387	387	387	387	387	387	387.95	388	390.05	391.2	393.15	394.2	395.25	396	396	396.4	397	397	397	397.6	398	398.7	399	399	401.55	402.9	403.95	404	405	405	405.15	406	406	406	406	406	406	406.5	409.2	411.6	417.85	423.1	431.5	434	446.75	466.1	599.1	619
HERVH-int	43	131.82	250.16	414.46	541.28	602	649.68	706.11	790.64	839.19	897.2	975.02	1017.76	1064.83	1161.48	1235	1334.92	1461.41	1606.4	1697.74	1766.6	1993.55	2088.6	2206.93	2392.6	2546.5	2742.74	2855	3051.44	3245.18	3455.5	3541.26	3620.2	3770.24	3946.7	4129.1	4274.84	4390.36	4449.58	4542.23	4623.6	4713.03	4788.22	4877.13	4976	5022.6	5082.66	5179.55	5235.4	5321.85	5391	5446.97	5495.28	5535.46	5561.56	5592.05	5608	5627.87	5643.34	5659	5670.6	5680	5691.42	5703	5710	5722.15	5730.06	5740.97	5749	5760.79	5776.7	5786.61	5802.52	5816.29	5828	5844	5854	5866	5878	5903.46	5923.6	5939.13	5961.62	5977	6002.44	6026.7	6063.26	6118	6155.08	6208.98	6252.5	6314.86	6361	6427.41	6532.54	6722.5	6924.84	7386.83	8067.44	8651.94	12414
L1PA17	10	22	35	43	49	57.4	64	69	76	80	86	92	99	106	112	117	122	127	133.84	139.72	145	151	157.36	165	169.12	175	181	185	190	195	200	205	212.16	218.04	225	236	245	254	261	269	277	286	293	302	316.72	326	334.48	341.36	346	352	358	364	370.76	379	388	399	413	425.16	438.04	449	460	471	485	499	517	534	550.08	564	577	600	626.6	646	662	679.24	700	723	748.88	778	796	820.52	852	894	949	1002.04	1059	1169	1245.36	1348.8	1423.88	1494.28	1618.2	1749.08	1852.8	2007.84	2216.6	2478.8	2756.96	3055.36	3564.35999999999	4471.48	7042
L1PB4	10	27	37	46.17	53	59	65	70	74	79	85	89	95	101	106	110	114	118	122	125	129	134	136	141	145	149	154	160	166	173	178	183	189	194	199.26	205	210.04	216	223	231	239	246	253	260	268	275	284	292	300	309	319	328	335	342	349	354	358	362	366	371	381	392	410	424	439	455	469	485	500	519	535	555	574.08	596	618	643	661	684	708	740	773	799	825	853.370000000001	892.76	944	994.54	1062	1139.32	1206	1297.1	1367.96	1492.88	1614.27	1752	1931.1	2070.2	2406.96	2874.76	3781.29999999999	7075
LTR53B	37	44.31	55.02	69.62	72.48	78	85.62	88	90.12	99.72	109.6	131.94	140.92	191.09	200.78	203.65	212.76	226.27	240.18	265.63	270.8	282.19	293.64	308.68	315.92	331.75	335.26	356.69	367.72	395.63	404.1	406.74	416.6	428.41	429	431.85	441	443.49	444.26	449.03	450	452	452.34	457.11	458.88	461.3	464.42	466.19	467	469.46	470.5	472.27	474.12	478.62	481.16	483.35	486	486.89	487	489	489	489.97	491	494	495	496	496	497	497.36	499	499.9	501	502	503.21	504	506.5	507	507.29	508	508	509	509	509	509	509	509	509.22	510	510.76	511	512.3	513	513	514.83	516	517.15	518.92	527.76	530.46	533.46	618
L1ME3F	10	20	32.08	41	47.16	53	61	65.28	70	74	78.4	83	86	91	94	98	101	104	108	111	115	118	122	125	129	132	137	142	145	148.16	152	156	159	162	165	169	173	177	181.52	186	191	195	200	205	209	213	217.84	223	226	231	237	242	248	255	261	268	275	281	286.32	291.36	299.4	306	314	321	329	337	346	356	363.72	372.76	382	394	404.88	415	428.96	443	457.04	469	484	502	519	535.24	552.28	569	584	603.4	626.88	643.48	667	697	725	753	793.68	846.72	885.76	949.200000000001	1016.68	1123	1277.84	1546.4	3567
MER61B	16	29.7	46.56	58	74.32	99.2	121.52	182.08	215.24	229.56	244.4	262.54	268.04	273.82	279.8	282.2	285.48	288	290	292	294.8	296	297	298	299	299	300	301	302	303.06	304	305	307	309	310.76	311.9	315	315.18	316.32	318.46	319	320.74	322	323	324	326.3	327.44	328.58	330.72	333	335	336	337.28	338	339.56	341	342.84	344	346	347	348	352.24	359.68	362.64	366	369	373.72	381	383	384	387.6	391	394	396	399	399.5	400	402.78	405.84	408.12	411	412.68	415	417	417.76	419.9	421	422	423	424	425.6	426	426.88	432.04	443	446.3	449.76	456.16	458.72	463.72	483
MLT1A0-int	10	41.66	63.28	71.28	90.56	103.9	119.24	135	157.08	165	196.6	216.36	236	257.76	279.6	300.1	319.4	337.84	361.84	381.44	406.2	423.98	436	445.48	460.24	468	478	484.26	498	511	521.4	531.12	543.48	559	571.92	582.6	600.72	612.42	629.44	640.82	660.4	680.58	692	701.34	724.44	732.1	743	764.72	774.48	787.62	801	815.38	828.56	840	852.52	869.9	896.28	913.66	928.24	943	953.8	970	979	988	996.64	1010.7	1022.16	1042.76	1067.68	1093.44	1109.6	1137.96	1176.24	1211	1237.6	1272	1308.92	1364.08	1432.16	1466	1497	1544.56	1569.64	1601.32	1654.2	1695.5	1752.08	1792.78	1881.04	1990.46	2033.2	2080.58	2110	2146.36	2207.04	2238.4	2313.2	2382.3	2446.24	2457	3254
LOR1a	18	36	44	52.15	67	71.05	76	84.07	93.24	123.09	129.1	145.44	158	168	177.56	197.15	210.48	227	230.18	234.57	239.2	248.21	269.22	274.46	281	289.25	306.26	311.81	324.28	332.16	341.3	353	366.96	378	387.34	395.35	409	415.37	421.14	432	437.4	441.41	447	449	454	460	461	464.47	467.48	471	474	476	477	478	479	480	481	481	482.58	483	484	485	486	487	487.64	488	489	489	490	491	491	491	492	492	492	493	493	494	494	494	495	495	495	496	496	496	497	497	497.88	498	498	499	499	500.93	502	505.95	509	517	523.98	544.99	595
LTR33A_	11	36.58	46.16	54	62	66	72	77	82	86	90	94	96	99.54	102	106	110	112	117.44	122.02	125	129	134	138	141	146	150	153	157	159.82	163	166	168	172.14	175	178	181	184	187	191	194	196	200	204	209	212	216.68	225	227	233.42	240	245.58	252	260	265	274	279	289	296	305	311	320	328	335	344.12	353	361	367	377.44	385	391	398	406	411	416	420	423.08	428	433	439	442	447	450.56	454	458	461.3	465	470	473	476	480	482	486	490	495	499	504	513	522	527.84	605
MER57B1	13	16.18	20.44	32	34.72	36	37	37	38	39	40	41	42	43	44	47	50	59	67.24	84.42	98.2	122.12	130.88	146.14	159.32	173	179.36	197.72	209.04	222	237.4	248.16	271.56	282.88	306	325.3	331	331.66	345.84	355.02	360	363.38	366.56	369	370.92	374	375.28	376	378	379	380	381	382	383	384	385	385	386	387	387.62	388.8	389	390	390	391	392	392	393	393	394	394	395	395	395	395.32	396	396	396	397	397	397	397	398	398	398	398	398.48	399	399	399	399	400	400	401	402	403	405.28	410.46	415.64	423.64	441
AluYh7	31	44	46	52	54.44	58	61	61.27	63	64	66	66	67	67	67	68.15	69	70	71	72.59	74	75	75	77.03	79	79.25	82	83	84	85.69	87.3	89	91	93	96	98	101.96	103	106.54	111.79	118.4	122	124.62	129	131.84	133.45	137.06	140	144	145	146	149	150	152	155	158	160.16	163	164	165	166.6	171.63	175	177	180	183.3	186.26	191.74	205	216.45	232.4	260	271.92	278	281.28	286.5	290.36	294	296	297	298	299	301.02	302	302	303	304	305	305.68	307.29	308	308.51	309	309	310	311	312	313	315	316.78	380
LTR16A2	12	39.12	47.24	57	63	70	75	78.84	84.96	89.08	93	98.32	105	107	112.68	115	118	123	127.16	131	135	141	143	146	150	155	158	163	168	174	177	180.72	185	189	192	196.2	200.32	205	212	215	219	226	233	237	243	247	254	257	261.76	267	272	276.12	284	289	296	304	312	318	325.96	332	337	342	347.44	352.56	358.68	363	370	377	383	385.28	390	395.52	399	404	407.88	409	414.12	418	420	424	428	431	434	437	440	444	448	451.44	454.56	457.68	459.8	463	465	468	473	477	482	488	493	500	554
LTR53	11	39.18	59	63	67.36	78.3	85.36	97.84	101.96	110	117	122	127.36	136.56	141.84	149.95	157.48	164.01	171.16	189.42	204.2	211.39	225.64	231.19	241.72	250.75	266.02	276	284.84	296.85	307.9	320	323.84	328.96	340	354	370.08	375.22	381.56	387.34	391	396.73	406.26	413.58	416.32	423.85	426.38	430.82	437.44	440.94	448	451	454.56	459.27	463	467	469.68	474.42	477.74	479	480.8	482.66	485	486	486.92	488	488	489	490.04	491	492	492	493	494	494	495	496	496.81	497	498	499	500	501	501	503	504	504.58	506	506	507	507	509	510	511.29	513	514	515	519.64	524.94	537	596
X17_LINE	17	31	32.3	36	38	40	41	42	43	45	46	47	48	49	50	52	53	55	56	58	59	60.65	62	63.95	65	67	68	70	71	72	73	75	76	77	78	79	80	83	84	86	88	89.65	91	93	95	97.25	99	101.55	103	105	107	110	112	113.45	115	116.75	118.4	120	120	122	124	125.65	128	129.95	131	133	135	137	138	140	141	143	145	148	151	154	157	160.05	163.7	166.35	169	173	174.3	179	182	187	190	195.55	199	204	212	221.15	229.8	237	242	247	252.4	259.1	273	286	606
MER90	12	36.88	44.92	55	60.84	75.6	81	82	88.36	94.28	96	101	105	109.48	117.32	123	126.36	131	135	141	145	149	154.24	158	162.16	168	171.92	177.92	183.88	186	190.8	195	202	204	210.64	221.6	225	228.52	234.48	237	241	243	248	255.56	266.96	274.2	281.16	285.24	291	300.04	304	311.96	315.92	319.88	325.84	331.6	341.52	349	357.68	371.64	381.6	385	396.52	407.88	418.44	428.6	437.72	441.32	452.28	459.24	470	475.16	484.24	490.08	494.08	503	506	510.92	515	520	523	527.76	531	532.68	535.64	537	540	540	540.48	543.44	546	549.36	552	553.28	556	558	558	561.12	566	569.04	607
LTR50	13	30	40.1	46	52	56	61	64	67	70	72	75	77	79	82	86	88.8	93	96	100	106	109.55	115	119	122	126	130	133	137	141	145	149	153	157	159.7	163	166	169	173	176	180	184	187.1	190	194	198	200.3	205	209	212	216	221	226.6	231	238	242	247	251.35	256	263	270	275	280.1	288.65	296.2	304.75	317	326.85	336	344	353	363	376	387	401.7	411.25	423	437.7	450.9	468.9	489	502	515	530	544	553	565	574.85	582.4	592	601.5	608.05	616.6	624	634	650	659.8	671.35	690	707.45	809
LTR1A2	12	45.6	65.4	97.6	132.6	151.5	167	177	178.8	190	205	213.2	220	224.3	236	265.5	296	296.7	339	347.8	354	379.2	446	447.2	479.4	490.5	493	533.1	558	585	596	611.1	618	629.3	641.2	660	681.6	706.4	724.6	736.8	745	754	757.2	759	763	768.5	771.6	775	777	780	783	786.1	788	791	793	794.5	796	799	800	802	803	804	805	807	808.4	809	811	812	813	815	816	818	818.2	820.3	821	822	823	824	825	828	830	832	833.2	835	836.4	837	838.6	840	843	844	847	850	851.2	854	857.4	860.5	867.2	873.4	888.4	906.9	2057
LTR89B	25	43.3	51	56	58	59	62	63.1	65.4	67.4	69	72.3	74.6	77	78.2	79	81.8	84.1	86	89	90	90	93	94	96.2	98.5	100	102	104	106	107	109	111	112.9	117	119	122	125.1	126	128	129	134	135	136	139.2	142	144	146	148	150	153	155	157	159	163	163.5	166	169	170	173	178	180	181	185	188	192	193	196	198.4	200	203	206.6	209.6	211.9	218.2	221	227	231.1	236	240.7	247	249.3	253.6	259.9	264.2	270	276.8	283.1	291.4	302.7	312	324	328	342.7	353.2	365.5	400	440.2	475.4	545.6	733
MER11A	10	75.54	114.08	142.86	211.08	250.8	351.48	403.39	438.8	516.72	581.3	652.41	686.96	740.4	855.26	902.85	939.32	957.09	962	969	972.4	979.34	990.94	996.71	1000	1001	1004	1006	1009	1011	1012	1013	1014	1016	1017	1018.95	1020	1021	1024	1025.03	1027	1029	1032	1034	1035	1037	1040	1042	1045	1047	1048	1050	1052	1053	1054	1057.35	1060.12	1062	1064	1065	1066.2	1067	1069.74	1071.51	1074	1075	1076	1076.59	1078	1079	1079	1081	1082	1082	1084	1085	1087	1089.29	1090	1091	1093	1094.37	1097	1098	1100	1102	1104	1105	1107	1109	1112.3	1116	1120	1123.61	1132	1142.15	1148.76	1158.69	1171	1217.61	1353
LTR81AB	16	40	46.1	51.95	52	53.25	55.8	57.55	58.4	62.85	64.5	66	67	71.45	74	77	79.4	80	82	85	89	91	91	93.9	95	96	97.8	100	102.2	104.85	105	106	106.8	108	109	109	111	112.05	113	114	115	117	119	119.95	122	123	124	127	128.2	130	132.5	139.15	140.8	146	154.2	157	159.4	161.1	166	168.75	174	175.65	178	180.9	188.4	197.5	202.9	206	209	211	213	221.3	226.2	231	233	234	235.2	238.15	241	243.05	248	254.3	256	257.95	258.6	262	263.9	266.1	270.2	276.7	287.5	296.6	300	316.45	323.8	337	346.6	365.2	385.7	408.100000000001	658
LTR1B1	28	44.3	61.16	76.56	91.4	103.8	163.92	184.28	190.08	193.34	198.2	220.53	227.92	264.42	281.46	295.7	347.24	362.07	372.04	376.97	379.8	397.69	402.58	429.09	473	476.75	544.92	569	574.76	588.08	603.6	678.42	711.48	735	736.42	741.05	743.36	752.48	759.88	763.85	767	767.83	768	770.09	771	773	773	773.61	775	775.87	776.5	777.13	778	779.78	783.02	784	784	784.91	788.54	789	791.4	792.43	796.06	797	797	797.95	799.58	800	800.84	802	803	803.73	805	805.99	806	807.25	808	809	809.14	811.54	813	813.06	815.66	817	817	818.65	822	822.81	825.88	827.14	829	831.99	834	838.18	839.66	846.25	848.96	850.33	853	860.96	920
MER61D	11	39.6	57.8	81.25	97.8	108	122.4	129.65	145.6	176	177	177	188.4	192	207.4	226.75	242.2	270.65	273.7	274	282	297.9	323.9	354.55	367.6	371.75	373.9	375.05	376	376	376	377	377	377	378	378	378.4	379.55	380	381	381	382	384	384.45	387.6	393.5	395.9	398.05	401.2	404.7	408	411.65	412.8	413.95	415.1	416.5	418	419	421.4	423	427	428.45	431.9	434.45	435.6	436	438.8	442.15	446	446	448	449.65	452	452	452.1	453.25	455	455.55	456	456	457	458	458	458	459	460.5	462.9	465.05	466.2	468.7	482.5	492.5	496	499.85	501.1	507.5	515	518.55	526.2	543.25	578
MER61A	27	42.98	75.96	100.41	122.76	140.05	159.82	172.72	188.84	204.64	226.1	246	261.4	272.37	276.86	283.35	293	296.66	300.82	303	304	306	307.78	311	312	313	313.74	316	317	318	319	320	320	321.17	322	322	322.64	323	323	324	324	324	325	325	326	326	326	327	327	327	328	328	328	328.97	329	330	330	331	331	331	332.4	333	333.38	334	334	335	335	335.83	336	336.81	337	338	338	338	338	339	339	339	339	339	339.2	340	340	340.67	341	341	342	342	343	343.61	344	345	346	347.57	350	351	353.04	356	360.02	367.04	634
Arthur1	12	28.36	37	49	55	59	63	66.52	69.88	74	77	80	84	87	90	94	99	103	107.48	112	117	122	126	131	135	140	142	146	151	155.44	161	165	168	172	177	183	187	192	196.68	203	207	210	216.12	221.48	227.84	233.2	238.56	243	247.28	254.64	261	267	274	279	287	291.8	302.16	311	317	323.24	329.6	338	349	354	360	367	375	381	388	393	400.2	411	419	427	436	446	455	460.44	472.08	483	490	496.16	507.52	519	529	543.2	558	567.96	590.36	621.12	646.8	672.76	704	744	770.84	816.600000000002	863.12	953.84	1022.28	1215.52	2748
X7B_LINE	10	24.66	34.66	39.99	46	49	51	52	55	56	57.3	59.63	61	62	63	65	66	68	69.94	71	72	74	76	77	78	80	82	83	85	87	88	89	90	91	92	94	95	96.21	98	100	102	103	104	105.19	106	107	109	111	112.84	115	118	120	121	122	124	126	127	129	131	133	135	137	138	139	141	143	143	145	146.44	148.77	150	152.43	154	155	157	158	160	162	164	166	168	170	172.06	174	176	178.05	182	184.71	188	191.37	194.7	198.03	201	205	211.02	215.35	219	226.01	239.34	248.67	492
LTR8	11	30	40	49	58	65	70	82	90	103	116	126	133	142	148	155	161	164	166	169	174	182	187	200	214	222	227	234	238	240	242	246	256	262	271	285	307	320	340	361	378	393	415	427	437	452	469	487	512	530	543	552	564	572	582	595	607	626	642	653	660	666	670	673	676	679	681	683	684	686	689	690	692	694	696	699	702	704	706	708	711	713	715	718	719	721	723	725	726	727	728	729	730	731	732	734	738	743	751	770	1435
Eutr15	18	46.24	52.12	56	61.24	65	67.36	71.92	75	77	80	83	87	89.28	91.84	93.4	96.96	101	104	106.64	108	110	112	115	118.88	123	124.56	127	129.68	132.24	135	137	139	143	145	147	149.16	151	153.28	156	158.4	160.96	163.52	168.16	174	177	178.76	182	183	185	191	192	196	199	202	207	210.36	213	217	220	222	224.32	229.72	232.28	235	237	240	241.52	244	247	252.2	256	259	262.88	266.44	271	278.56	281.12	283	288.48	292	301.08	305	310.48	315.04	321	327.16	335	350.28	355	360.4	366.96	378	390.08	398	418.4	434.28	450.96	557.88	730.999999999999	848
L1MA6	10	22.57	35	42	49	53	59	64	71	76	83	88	93	97	102	108	115	120	126.26	132	137	141	146.54	153	158.68	163	168	174	180	184	189	194	200	206	212	219	224	231	238	245	253	261	269	277	285	292	301	310	320	331	341	353	361	372	386	400.35	414	429	443	456	470	481	495.34	507	519	539.05	558	578	597	614.33	630.900000000001	655	678	697	724	748.75	772	802.89	837.46	869.03	898.6	937	967	999	1041	1092.45	1150	1232.59	1292	1355.19	1429.6	1526.57	1633	1741.01	1845.58	2011	2209.72	2519.87	2970.72	3525.43	7668
MamRep434	14	43	49	55	58	61	63	65	66	68.99	71	73	76	77	79	81	82	84	87	89	91	92	94.42	97	98	100	103	103.97	105	107	109	111	113	115	117	119.85	121	123	124.18	126	129	130	132	134	136	139	142	143	145	149	151	153	155.72	158	159	161	164	167	170	172	174	176.71	179	180	183	184.15	187.26	192	195	198	203	206	210	217	220.14	224.25	228	232	237	241.69	246.8	251	257	264	270	277	284	288	295	302	311.9	323	332	340.23	350	359	369	378.67	387	406.67	435
L1PB2	10	26	41	47	53	57	65	74.02	81	87	92	98	105	114.18	122.04	128	132	137.62	146.48	157	168	176	181	187	191	197	201.36	209	217	224	236.8	246	254	265	274	283.1	291.96	306	316	328.54	343	350.26	356.12	360.98	369.84	377.7	383.56	392	403	417	431	444.86	457.44	468.58	483	498	511.16	531.04	543	559.74	573	588	606	627	644.04	665.9	681	706	728	744.34	769	794	826.92	850	889.199999999999	929.5	976	1014.88	1070.48	1104.94	1145.4	1206.94	1261.52	1338.66	1412.48	1497	1559.92	1661.48	1745.08	1828.62	1934.2	2051.08	2228.92	2387.94	2626.84	2952.70000000001	3279.52	3705.68	4336.79999999999	5571.17999999999	7690
L1P3	10	25	32	36	38	42	47	51	55	59	65	71	74	78	82	87	93	98	102	106	115	121	127	132	140	149	156	163	170	177	186	194	207.32	218	226	235	245	254.87	264	276.89	287	298	307.42	321.93	333.44	342	354.46	367	385	394	408	420	430	445.090000000001	463.54	477.05	490	499	517	531.09	550	570	588	616	641	662	689.320000000001	706.17	728.68	750.19	771	800	836.72	878.23	914.219999999999	956	991.76	1036.08	1086.78	1121.29	1154	1200.31	1258.82	1319.33	1385.68	1461	1526.44	1630.85	1708.76	1814.39	1965.7	2082.74	2179.68	2350.43	2542.64	2643.35	3144	3587.4	4362.88	5456.26999999999	6109
EUTREP8	38	43.74	49	51.22	54	57.7	62.32	64.18	67	68.66	71.2	74.14	75	76	80	82	84	85	86	87.06	88	90	92.28	96	98.76	100	101.24	102	102.72	104	107.2	109	111	111.42	112.16	113.9	115.64	116	116.12	117	119	121	121.16	124.64	126	127	127.08	131.78	132.52	134.52	138	140.74	143.48	146.22	147	148.7	149	150	151.92	153.66	156.4	157.14	160	162	163.36	166	168	170	172.32	176.18	179.8	182.54	190	191.02	192.76	195	196.24	198.96	199.72	201	205.2	209.76	215	215	229	232.8	238.64	243.38	251.84	259.86	265.4	283.06	299	310.84	323.68	357.2	369	378.12	441.399999999999	506.64	545
CR1_Mam	10	41	48	53	56	57.7	60	63.58	67	70	73	77.34	80.28	83	86	87	89.04	92	94	96	98	100	102	103	106	109	111	113	114	116	118	120	121	124	127	129	131	132	134	136	138	140	142	143	145	147	149	151	154	156	157	160.94	162.88	164	167	169	173.64	177	180	182	185	192	195	199	203.16	207	210.04	216	219.92	223.86	229.6	234	238	244	249.56	255	260	266.38	276	285	292.2	301	307.08	317.02	326.96	337	344	356.78	369.72	382	396.6	418.08	438	453.42	474.72	495.3	535	581.36	647.24	753.06	1564
MER45R	15	29.15	33.3	35.9	43.6	47	49	52	52	53	54.5	55.65	57.8	60	61	63	63	64.55	66	67.85	69	69	70.3	72	72.6	74.75	77	78	79	80	81.5	82.65	83.8	86	87	89.25	90	91.55	92.7	94	95	97	97	98	100	101	102	103.05	105	107	109	111	113.8	115	116.1	121.25	123.4	127.55	131	133	136	141	146.6	153.9	166	172.75	176	178	182	195.7	210.5	219.65	227.8	236	258.2	280.5	296.4	318.55	342.8	369.4	410	439.6	456.8	514.25	552.2	614.5	650.9	678.1	693.4	728.7	760	809.899999999999	874.000000000001	962.95	1068.5	1239.25	1377	1453.15	1498.5	1577.1	1687
Tigger17a	10	33	44	52	60.52	70.4	79	83	88	90.92	93	95.68	110	121.44	130	137	144.08	148	154	162	169.6	175.48	180.36	185	190.12	195	200	204	208	216	225	235.28	243	252.04	263	274.8	287	296	302	311	326.2	334	343.96	355.84	365.72	373	385.48	396	409.24	421.12	431	442	449	455.64	460	469.4	480.28	492.16	512.04	522.92	535.8	548	557	567.44	576	583	588	594	598.84	602	606	608.48	611	615	617	619	621	623	625	627	628	630	632	633	634	636	637	638	640	642	643	645	647	648	650	653	656.48	661.36	666	676.12	941
MamTip1	12	33	38.2	48.6	55.2	58	61.3	67	72.4	76	78.5	81	83	85	87	89.25	92	95.35	98	99	102	103	106	107.65	111	112.75	116	117	120	122	123.5	126	128	130.15	132	133.25	135	138	140.9	142	143	145.55	148	149	151	153.75	155	158	160	162	163	165	166	169	170.7	172	174	175	175.9	177.45	179	181	182	183	184	186	187.3	191	194.4	198.95	200.5	204.05	208.6	212	213	214.25	217	220	221.9	223.45	226	229	231	232.65	235	238.75	241	243	245	248	250	251.05	252.6	256.15	258.7	261	263	266.35	268	277.8	297
LTR101_Mam	20	48.39	59	63	68	72.95	76.34	80	86.12	90.51	94	97	98.68	101	104	108	110.24	113.63	116.02	120	123.8	126.19	130.58	133	136	139	143	145	148	152	154	160	164	167	171	174	178	181	184	187	190	193	196	198	203	206	209	212	216	220.11	224.5	229	233.28	237	243	249	253	260	263.62	268	273	279	283	287	291	297.35	302	307	316	324	332	335.69	343	349.47	360	372	376.64	388.03	394.42	404	414.6	422.77	439.98	451.37	456	465.3	474.62	487	499.32	518.42	536.3	547.49	565	585.54	619	642	658.44	678.83	736.98	771.61	866
X6B_LINE	26	31.74	34	37	40	41	42	43	44	45	47.4	49	51	51	53	53.1	54	55	56	57	58	60	61	62	62	63	64	65	66	67	68	69	69	70	71	71	72	73	74	75	76	77	78	79	80	80.3	82	84	85	87	88	88	89.48	91	91.96	92.7	95	96	97.92	99	101	103	105	106.62	108	110	111.84	115	119.32	122	124	126	128.56	133.02	135	138	141	142.98	147	153.46	158.2	161.94	164	168	170.16	175.9	179.64	184.38	189	195.86	203	210.34	221	238.64	252.56	262.3	282.04	301.56	353.2	413.56	560
MLT1G	10	27	40.62	48	56	58.55	64	69	72	78	85	92	97	102.03	109	115	121.96	126	132	136	142	147.51	155	161	167.44	170.75	175	181.37	187	192	198	206.61	213.92	220	225	232	239	247	252.78	262	268	274	282.02	290	300.64	306.95	315.26	321	327	337	342	350	360	368	377	387	393.36	398	409	421	428	435	441.22	449	455	460	466	472	477.08	482	486.7	491	493.32	496	500	504	507	509	513	516	520	524	527	530	532.04	536	540	543	547	550	553	557	561	564	569.14	574	581	589	602.38	624.69	1195
Tigger11a	16	34.2	46	51.6	54.8	60	66.2	68	69	70	74	78.2	84.8	88	90.8	94	95.2	98	98.6	100	103	105.2	108	109	111	112	115	116	118	120.8	123	126.2	128.8	132	135	137	139	141	144	147	153	154.2	157	159	162.4	170	172	177.2	183.6	187	191	193.2	195.4	203	206.8	210	217	223	226.8	236.8	243	249	253.4	259.6	262	265	267.2	274.4	277.2	282.8	285	290.4	299	301.6	307.6	311	315.2	321.2	330.4	338	346	351	356.4	362.2	384.8	391	398.4	411	420.8	433.4	445	453.8	462	479.6	502.8	510	531.4	585.6	630.8	681.2	759
MER110	11	38.39	47.26	53	59	64	68.78	72	77	84	90.6	99	102	105	108.82	112.9	117	121	122.34	127	132.6	135	137.86	142.99	145.12	147.25	153	155	158.64	161	165	168.03	171.16	180.29	185.42	190.1	197.36	202.81	206	212.07	219	224	231.38	236.59	244.72	249.85	253	257	261.24	265	267.5	270	274.76	278	281.02	284.15	287	290	292.54	295.67	299.8	303	309	311.19	316	319.9	328.58	334.71	342.84	353	361.1	368.23	374	380.49	385.24	389.75	395.88	399	403.14	406	408.8	417	420.32	425	428	432.05	439	442	445	445	447	452	456.92	460	462.44	468.35	476	479.61	492.22	527.35	569
MLT1N2	12	38	46	50	53.68	56	59	62	63	65	67	69	71	73	75	77	79	80	82	83	85	86	88	90	92	94	95	97	98	100	101	102	104	106	107	109	110	112	114	115	116.8	118	120	121	122	124	125	126	128	129	131	133	135	137	139	141	144	146	150	153	158	163	168	174	178	183	188	193	198	202	207	213	220	229	240	251	266.92	281	292	308.68	328	347	360.440000000001	373	388	403.2	416.12	425	434	444	454	466.72	477.64	489	499	511	523	533	543.16	560	874
HERVL66-int	46	62.5	72.6	75.9	90.72	99.6	100.92	109.68	133.2	176.1	186	195.98	211.16	213	223.32	251.7	258.8	277.5	327	407.82	469.6	471.58	578.08	676	676	700.5	740.84	806.18	824.96	826	826	843.48	868.92	895.98	913.8	925.8	931.08	953.16	984.2	1010.6	1046.6	1088.54	1127.48	1144	1145.32	1167.1	1248.64	1377.68	1433.12	1473.26	1499	1531.34	1548.96	1550.94	1619.48	1665.5	1682	1738.8	1777.76	1788.98	1827.8	1862.1	1885.2	1889.16	1923.12	2014.2	2065.52	2102.04	2123.16	2182.08	2239	2272	2283.68	2291.6	2304.8	2315	2324.4	2334.3	2350.92	2381.4	2454	2520.62	2586.56	2661.14	2760.8	2862.2	2903.12	3002.84	3158.48	3475.94	3689	3836.36	4005.32	4184.16	4359.44	4366.7	4406.72	4474.06	4542.04	4596.76	4639
X6A_LINE	18	30	33	36	37	39	41	43	44.56	46	48	48	50	51	52	53	55	56	57	58	59	60	61	62	64	64	65	67	68	69	70	71	72	73	74.8800000000001	75	76	77	78	79	80	81.12	83	84	85	87	88	89	91	92	93	94.3200000000001	95	96	97	99.6	101	102	104	105	106	107	110	111	112	114	116	117.44	120	122.08	124.4	127	130.04	134	136.68	139	142	144.64	147	150	152.6	156.92	160.24	164.56	168.88	174	179.52	184	187.32	193.48	203.8	210.12	221.44	236	249.48	265.8	289	343.12	395	455.68	842
MER54B	13	34.9	37.6	44	47	48	55	64.1	66.4	69.7	75	78.3	84.6	92.9	97.4	104.5	107.8	109	117	120.4	126	137.3	144	149.8	154.4	161	163.8	175	189	201.7	205	205	213.8	222.7	237.4	252	256.4	270.1	284	292.8	298	304.3	310.6	316.9	325	329	337	338.4	355	362.4	366	380.3	386.2	391	392	395	397.6	403.1	410.6	420	432	445.3	456	460.8	467.8	477	483	489.2	505.4	528.200000000001	564	582.1	594.2	633.5	642.4	652	666.8	673.1	675.4	682.4	699	714.6	724	735.4	748	768.5	770	773.2	778.4	781.7	784	790	794	795	796.4	801.5	804	816.2	826.6	845.3	894
MER70A	31	47.36	68.44	77.04	80.44	83.4	87.08	92.76	125.44	136	150.8	153.88	166.32	197.28	228.52	240.2	244	244	286.4	301.6	306	324.28	344.84	361.28	369.64	376	384.68	393.08	396	401.44	404	406	408	411	418	420.8	425.48	426.32	429	430	432	433.88	435	437.24	440.92	442	444.28	445	446	447	448	449	449.36	451	452	452	453.08	454	455	455.12	456.8	457.48	458	459	459	460	460.88	461	462	463	463	464	464.96	465	466	467	467	468	469	469	470	471	471.76	472	473	474	475	476	478	480	482.4	485	492.56	507.96	513.92	519.2	526.28	530	534	549.84	691
MLT1E	12	34.11	45	51	61	65	68	75.77	84.88	90.99	99.1	107.21	111.64	121.29	128	131.65	136	141.87	146	151	155	159.31	165	172.06	177	181	185	187	196	201	206.3	212.41	216	219	221	224	230.96	237.07	242.18	244.58	248.8	254	260	264.73	266	266	269	271	273.28	280	291	295.61	303	319.66	328.94	341	348.16	355	361.38	372.49	383	390	404.82	415	428.04	436	442	448.37	460	468	474.7	481.62	488	494	498.14	506.25	513.36	520	525	529.69	532.8	539	544.02	548.13	553	557.05	565	570.57	577.68	583.79	588.9	592	598	602	605	609.45	616.12	630	637.78	655.78	793
L1MD1	10	19	30	41	47	54	59	65.46	71	76	82	88	93	99	104	109	115	120	124.04	131	136	143	147	152	156	162	169	174	180	186	193	200	207	214	222	231	241	251	262.64	274	284	292	301	307	316	323	336	346	356	368.22	381	394	405	417	426	436	449.68	460	474.24	488	504.8	517	535	550	566	583	597.48	611	627	645	663	683	705	720	743	764.5	791	820.06	856	879.62	904.400000000001	932.18	967	1012	1049	1091.3	1133	1181.86	1224.64	1289.42	1360.2	1429.98	1517.28	1632.08	1756.96	1892.1	2058	2269.96	2525.44	3001.44	5903
MamGypsy2-I	16	36	46	54.58	60	64	68	72.02	75.88	79	82	85.46	88	89.18	91	94	98	101.62	103.48	107	110	112	114	117	119.64	122	126	128	131	134	138	141	144	146	150	153	156	160	162	165	168	171.26	175	179	184	186	190	195.42	199	202	206	208.86	213	219	222	227	233	238	241	245	249.6	255	262	266	271	277	283	290	296	303.34	308	316.06	323	330	338.64	348	357	365.22	374	383.94	393.8	405	416.52	429.38	440.24	461	474.96	494.82	511.68	538	564	590.26	625	657.98	690.84	744.400000000001	811	868.620000000001	974.839999999999	1197.98	2082
MamGypsy2-LTR	25	35.06	40	42.09	44.12	49	50	51.21	53	55.27	57.3	59	61	62	63	64	66	68	69	70	71	72	73	75	76	77	79	80	82	84	85	86	88	89	90	91	93	96	96.14	98	99	100	101	103	103	105	106	106.41	107.44	110	111	112	114.56	115	117	118	119	122	123	124	126	126	127	129	130	131	132	134	135	136	137	137.13	139	140.19	142	143.25	145	145	147	148.37	149	151	152	154	154	156	158	160	162	163.67	165.7	168	169	172	174	175.85	177	178.91	184.94	191	208
LTR90B	10	40.36	45.44	51	55	60.8	63.48	67	69.88	71.24	72	74	77	78	79	80	82.76	84.12	86	89	92	94	95.92	97	98	99	101	102	102.08	103.44	104.8	107	108	108	110	111.6	113.96	114.32	116.68	119	120.4	122	123	124	125.84	127	129	131	133	133	134	136	137	138	139.44	141	142	144.52	146	147.24	150	151	152	154	155.08	159.4	161	163	165.48	167.84	169	170.56	172.92	175.28	177.64	181	186	188.72	194.08	197	202	207.16	212.52	217.88	222	227.8	231	234	238	245.04	254	262.76	276	287	293	298	306.24	328.92	372.52	517.159999999998	758
MER20B	10	28	39	49	55	60	63	66	70	73	76	78	81	84	87	89	92	95	97	99	102	104	106	108	111	113	115	117	120	122	124	127	130	132	135	137	140	142	144	147	150	152	155	157	159	162	164	166	168	170	173	175	178	181	184	187	190	194	197	200	203	206	209	214	219	224	228	231	234	239	245	251	258.4	265	273	282	293	303.65	319	336	351	366	380.9	393	414	427	441	460	471.6	495	515.5	543.95	580.4	602	621.3	653	676.2	698.65	717	745.55	859
MamSINE1	10	30	38	41	45	47	49	51	53	55	57	58	60	61	63	65	66	67	69	70	72	73	74	76	77	78	80	81	82	84	85	86	88	90	91	92	94	95	96	97	99	100	102	104	105	107	109	110	112	114	115	117	119	120	122	123.25	125	127	129	131	133	135	137	140	142	144	146	149	151	154	156	158	161	163	166	169	171	174	177	179	182	185	188	190.05	193	196	199	202	206	210	214	218	222	229	234	238.25	244	250	257	266.65	308
LTR16D	10	34.18	41.18	52	58.72	64.45	70	75	80.72	85	89	92.99	96	98	101	104	107	109	110	112.71	115	117	119	121	122.16	125	127	129	131	133	135	137	140	141.97	144	147	149	151.33	153	155	158	159	160	161	163	165	166	170	173.32	177	178	183	186	189.77	193.86	199.95	206.04	213.13	223	235	242	249.49	255	259	262	267.85	278.94	284.09	298	303.42	310.6	319	325.48	332	336.66	345.75	350.84	358.93	364	374	380.2	388	392.38	399	406.56	414.65	421	429.83	440.92	450.01	464.1	474	482	499.74	517.38	536.1	554.64	580.73	604.82	624	671
MLT1F	10	31.84	41	48	53	60	64	66.8800000000001	70	76	80	89	99	106.92	115	119	125	130	136	139	144	149	154	160	165	169	176	183	190	198	206	215	224	234.72	245	254	265.24	279	286.92	294.76	303.6	311	320	329	337	347	354.64	361	370.32	378	388	394	401	409	414	420	426	433.88	439	444	449.4	454	458	461	466	470	473	476	480	481	484	486	487	489	491.16	494	497	499	501	503	504	507	509	510	513	515	517	518	520	522	525	527	530	533	536	540	543	548	559	575	844
LTR24	10	22.26	34.42	36.13	37.84	39.65	42.26	44.94	47.68	52	58.7	67.81	72	79.46	84.94	101.25	103.36	109.14	114.78	121.49	124	127.82	132	134	140.04	146.25	148.92	153.34	165.52	174.59	186.6	190.02	196.16	203.01	208	211.85	226.52	247.7	261.98	272.45	282.2	288.11	294.82	306	315	317.9	328	330.37	332.56	343.95	351	357.63	365.68	369	383	389	390	399.23	405	407	413.2	418	420.02	422	423	425.3	427.86	429.57	432.28	434	436.7	438	440	441	442.08	443.25	444	445	446.38	448	450	451	451.22	452	453	454.35	455.06	457.77	458.48	460.19	461	463.61	465.32	466.06	469.74	473.9	478.32	482.87	488.58	495.16	525
LTR24B	10	17.08	32.08	36	41.32	47	51	53	55.64	61.36	65.2	68.44	73.96	77.52	81	82.6	87	90	93.72	96.52	99.6	100.84	102.88	106.76	111.96	117	124.24	138.16	145.12	152.32	157	160.24	165.28	176	187	191.4	194.32	201	211.12	221.56	229.6	235.64	246.04	256	259.76	273.8	279.84	287.64	295.92	299.96	305	317.12	322	326.6	337.48	341	346.88	358.28	370.32	372	375.8	381.44	399.8	425.56	437.24	461	473	484.36	490	494.76	499.2	501.84	505.64	519.84	530	536	538.04	540	541	544	545	547.24	551.56	554.32	556	558.4	559	560.48	561.52	563	564.6	565.64	568	570	571.76	573	578.52	586.52	592.92	603.92	668
MER57A1	12	32.45	37	40	42	43	48.4	60.15	78.4	96	106.5	112.95	124	134.85	152	166.5	172	187	211.5	222	245	267.45	278	282	295.4	311.5	329.4	338.15	353.8	370.05	381	391	395	399	401	404	406.2	407.65	409	411	412	413	414	415	416.8	417.25	418	419	420	420	421	422	422	423	424	424	425	425	426	426	426	426	427	427	427	428	428	428	429	429	429	429	429	430	430	430	430	430	430	431	431	431	431	431	432	432	433	433	434	435	435	436	437	439	440	442	446.2	451.65	462.1	476	491
LTR10C	10	38.2	45	45	61.6	70	83.4	92.6	108	111	124	141	149	192.2	229	252	256.8	265.2	278.4	301.4	332	342.4	346.2	354.6	361	361	363	371.2	376.4	384	395	406.4	442.6	463.4	484	496	509.8	515	516.4	522.2	540	550.4	559.4	564.2	569.2	571	571	572.6	575	576	576	577	577	578	579	580	581	582	582	583	583	583	584	584	584.2	585	585	586	586	587	587	587	587	588	588	588	588	588	588	588	589	589	589	589	590	590	590	590	590	590	590	591	591	591	592	592	593.8	600.6	606	614.4	635
MLT1J-int	15	42	53	61	67.64	73.3	78.96	82	86	89	92.6	97	102	106	110	114	117	121.22	126.88	130.54	134	137	140.52	144	149	154.5	158	164	167	173.14	178.8	182.46	185	188.56	194.44	198	204	208	212.08	222	229	238	245.72	252.38	257.04	261	264	271	277	283	291	300.66	309.32	319	332.64	338.3	345.96	353	359	367	375.2	392	400.92	411	423.48	433	444.24	458.22	466	477.54	496.2	518	532.52	554.36	575.84	590	605.48	622.64	640.48	651	665.8	686.46	702	713.78	734.44	749	770.76	783.84	800	825.74	844.4	889.06	952.52	991.52	1036.08	1094.1	1162.24	1236.04	1324.68	1571.54	2324
MADE1	10	26	30	33.26	35	36	37	38	38	38	39	40	41	41	42	42	43	43	44	44	44	45	45	45	45	45	46	46	46	47	47	48	48	49	49	50	50	50	51	51	52	52	53	53	54	55	57	58	60	61	62	63	64	65	66	67	68	69	70	71	72	73	73	74	74	75	75	76	76	76	76	77	77	77	77	78	78	78	78	78	78	78	79	79	79	79	79	79	79	79	79	80	80	81	82	83	86	89	94	100	128
MER34-int	17	34.04	54.68	63.26	69.36	74.2	83.04	87	92.72	98	101.4	103.62	109.08	115	116.88	118	121.44	123.28	128.12	136.96	137	137.82	142.44	148	160.08	167.5	174.92	176.34	181.76	188.18	191.6	195	199.08	205.86	215.28	225.9	234.48	241.54	248.92	253.76	267.4	280.22	289.48	303.24	310.4	319.7	325.88	337.22	347.16	353.58	356	359.42	371.36	375	383	396	419	438.46	464.08	476.8	501	514.58	529.12	537.38	552.92	562.5	575.88	590.1	625.8	639.9	655.2	663.28	687.24	692	701	710	723.44	741.68	756.28	789.26	801.4	810.280000000001	849.96	867.88	906	961.9	1009.04	1116.78	1166.92	1309.08	1614	1713.64	1799.12	1810.02	1930.44	2201.4	2354.52	2824.58	3215.24	3698.63999999999	5074
LTR49-int	10	23.8	38	44	49	53	59	64.3	71.2	76	78	83	89	94.7	98	103	106.4	111	116	120.1	128	134	141	146	155	162	172	177	185	189	195	202.9	211	219.7	228	238.5	251	258.3	268.4	283	294	304.8	314	320	329	338.5	351	357.6	369	384	392	401	417.8	427.8	446	459.5	468.4	488.6	506	519.2	536	548	555.8	573.1	593	607	627.4	645	663.2	683.3	708.000000000001	729.9	756.8	780.7	789.6	814	834	856	890.2	934.700000000001	982	1009.7	1037.8	1103.7	1149.6	1196	1250	1323.3	1373.8	1432	1494	1580.8	1706.6	1809	1884.8	2070.5	2188.2	2441.5	2838.4	3417.59999999999	5170
LTR48B	22	37.41	51	61.23	68.64	75	77	82	85	87	88	90	91.92	94.33	96	96	99	99.97	101	103	105.2	110.61	120.04	128.43	142.84	148.25	155.66	165.07	172.96	180.89	189.6	195.71	200	204.53	210.94	225	238.52	248.51	253	261	276.4	289.81	298	314	329.04	337.45	354.86	368.27	384.36	397	410	425.73	434	448.46	456.42	469.1	480.88	489	496	506	513.6	522	525	529.83	534	539	545	551.47	556.88	562	567.7	571	576	578	581	583	585	586	588	590.39	593	596	597	598	600	601.85	603.26	605.67	608.08	610	614	616	618.72	624	626	629	633.36	638.77	646.18	656.18	749
MER70B	23	34.98	48.88	65	68	68	74.32	78.08	82.52	86	90.2	92	94.28	97.86	105.24	113.6	123.04	129.74	139.96	148.9	161	178.1	193.84	203.54	222.68	231	239.72	252.88	258.16	271.38	286.4	288	292.08	302.78	314.48	320.7	323	328.14	333	333	342.2	353.02	356	356	362.68	366.9	369.24	377.34	379.56	381	383	388.22	390.44	394	398	399	401	406	408	410	411.2	413.42	415	416.86	418	420	421.52	425	428.96	433.54	437.8	441	445.68	451.06	455	459.5	461.72	462.94	464.16	465	466.6	470	472.04	476	481.48	485.7	497.6	502.14	515	542.48	550.4	558.16	576.68	590.92	605.76	620.6	630.36	639	642	649	693
HAL1b	10	30	41	47	52	57	61	65	69	72	75	77	80	83	86	89	92	95	98	99	101	104	107	109	111	114	115	117.53	120	123	124	127	130	132	135	137	140	143	145	147	150	153	156	158	161.16	165	168	171	175	179	183	187	189.28	193.67	198.06	203	207	212	218	223	229	235	242	250	256	265	273.74	281	288.52	297	305	313	322	333	345.86	357	370	379	391.42	403.81	416	431.59	448	463	480	502.15	526.54	548.93	572.32	598	623	651.98	683	722.810000000001	769.66	825	882.879999999999	965.66	1085.22	1248	2311
MER121B	38	44.03	47.34	48.07	52.76	56.4	59.08	61.76	65.16	69	69	71.96	77.04	77.71	78.38	79.1	80.44	81.78	83	83	84.6	87.14	88.48	91.46	95	95	95.84	97.27	99.28	100.43	101.4	104.08	105	105.55	108.9	113.6	118.36	120.37	123.3	126.26	127.6	128.94	130.56	133.24	134	134	134	135.47	137.8	141.15	143.5	145	145	145.51	146.36	147.7	150.08	152.38	153.72	154	154.8	157.48	160.7	165.94	175.32	178.65	180.22	180.89	181.56	183.38	187.4	191.42	195.2	198.55	202.48	206.75	211.44	212	214.86	222.23	229	233.54	234.88	242.32	248.96	253.65	256.48	259.16	261.84	267.67	274.9	283.61	294.88	301.31	301.98	303.3	304.96	306.97	311.62	326.21	351
L1MEi	10	21.1	34	41.3	51	57	62	66	72	78	82	85	90	93	98	101	104	107	111	115	120	123	126	130	132.4	136	140	143	147	151	155	158	162	166	171	175	179	184	188	192	196	201	205	210	214.4	218	222	227	231	236	241	246.1	253	258	264	269	273	280.7	286	294	300	305	313	319	327	335	343	351	358	367.9	379	390	400	413.3	427	442.5	452	464.7	479.8	495	511	524	540	557.3	577.4	597.5	617	636.7	659	680	705	738.1	769	806.3	845.400000000001	894	966.199999999999	1053.4	1175.8	1401.2	2491
LFSINE_Vert	13	32	36	40	41	43	44	45.37	47	49	50	52	53	54	55	56.65	58	59	61	61	63	64	65	66	67	68	69	70	72	73	74	75	76	77	77	78	80	81	82	83	84	85	86.2199999999999	88	89	91	92	94	95	97	98	100	102	104	105	107	109	110	112	114	116	118.51	121	123	125	127	130	132	134	136	139	141.61	145	147	150	154	157	159	162.98	165.89	169.8	174	177	182.53	186.44	191.35	196	202	209	215	220.9	231.81	241.72	247.63	259	269.45	284	301.27	321.54	371	433
Tigger9b	14	34.59	42	46	51	55.65	60	64	67	72.77	75	78	81.36	90.89	95	98.95	102.48	107.01	110	116	117.6	123.13	126.66	131	134.44	139	141.78	145.62	148.84	153	157.9	163	166	169	175.04	181	184.08	190	191.28	199	202	205.73	212.26	214.79	220	225.7	231	236.91	240.44	246	255	261.03	269	278	283.62	289	293.68	300.21	313	319.27	326.8	330.33	338.58	342	354.84	368.35	383.92	392.02	402.04	413	429.2	444.63	454.16	462	477.22	487.5	511.4	528	533.34	542.48	548.4	551	554.46	558.99	563.52	571.1	576.58	579	584	587.17	590	594	596.76	600	604	608	609	614	619	626.88	679
UCON49	44	56.2	60	60.15	61	62.25	66	67.05	69.8	72.35	74.5	75.55	76	76.65	79.8	81.75	83.6	84.85	85.9	86	86	87.1	89.1	90.3	92.2	93	93.9	96	96	96.45	97.5	98	98.6	100.3	101	101	104.2	105.85	106.9	107	109	114	114	114.15	115.2	116	116	116.35	117.4	118.45	119	119.55	120	122.6	124	124	124	125.7	127.8	128	129	132.05	133.2	136.2	143.2	144.75	147.3	148.7	150	150.45	151.5	153.1	154	154.65	155.7	157.5	158.8	159.85	161.8	162.95	164	167.55	178.4	182.45	185	186.25	193.6	203.05	206.2	210.7	215.5	223.05	237	243	244.4	259.25	268.8	305.7	316.5	319.85	328
Kanga2_a	11	27	38.66	47.99	54	58	62	65	68	73	78	81	85	88	90.62	93	96	99	101	103.27	108	111	113	117	120	122	124	127	129.24	132	135	138	142.56	146	149	152	156	158	162	166	170	174	176.86	180	184.52	187	190	193	199	201	206	211	216.16	220.49	228	233	238.48	245.81	251	258	263	271	277.46	283.58	287.12	295	300	306	313	317.77	323.1	331	335	340.09	347	354	362.08	374.41	384	395.07	409	420.73	440	449	461.44	473.1	494.38	518.71	537	549.48	567	591.03	622	648.69	670	696.35	739.439999999999	772.01	793	823.67	905
Tigger23a	31	45	49	54	55	57.1	60	62	64	68	70	72	73	76.66	78	79	80.12	82	84.76	85	87	89.22	91	92.86	94	95	97	99	100	101	102	102	103	106	107.88	110.7	111	114.34	117	118	120	121.62	124	125.26	127	129	131	133.54	135	136.18	139	141.64	145	148.46	151	153.1	155.92	157	158	159	160	162.02	167.84	169.66	171	173.3	179	181	183	185.58	188	189.22	194.04	198	200.68	205.5	210	215.14	219	222	228.2	233	241	247.12	255.88	261.7	271.6	278.68	289	295.98	305.2	320.72	324	339	346.16	366.8	391.32	412.08	467.52	526.459999999998	696
MamGypLTR1a	13	39.9	44.8	53	56.6	63.5	68	70	72	74	78	81	85	87	90	93	96	97	100.2	102.1	105	108	111	115.7	117	120	122	123	125	126.1	128	130	133	136	137	140	142	144	145	147	149	150.9	154	157.7	162	165.5	167.4	171.3	176	178.1	180	182.9	186	190.7	193.6	197.5	203	204.3	208	213	217	223	229.8	233.7	238	239.5	244	250.3	256	260	267	271	282	290	295	301	311.4	317.3	325	332.4	340	347	356	363.7	368	374	388	392	402.2	423.1	441	464.9	482.6	511	516	540	585	617.2	650.4	717.1	763
L1MEj	10	24.44	42	50	59	65	70	74	78	83	87	92	94	97	99.16	101	104	107	110	114	118	122	125	128	131	135	139	143	145.32	148	151	155	159	162.52	166	169	173	179	182	186	190	195	198	200.92	204.36	210	213	219	222	227	232	237	241	247	255	259.2	264	270.08	277	282	289	295.84	302	307.72	315	322	329.04	337	346.92	357.36	365	373.48	382	397	411.56	423	434.44	446	461.32	468.76	480	495.64	506	518.52	533.96	552.4	574.84	597.28	621	648	675.6	704.04	740	776	822.72	885.400000000001	962.959999999999	1041	1165.4	1341.4	1939
L4_A_Mam	10	36	43	47	50	55	59	63	66	70	74	77	80	83	86	90	92	95	99	101	104	107	111	114	117	120	123	126	130	132	135	139	142	145	148	152	155	158	161	164	168	171	175	178	182	184.2	188	191	195	198	202	206	209	213	218	222	227	231	235	239	242	246	251	256	261	266	271	275	281	287	291	298	305	310	317	324	332	341	350	358	367	376	385	396	406	415	427.559999999999	440	455	472.440000000001	491	512	533.320000000001	556.280000000001	594	626	673	740.12	834	1000.04	2097
MamRep38	16	38	44	48	53	55	56	58	59	61.43	64	65	66.24	68	70	71	73	75	77	80	83	85	87	90	93	95	99	101	104	106	108	110	112.64	115	118	122	124	126	128	131	133	136	138	141	145	147	150	154	157.96	162	166	169	172	174.31	178	181	185	188	190	192	195	197.47	201	204	206	209	211	214	216	220	223	226	229	230	234	237	240	242	246	249	250.6	252.87	254	256	258	260	262	263	266	269	273	275	277	280	283	286	290	293	296	303	332
L1PB3	10	31	45	56	62	67	74	80	87	94	99	106	114	119	125	129	135	143	153	159	166	173	181	189	196	203	209	215	225	233	242	250	257	270	281	289	297	309	318	327	334	341	350	355	358	364	372	377	385	392	404	419	433	445	459	475	488	507	529	546	560	576	589	606	629	651	676	693	721	744	773	798	820	839	867	895	924	956	993	1055	1108	1171	1246	1326	1410	1507	1612	1673	1734	1836	1971	2040	2183	2375	2625	2773	3072	3581	4070	5039	7711
ERV24_Prim-int	17	22.72	36.76	50.32	64	72.8	79.6	86	88.76	95	96.2	97.92	108	117	117.08	120.6	123.52	127.72	134.92	136	141.4	148.48	161.84	165.68	172.4	182	186.16	196.44	198	199.88	204	214	223.12	232.04	238.48	241.2	245.84	255	260.36	267	272.4	283.52	290.96	302.84	312.36	323.4	335.72	348.52	352.56	357	364	374.2	385.44	395.48	399	399.6	413.04	442.24	465.52	480	489	496.92	512	514.52	539.36	572.6	608.16	630.48	653.76	687.68	705	729.96	737	739.8	771.28	800	848.64	865.88	975	1012.32	1021.6	1038.52	1107.28	1163.24	1196.32	1228.4	1328.92	1382.4	1446.72	1498.08	1623.4	1688.64	1715.48	1888.08	1955.12	2157.4	2658.32	3004.44	3263.6	4319.11999999999	6594
LTR23-int	11	13.02	23.44	48.71	57.2	65.3	74.18	78.14	82.08	87.13	93.2	95	96.36	99.63	101.42	104	107.48	110	112.18	113.69	116.4	122.71	125.44	127	132.2	136	142	145.85	150.28	151.79	154.2	157.81	158.32	159.83	161.68	163.85	170.8	175.74	190.18	198.78	210.2	212.91	216.42	218.86	226.44	230.8	237.3	242.91	247.92	251.98	264	277.1	287.52	289.09	307.66	324.4	335.36	355.54	377.74	386.36	390.6	393.33	396.62	402.13	406.84	410.3	416.62	450.21	465.76	472.23	497.2	508.83	531.32	534.69	545.14	571.5	611.32	613.54	620.46	629.51	644.6	655.31	677.32	688.33	718.4	755.75	790.92	809.55	827.8	859.8	878.3	894.15	927.84	966.2	1026.6	1141.75	1237.2	1682.52	1827.3	1898.16	2421
MER34B	13	32.14	40	46.26	55.24	64	72	79.92	85	91	94	97.08	102.68	107	109.92	113.1	120.24	127	130.52	133	140.8	144.94	149.16	157	164.44	174.5	185.64	193	201	209	213	219	229.48	235	241.76	248.9	257	264.36	275	281.46	287	289	291	298.04	306.32	314.9	327	335.58	341	345.86	350	356.14	362.28	365.42	385.12	406.1	416	439.98	448.12	458	467	471.54	474.68	476.82	479.96	485.1	487	491.76	498.52	501.66	504	507	511.08	512.22	514.36	519	521	525	525	530	533	536	536.48	538.62	542.76	544.9	547.04	548.18	551	553.46	557	558.74	561	564.02	565	568	573	575.58	582.16	597.3	709
LTR54	10	18	23	28	33.6	38	40	42	44	46.55	52.5	55	59.4	62.35	67.3	70.25	74	75.15	78	81	84	89.9	93	97	102	104.75	109.7	119.65	124	128	133	138.45	144	147	152.3	157.25	165.2	169.15	175.1	181	185	188	192.9	198.85	204	209	214	217.65	223.6	226.55	233	239	250	258.35	265.6	274.5	281.2	292	304	316	324	335.95	347.9	357.7	375.8	384.75	391.7	397	403.6	406	410	413	416	421	423.3	425	427	429	431	433	434	435	436	438	439.8	440	445.7	450.65	454	463	473	485	490.4	496.35	502	506.25	511	514	521	526	574
MER34C	10	21.91	35.34	42.72	45	53	53.86	57.68	63	63	63	66.64	69	69	70.34	73.6	77	81.54	83	84.56	88	88	88	91.52	96	96.25	99.42	106	109.36	111.49	113.2	116.44	120.92	126.92	129	131	132.16	136.88	142	149.77	154.8	156.21	163	163	164	170.9	177.52	183.7	207.96	213.76	217	219	220.12	221	226.7	229.1	235.16	241.34	246.92	250.58	258.4	262.41	265.98	273.03	276.52	278.3	282.46	292.35	298.32	302.89	311.9	314	314	314	314	319	326.92	359.91	390.18	391.99	398.6	415.93	423.52	430.76	453.76	477.95	485.96	498.82	506.36	516.18	520.7	522.42	525	526.33	530.14	538.6	543.28	545.71	555.9	561.38	575
MER75A	29	32.64	36.28	38.46	40.92	44.2	46.92	48.37	49.28	50.19	51.1	52.06	57.52	62.15	63	65.6	67	67.94	69.38	70	70.2	71	71	71	71.84	72	72	72	72.48	73	73.3	74	74	74	74	74	74	74	74.58	75	75	75	75	75	75	75	75.86	76	76	76	76	76	76	76	76	76	76	76	76	76	76	76	76	76	76	76	76.06	76.97	77	77	77	77	77.52	78	78	78	78	78	78	78	78	78.71	79	79	79	79	79.26	80	80	80	80	80.81	81	81.63	82	82	84.16	89.08	92	92.27	95
LTR16A	16	43	53.78	63	72	79	87	94	101	108	112	117	125	131	137	144	150.24	154.13	160	166	171	178.69	183.58	190	196	201.25	206	211	217.92	223	227	233	239	244.37	249	256	260.04	266	270	276	280	284	290	295	300	306	310	315	318	321.61	326	330.39	334	338	342	345	348.84	352	355	358	362	365	367.18	371	374	377	379	381	383	385.41	388	390	391	393	395	397	399	400	402	404	406	408	410	411	413	415	416	418	420	422	423	425	427	430	432	435	437	441	446	458	790
L1M6	10	31	45	54	59	65	69	73	77	80	83	86	89	92	96	100	103	106	110	113	116	119	122	124	128	131	133	137	140	143	146	148	150	153	156	159	162	165.72	169	172	175	178.96	183.52	186	189	192	195	199	203	207	212	217	221	226	232	236	241	247	253	258	263	269	276	282	288	293.4	301	307	314.08	320.64	326	332.76	340	350	357	366	375	384	392.68	401	413.8	427	439	452	469	484	503	523	540.28	562.84	585	612.96	646.040000000001	684.08	724.280000000001	766	809.76	877.639999999999	1003.64	1196	2160
MER44D	10	23	24	42.33	51	55	59.22	64	69.92	74	77	79	81.44	84.81	90	92	97.92	102.29	105.32	110	117	119	126.14	131.51	139	147.25	153	153	159.36	164.73	168.1	173	179	190.21	196.58	206.95	212.32	228.07	237	240.43	245.8	261.17	268.54	269	279.28	287	293	298.39	306.52	316	320.5	330.74	337	338	341.98	344	347	352	355.46	361.66	365.4	376.57	385.94	400.31	415.36	436.3	452.52	462.79	486.32	510.06	529.9	545	554.92	565.07	578.38	591	607.48	620	629.72	637	643.6	650	656.02	660	661	663.45	667	672.19	676.56	680	684.3	686	690	694	696	700.3	705.52	712	718.26	741.15	805
MER34A1	10	26.6	34	40.6	45	48	51	52	56	59.4	61	66.6	70.2	74	75	78	81	85	87	89	90	93	95.2	98.8	101	105	109.6	113	121.8	125.4	130	135.6	138	143.8	145.4	155	162.6	172	174.8	177.4	182	185	189.2	196	198	201	207	215.2	220	226.2	236	252.6	264	273.8	281	291	302.2	314.2	325.6	341	356	364.6	371	382.6	405	416	423.2	435.2	450.6	468.4	475	481.6	487	492	499	503	509	512.2	518	521.4	526	529	531.2	534.8	537.4	539	543.6	546	548.8	552	555	556	560	564	568	572	574	578	583	594	613
L4_C_Mam	10	37	43	47	50	53	56	58	60	63	66	69	71	74	76	79	81	84	86	89	91	93	95	98	101	103	106	108	110	113	115	118	120	123	125	127	130	132.18	135	137	140	143	145	148	150	152	155	158	161.72	165	169	172	175	179	182	186	189	192	196	199	203	207	211.68	216	221	225	231.24	236	240	245	251	256	261.08	267	274	280	286	293	298	305.06	315	321	330	339	349.76	360.9	372	386	396	410	423.6	442	461.88	485.02	505.16	538.6	574	629.74	726.160000000001	882.86	1848
MamRep1879	11	29.83	40.32	47	52	57	60	61.81	63.64	65	68	70	72.96	75	78	80	82	84	86	87.77	90	92	93	95	96	98	100	101.41	103	104.07	105.9	107	108	109	111	112	113	114	115	116	117	117.03	119	120	121	122	123	124	125.84	127	128	130	131	132	133	134	136	137	139	141	143	144	145	147	148	150	152	154	155	157	159	160.93	163	165	167	168	169	171	173	175	177	179	180	181.89	185	187	190	193	195	196	197	199	201.36	204	206	207	210	214	217	221.17	233
MER94	11	36	42	48	51	54	56	58	61	63	66	68	70	72	74	75	76.5600000000001	78	79	81	82	83	85	87	88	89	90	91	92	93.3899999999999	95	96	97	98	99	100	101	102	103	104	105	105	106	107	108	108	109	110	111	111	112	113	113	114	115	115	116	117	117	118	118	119	119	120	120	121	121.06	122	122	123	123	124	124	124	125	125	126	126	127	127	127	128	128	128	128	129	129	129	130	130	131	131	131	132	132	133	134	135	137	140	168
X12_DNA	18	44	49	53	57	59	62	64	67	69	72	75	76	78	80.22	82	84.68	86	88	89	91.6	93	94	95	98	100	101	103	104	105	106	107	109	111	112	114	115	117	118	120	121	123	125	126	127	129	130.58	132	134	135	136	138.23	140	142	143.42	145	148	150	153	155	156.8	157	158	160	163	165	167	169	171	172.37	175.1	178	179	182	186	189	192	195.21	198	201.67	204	207.13	211	215	218	221	224	229.51	235	238	242	248	251.32	257	264.62	274	280	285	294	304.27	332
LTR16B2	12	36.08	54	58	66.44	73	78.16	84.52	92	96.24	106.2	113	121.32	127.68	134	140.4	151	158	163	169	175	180	183.92	189	195.64	203	213.72	222.72	233	239.44	243	248.16	255	261	268	273.6	279	287.32	293	299	304	309	316	321	326	330	338	342	347	353	357	360	363	367	370.44	375	378.16	380.52	384	388	392	394	395.32	398	400	402	404	406.12	409	411	413	415	417	418	420.64	422	423.36	425	427	428.44	430	432	433	435	437	438	440	442	443	444	446	448	450	452	454	456	459	462	467	483.200000000001	752
Zaphod3	18	34	39.32	45	49	53	58	60.12	62	66	67	69.76	71	72.08	76	77.4	80	82	85.88	87	90	92	94	96	97	99	100	102	106	108.64	111	112.96	114.12	117	119	122	125.76	128	130	133	135	137	139	141	144	146	147.36	149	150	152	153	155	157	158	158	160	161.96	162	164	165	166.6	168	169	170	171	172	174	174	176	177	178	180	181	184	188.84	193	195	201.32	209.48	215.64	222.8	226.96	237.12	249	264.88	279	299.52	328	361.559999999999	377.48	411.2	447.56	468.44	516.800000000001	539.04	613.6	654.36	694.04	759.680000000002	919.2	1747
MER58D	11	27	33	35.17	37	39	40.34	42	43	45	45	46	47	48	49	50	51	52	52	53	53	54	55	55	57	58	58	59	60	61	62	63	65	66.87	69	70	71	72	74	75	76	78	79.38	81	82.16	85	86	88	91	93	93.5	95	96.28	97	98.0600000000001	100	100	101	102	103	106	108	110	111.57	113.96	119	124	133	139.04	147.91	150	156	162.08	170.41	179	184.25	190	195	199	204	209	213	215	221.37	232.28	254	263.54	278.93	298.32	309.71	321.1	327	337	344.27	353.66	361	365.88	370.83	379.44	384.61	409
MamTip2	10	30	34	37	40	43	46	48	50	51	53	54.1799999999999	56	58	60	61	63	65	66.8399999999999	68	69	71	72	74	75	77	78	79.26	81	82	83	85	86	87	89	90	91	92	94	95	96	97	99	100	101	103	104	105	107	108	110	111	113	114	116	117	118	120	121	123	125	127	128	130	132	134	135	137	138	140	142	144	147	148.74	151	152	155	157	160	162	164	167	170	173	176	180	183	186.06	189.44	193	196	200	207	214	221	231	241.48	255	270	293	439
LTR33A	10	28	43	48	57	61	66	71.89	75	78	82	85.97	89	91	96	97	100.32	105	107.86	110	112.4	116	118	121	125	128	130	132	134	138.83	142	144	148	152	156	158.45	162	164	167	170	174	176.07	180.34	184	187	190	192.42	194	197	200.23	205	208	213	217.31	223	229	234	240.39	246	253.93	262	268	272.74	281.01	286.28	298	306	316.09	326	339	350	364	379.44	388	400.98	407	412.52	419	426	431	438	443	448	453	458.68	463	467	472	475	479	483	487	490	494	500	506	513.92	522	531	543	738
MER41A	10	28	36	45	52	59.55	64	67	68	70	72.1	77	87.72	95	100.34	108	115	119	121	123	125	134	140.82	153	167	173.75	177	185	190.68	200.99	214	231	249.92	267.46	289.54	306.85	326.16	338.47	356.56	370	378.4	384.71	391.02	404.66	416	423	428.26	434	441	453.38	464	481	492	507	517.74	523	527	529	531	533	535	537	538	539	540	542	543	544	545	545	546	546	546	547	547	548	548	548	549	549	550	550	550	551	551	551	552	552	552	552	552	553	553	553	555	555	557	560	566.38	576.69	1061
LTR8B	10	32.12	41	46.36	53.48	64.6	75	81.84	86	89	97.2	111	122.44	136.56	144	151.8	158	163	165.16	173.28	186	198	207	214	227.76	242	251	257.24	274.44	289	304.6	318.72	334	350	364.24	374.2	382.32	390.44	404.24	421.36	441.8	455.84	466	477	488	497.4	524	535	555.52	564	581	595.24	612	630.08	645.44	661	670	679	684	693	699	702.32	707	710	712	716	718	722	724	726.28	729	731	733.64	735	737	739	741	742	745	747	749	751	753	756	758	760	762	765.44	769	771	774	778	784	789	795	798.4	803	806	813	834.64	2913
MER5C	12	28	34	40	44	49.75	54	58	62	64	67	70	73	78	80.9	85	87.6	91	93	96	98	100	104	105	110	114	117	119	122	126	129.5	131.85	134	136.55	141.9	146	149	152.95	156	160	163	165	168	173	176	178	181.1	184	186	190	192	194	198	201	204	207	212.6	214	216.3	219	223	226	228.7	231	235	236	240	242	245	249	250	252	254	256	259	262	264	267	269.3	271	274	276	278	280	281	282	284	286	288	289	290.5	293	295	297	299	302	305	309	312	320	362
MLT1C2-int	11	39.72	60.2	66	76.88	83.6	94.16	100.24	124.44	138.7	153.8	165.46	176.92	212.08	221.04	224	227.76	242.24	252.48	266.04	287.4	306.42	317	343.68	367.92	383.5	428.96	448.32	464.08	475.88	489.6	500.98	506	520.76	531.48	538.2	549.68	567.74	573.36	578.54	596	604.26	618	628.86	639.52	651.8	662.8	677.26	692.12	697.42	703	725	732.72	744.32	761.32	772.9	788.32	797.08	823.28	840	855	861	870.96	884.36	901	913.5	919	924	932.92	953.7	973	980	1015.92	1045.68	1091.64	1102.5	1120.36	1141.2	1179.4	1194.58	1253	1266.66	1330.04	1366.66	1419.48	1475.4	1523.72	1583.88	1610.04	1649.78	1681.6	1718	1765.04	1810.8	1854.64	1972.2	2040.24	2150.56	2221.24	2291	2480
Tigger13a	10	30.12	47.24	55	59	64	68	73	76	80	84	87	89	92	95	98	102	105	108	110	114	117	120	123.76	127	130	133.12	137	140	144	147	150	154	158	161	165	169	172	176	180	185	188.92	193	198	202	206	210	215.64	220	225	231	234.12	241.24	246	251	256	261.72	268	274.96	281	288	294	298	305	312.68	319	324	328.04	335	341	345	352	362	372.76	380.88	392	401	409	422	433	442	451	465	476.96	487.08	503	514.32	527	539	554	565.8	583	599.04	616.16	637.28	654	669.52	690	700.76	722.88	791
LTR16D2	18	38.4	45.8	54.4	65.4	68	73.6	78.8	81.4	88.4	91	96.4	100	102	104	105	111.6	115.6	117	117	119	119	121	121	122.8	126	128	128.6	130	137	143	147	150	152.4	161	164	167.8	169	181	191.4	198	201	206.4	215.2	222.6	236	243.4	248	254.8	258	258	262	281.6	290.8	298	311	327.8	333.8	341.4	345.6	349	351	353	365.4	367.4	385	390.6	397	400.8	404.4	416	420	423	427.4	448.4	455	461	466.2	472.8	476.6	487	491.2	497.6	503	511	515	517.6	522.6	523	529	530	532	533.6	537.8	545	547	552.8	555.2	566	579.2	610
ORSL	10	23.13	32	40	43.52	49	53	57	60	62	65	68.43	72	74	75.82	77	78	79	80	81	82	83.73	85	87	89	90.25	92	93	96	98.77	101	104	105	107	109	111	114	115	118	121	124.2	130	131.46	136	136	138.85	144	147	150.24	155.37	159.5	164.63	168.76	172	176	181	187	193	198	200	203	206	210.06	215	217.32	221	223	226	228	229	231	233	235.36	237.49	238.62	240	242	243	245	246	247	248	249	250	252	253	255	256	258	259	261.7	263	264	265.09	267	270	272.48	278	285	295.219999999999	363
MARNA	10	21	32	40	46	51	55	58	62	64	67	71	74	76	79	82	84	87	88	90	92	93	96	97.65	99	101	103	105	108	109	111	114	116	118	120	123	124	127	129	131	134	136	139	141	143	145	147	150	151	153	156	158	160	164	166	168	172	175	177	180	183	186	189.1	192	196	199	202	207.85	211	215	217.5	222	226	231	234	239	244	248	253	258	264	271	275	280	286	290	299	306	313	323.95	332.5	340	356	367.15	382	399	415.8	438	465	500	598
MLT1G1-int	19	37.38	60.1	85.33	95.76	97	129.18	137.33	143.36	151.28	158.3	169.21	181	190	192.54	200.85	212	234.23	249.28	266.83	285.6	318.98	323.6	335.79	341.56	353.5	368.94	376.71	400.44	407.34	432.4	445.04	470.24	490	498.92	511	534.8	548.03	559.18	569.17	583.2	596.51	605.64	618.07	633.72	651.2	665.96	677.79	688.08	694.08	705.5	718.92	724.88	742.69	755.42	757	771.16	775.22	795.02	802.21	817.8	837.83	846.12	885.7	897.36	911.4	935.9	944.82	963.6	1015.77	1037.2	1066.43	1081.8	1095.87	1106.06	1131.25	1186.44	1190.42	1210.88	1222.36	1234	1259.16	1305.62	1408.29	1441.24	1480.8	1513.14	1568.65	1626.68	1732.1	1818.7	1863.43	1870.12	1939.47	1997.12	2067.85	2166.48	2200.81	2245.76	2334.15	2664
LTR84b	11	38	45.46	50.19	55	61	66	70	76	79	83	86	90	91.49	95	98	101	104	106	108	110.6	113.33	116	117.79	121	123	125	127.71	129.44	131	133	137	138	140	142.82	146	149	153	154	157	160	162	164	165	169	173.85	176	178.62	182	183	187.5	192	192	196	201	203.15	205.88	208	211	213	216.8	222	227	231	234	237.45	240.18	245	250	256	262.1	267.83	275	280	286.02	293.75	299	306	312	321.67	332.4	343	356.86	366.59	377.32	389.05	403	416.51	434.96	454.97	469.8	500	516.32	543.89	580.100000000001	612.05	641.08	655.62	684.54	715.81	775
LTR1C	31	40.6	46.28	46.92	62.68	80.6	98.52	119.32	139.16	150.68	171.4	196.4	202.8	209.2	215.6	283.2	332.32	343.84	353.8	361.32	362.6	371.36	382.48	386.32	389.08	391	402.52	424.4	459.6	508.24	558.2	606.84	643.96	671.36	673.28	676.8	681.08	682.36	686.2	692.6	695.4	697.72	699.64	702.08	704.32	705.6	708.64	712.4	715.6	718.08	720	721.92	723	723	724.68	726	726	726.96	728.24	729.52	730.4	731.04	731.68	732.32	732.96	735.4	737.24	737.88	738	738.16	738.8	739.88	741.08	741.72	742	742	742.64	743.28	743.92	744.56	745.4	746.68	748.44	750.72	754.56	759.2	764.12	766.04	767	767	772.4	776.24	776.88	783.24	793.48	811.4	818.76	821.08	821.72	835.68	860
THE1A-int	15	223.16	378.08	426.62	453	507.6	540	586.26	611.44	640	673.4	703.96	724	735.34	769.52	780	808.76	844.06	856.48	915.68	995.6	1047.9	1110	1178.28	1270	1317	1365.36	1417.86	1443	1474.98	1503	1518	1547.04	1577.88	1600.12	1627.3	1655.4	1704.98	1802.84	1857.12	1915.2	1959.38	2005.56	2037.22	2066.76	2106.2	2126.56	2154.46	2167	2184.82	2208	2222	2230	2239	2244	2247.9	2250	2252	2254	2256	2258	2260	2262	2264	2265	2266.7	2267	2268	2270	2270	2271	2273	2273	2274	2275	2276	2277	2278	2279	2280	2280	2281	2281.76	2282	2283	2283	2285	2285	2286	2287	2289	2290	2292	2295.74	2299.92	2306	2309	2320	2333.64	2403.48	3898
LTR91	12	38	49	55	58.48	62	64	68	71	75	77	79	81.44	83	85.68	88	89.92	91	94	96	97.4	100	102	105	107	109	111	113	116	118.98	120.6	123	126	129	132	135	138.32	141	143	145	147.8	149	150	152	154	157	159	161	163	165.38	168	170	173	176	180	183	185	187	190	193	196	200	203	208	211	215	217.92	221	225	229.78	233.4	239	242.64	254	258	265	270.12	280	287	292.98	301.6	308.22	320.84	325.46	335.08	350	360	368	375	383	394.8	414	429.08	442.98	471.28	502.9	528.6	572.259999999999	624.28	748.279999999999	866
LTR41B	11	31	38.88	42.32	47	55	60	64.08	68	72.96	75.4	80	84	86	92.16	97	100.04	103.96	108	113	116.8	122.24	127	130.12	133.56	139	141.44	145.88	148	150	154	157	161	164	166	168.4	173	177	179	186	189.6	193	196.48	202.84	209.36	216	221.24	230	232.24	240.12	249	253.44	260	265	268	274	280	283.08	288.52	291	305.4	309.84	316.28	321	326.32	334.6	343.12	353	361.84	369.36	375.8	380	390	399	404	421	427	435.76	456	473.52	499.2	538	590.08	605	620.84	636.2	655.84	664.28	677.88	691	699.6	708.08	716.44	723.92	740.44	751	759.24	778	791.12	829.48	884
LTR91A	12	39.92	47	54	58	61	65	68	70	73	75	77	80	83	85	88	90	92	94	96	98	101	103.24	105	108	111	112	115	116	118	121	123	125	128	131	133	137	139	142	144	146	148.72	150	152.56	154.48	157	159	162	166	169	171	174	177	180	183.68	185	187	190	195	198	200	204	209	213	217	222	227	231	235.56	239	243	248	255	259	264.08	271	277	283.84	288.76	295	302	314	321	328	338	348.2	356	361.04	376.96	388.88	404.8	423.72	445.92	468.56	487	519.4	562.32	615.959999999999	682.16	790.079999999998	936
AluSq10	14	41	53	59	66.08	74.35	85	98	107.16	115	121	125.97	129	132	134	136	140	148.59	155	163.39	174	191	208.88	226	242.92	261	272.02	276	279	280	282	283.37	284	285	287	288.45	290	291	291	292	292	293	293	294	294	295	295	295	296	296	297	297	297	298	298	298	299	299	299	300	300	300	301	301	301	302	302	302	303	303	303	304	304	304	305	305	306	306	307	307	308	308	308	309	309	309	310	310	310	311	311	312	312	313	313.38	315	316	318	322	331	379
X12_LINE	27	30	35	37	40.6	41	43	43	44.6	45	46	48.2	49.4	50	50.8	52	53	53.4	54	54	55	56.2	57	58.6	59	59	60	60	60.6	61.8	63	63.2	65	65.6	66	66	67.2	68.4	69.6	70.8	72	73	74.4	75.6	76.8	77	80.2	81.4	83	83	84	84	85	86.8	89.6	91	92.4	94.4	95.6	98.8	101	102.2	104	105	107.6	109	109.2	110.4	113	113.8	117	118	119.2	121.6	123.8	124	131	137.4	140.2	141	144	145.4	148.4	151.6	154.8	165	168.6	179.8	202.6	211.2	215	216.4	243	249	255.2	260	277.8	307.6	315.8	322.6	347
MER105	23	34.13	40.52	45.39	49.52	51	54	58	63	64	66	70	72	76	81	86	88.08	94.21	96.34	98.47	103	106	109	112	114	115	119	121	123	124.77	126.9	129	131	131.29	134	135	137.68	140	141	142	144	145	145.46	147	148	149	151	153.11	154	156	156	157	158	159.89	160.02	161	162	163	164	166	167	168	170	171	172	173.45	174.58	176	177	178	180	181	182	183	183.62	184	185	186	187	187.27	189	190	191	191	192	193	193.18	194	195	195.57	196	197	198	199.09	200	201	203	204	207	211.74	238
LTR19B	14	42.25	59.4	70.4	85.8	94	99.1	114	126	133	138	141.85	144.2	152.4	215	234	235	237.3	252.5	270.3	273	287.5	304.3	323.9	335.6	347.75	387.3	412.05	430.6	438	442.5	453.8	455	459.55	482.3	499.25	514.8	526.15	532.1	535.55	542	543	544	544.35	545	545.25	546.7	547.15	549	549.05	550.5	551	552	553.85	554	554.75	555	555	555	556	556	557	557.9	558	558.8	559	559	559	560	560	560	561	561	561.85	562	562	562	563	563	563	564	564	564	564	564	564.25	565	566	566.6	567	568	568.95	572	572	575	575.75	577	577.65	583.9	598.3	647
HERVIP10FH-int	41	52.52	79.14	92.42	108.56	122.6	133.7	146.96	163.64	171.42	183.1	184.36	192.12	197.41	201.66	204	206.08	212	216.68	220	222	227	228.18	231	233	244.5	249.94	260.26	268.24	276	279.7	317.12	367	379.27	391.82	420.45	447.2	461.3	483.4	523.1	571.6	580.16	602	628.19	651	651	675.74	704.79	715.84	762.86	787	831.94	859.04	877.63	909.3	940.8	964.64	996.47	1031.06	1048.03	1084.4	1115.54	1135.12	1193.91	1257.4	1287.2	1360.42	1447.65	1477.56	1496.97	1537.9	1594.84	1662	1698.7	1879.54	2020	2085.72	2259.87	2354.74	2509.03	2569.6	2681.68	2714.86	2791.43	2877.2	2903.95	3006.12	3167.12	3301.2	3429.7	3571.4	3745.9	4195.24	4383.34	4762.94	4942.5	5745.44	5882.06	6185.4	6278.91	8469
Charlie16a	11	34	41	46.27	48	48	52.54	56.63	60	62	66	69.99	71	73	75	78	82	85	88	90.71	93	95	97	100.07	102	104	105.34	108	111	114	116	118	119	121	124	125.15	127	130.33	133	134.51	136	138	140	142	143.96	146	147.14	149	150.32	153	156	158	160	161	163	165	167	168.13	172	173	175	177	179	181	184	185.85	187	189	194	196	198	200	204	205	207	210.75	214	217	219.02	222.11	227	230	234	237	239.56	245	247.74	252	254.92	258	261	265	271	275	279.46	293.1	300.64	311.73	318.82	328.82	354
FordPrefect_a	29	41.2	45.2	50.8	54.2	58	62.8	64.6	67.2	71	73	74	75	76	78	81	83	84	86	91.2	95	97.8	102.6	103.4	104.2	107	108	108.6	111	113	115	116.8	121.6	125.4	131	133	133.8	136	139.4	141.2	143	148.8	149.6	152.4	159	163	165	166.6	168	171.2	176	177	182.2	186.6	192	193	197	208.8	213	215.2	222	228.8	238.8	246.6	252.6	258	261	262	265	271.2	275	284	296.6	299	304.6	310	316	323.6	332.4	340.4	343	353.6	366.6	382	386.4	397	405.2	408.8	419.4	427.4	431	437	441.4	446	450.8	470	472.8	485.4	493	504.4	518
MER11C	25	75.78	229.2	385.18	455.4	596.2	714.48	811.78	893.56	940	952.4	960	960.24	970.26	975	983.3	987.32	991	993.36	999.76	1020	1030	1032	1035.46	1039	1042	1045	1049	1050	1050.58	1053	1055	1056.64	1058	1059	1059	1060	1061	1061	1062	1062	1063	1064	1064.86	1065	1065	1066	1066	1066	1066	1067	1067	1067	1067	1067	1067	1068	1068	1068	1068	1069	1069	1069	1069	1069	1069	1070	1070	1070	1070	1070	1071	1071	1071	1071	1071	1072	1072	1072	1072	1073	1073	1073	1074	1074	1074.7	1075	1075	1076	1076	1077.8	1078	1080	1082	1083	1084.9	1086	1087	1089.96	1110.9	2163
LTR71B	11	41.4	54.4	60.8	70.2	74	77.4	87.6	92.8	104.6	125	139.6	152.4	176	196.4	219	226	235.6	252.4	258.6	262	289	322.2	328	328.6	343	350.2	357.6	362	362	362	367.6	375	394	398.2	403	406.6	413	433	447.6	471	482.6	500.6	521.6	533.2	547	548.8	549.6	553	554	554	560.6	571	574	578.2	583	584.8	585.6	586	586.6	590	590	590	591	591.2	592	592	594.6	596	596	598	598	598.6	599	599.4	601	603.4	604	605	608	608	608.8	609.6	611.4	613.2	617	618.8	621	621.4	622	622	622	622.6	624	626	627	636.6	639	644.4	820.999999999998	1061
LTR16D1	14	31.18	40.06	51.09	61	63	65.18	67	70.96	80	82.3	89.99	93.08	99.95	103.42	106.35	109	113.02	115.54	117	118.6	121	121.66	124.07	127.72	129	133.34	135.62	140.68	144.74	148	153	155	158.98	162	164	165.08	169.44	179.28	184.02	190	193.23	199.52	205.58	208.96	217	221.76	225.64	231.2	239.88	247.5	267.3	280.72	302.18	305.86	313.2	322.04	324.71	326	329.77	340	344.66	346.72	353.67	355.84	359.9	360.98	386.05	393	394	396.3	401.91	409.32	413.19	421	422	425	426	431	436.59	454	464.43	466.38	478.9	499.52	507.55	518.58	532	548.88	561.02	570.4	579.19	596.92	620.85	627.82	629.85	634.52	652.91	659.7	661.94	672
L1MA3	10	25	35	40	44	47	52	56	61.96	67	73	79	86	93	101	107.05	113	120	125.66	131	137	144	152	158	164	170	177.62	184	191.36	201	210	220.97	232	241	250	260	271	283	296	308.93	324	339	353	367	386	402	421.02	436	457	474	488	503	520.24	536	558	582	604	627	646.46	672	698.2	728	764	798	825	859	891	920	953	986	1024	1066.77	1116.64	1172	1218	1283	1338.24	1400	1452.86	1523	1587	1656.94	1720.68	1801.21	1887.08	1955	2068	2160.69	2283	2379.43	2501	2633.51	2786.4	3000.91	3166	3401.65	3762.16	4125	4609.26	5591.52	7971
Charlie18a	10	31.62	39	45	49.48	53	57	59	62	66	71	74	76	79	81.68	83	86.92	89	91	92	94	96	98	99	101	103	104	106	108	109.98	112	113	115	117	119	121	123	124.94	127	130	132	134.42	136	138	140	142	145	148	150	151.38	153	155	158	160	163	166	168	170	173	176	179	181	183	185	188	191	194	196	199	202	205	209	211.64	215.26	219	222	226	229	232.36	237	240	245	249.84	254	259	263	268.32	272	279	283	287	295	301	305	311	315.9	320	326	335.76	342	387
MER51E	12	17	30.6	37.58	48.52	54	55.64	64	65.76	70.74	73.2	76.92	79	79	81	81.9	93.08	98.24	107.28	116.04	124	132.42	142.68	144.78	162.08	181	195.36	200	203.8	214.88	225.8	234.28	252.36	270.42	280.24	292.4	313.64	318.82	323.36	331.7	337.4	341.34	356.6	374.72	379.2	395	396.12	402.42	405.28	408	413	417.72	424	425.16	426.44	427	428.16	430.02	432.76	433.74	435	437.46	438.32	439	439.04	440.9	443	449.62	451	452	455.4	460	460	465	468	474	476	479.22	480.08	481.94	482	483	485.52	488.52	492	496	497.92	499.82	502.36	505.62	508.8	510.78	514.12	518.92	522.52	526.1	529.56	538.94	557.88	708.239999999988	2351
MER91C	10	29	32	34.08	38	39	41	41	42	44	45	46	47	48	49	51	52.76	54	56	57	58	58	59	60	61	61	62	63	63	64	65	66	67	68	69	70	71	71	72	73	74	75	75	76	77	78	79	80	80.28	81	82	83	84	85	86	87	88	89	90	91	92	93	94	94	95	96.4000000000001	97	98	99	99	100	100	101	102	102	103	103	104	105	106	107	108	109.52	110	111	112	114	115	115	117	119	120	122	124	126.84	129	130	131	133	135	146
LTR86A1	11	31.12	44.24	50.84	55.12	58	63.04	67.96	74.24	78	83	86.08	88	92	96.92	99	103.48	107	111	116	118	123	126	129	129.72	132	135	137.56	142.52	146.12	147.4	150.36	155.92	161.24	163.52	166.8	168	171.08	175	177.92	182.2	187.48	193	196	203	206.2	208.88	211.16	215	219.72	225	230	240	241.84	246.12	251.2	256	261.92	265	267.52	272.8	279.16	282.36	290	294	300.2	302	306	313.12	323	331.2	343.76	348	350.44	358.72	364	370.28	374	383.84	393.12	398.4	405.68	414.92	421.48	429.52	433	437	442	445	448.84	452	455	460.28	463.04	467	471.6	475	481.16	487.44	498.32	551
LTR75_1	31	40.08	43	43.81	48	48.7	50.62	51	51.16	52.86	55.4	57.94	60.96	65.02	66	76.35	83	87.13	92.58	101.17	111	114.67	123.46	128.94	140	140.75	149.02	150	151.68	154.66	155.1	157.11	159	176.29	186.5	207	207.72	213.94	223.3	233.89	244	246	250.42	263.27	266.88	275.95	288.26	297.59	301	313.44	335	363.49	379.12	383.55	390.48	396.4	406.4	426.34	435.28	441.72	445.6	448	453.18	462.15	477.84	484.95	489	497.27	500.36	502.89	504	504	506.2	513.26	515.98	518	519.04	520.79	522.06	523.66	525.6	527.74	528.14	529.41	530	531.9	534	534	534.76	538.03	539	539.57	540.84	542	542.38	544.3	545.92	548.38	551.84	555.46	563
MER72	12	20.24	40.18	43.59	48.12	52	52	57.71	65	67	69	70	79.36	80.89	87.42	95	98.96	108	116.62	131.21	135	144.13	156	166.76	180.72	187.5	193.78	201.31	215	220.74	228.9	238	249.84	259.49	278.04	283.55	292	298	308.14	315.34	335.2	342	349.26	352.79	361.64	372.85	399	414.82	424	436	445	464.21	488.36	503.09	518.24	539.3	551.68	572.84	593.74	602	615	629.66	639	640.39	646	649.9	654.98	657.02	663	667	668.1	671.63	674	676.69	677	679	681	684	685	686.87	688	690	695	697	699	701	703	704.11	707	709	710	712	714	716	717	720	722.88	726	730.94	738.47	944
L2-3_Crp	12	42	47.58	55	60	62	64	67	68	70	72	75	78	81.77	84	87	88	91.93	94	97	102	105	108	111.67	114	118	122	124.83	129	131	138	142	147	153	156	160	163.44	169	174	177	181	184	188	191	193	196	198	201.63	205	208	211	213.79	216.08	219	222	225	227	230	232	235	238	241	245	248	251.56	255.85	259	263	267	272.01	280.3	287	291.88	297	301	307	312.04	317	326	332.91	337	344	347.78	353.07	360	365.3	369	375.23	383.52	395	409	423.39	436	447.94	462.26	477.55	498	516.13	541	591.55	936
Charlie32a	40	42.58	48.64	52	53	56.6	58.48	59	59	59	59	60	61.96	63.54	64.12	66	68.28	72.86	73	76	78.6	80	80	81	81	81	81.08	82	86.72	89.82	90.4	91.98	93.56	95	95	95.3	100.4	101	103.04	105.62	107	107.78	109.36	112.94	115	115.1	116	117	117.84	118	119	121.16	123.16	124.74	125.32	126	127	129.06	130.64	132	133	133.38	135	137.54	138	140.7	142.28	143	144	145.02	150.8	152.18	154.76	155	160.92	164.5	167.24	175.64	179.24	180.82	182	183.96	184	189	191.44	195	195.88	198.46	207.04	209.24	212.2	215.34	219.72	222.94	235.08	253.1	257.04	267.04	286.84	297.78	338
MLT1D-int	14	47	58.76	67.57	84.76	96.85	105.56	116.32	129.52	153.55	176	188	203.24	216.47	230.62	241.55	242	251.46	278.68	288.61	303	310.97	321.72	337.18	357.92	376.75	389.82	398.13	399	415.53	434.9	451	491.16	507.89	525	540.3	546	558.06	566.66	584.64	591.2	598.58	608.9	616	626	644.3	655	663.86	690.12	697	704	719.69	729.64	737.35	749.82	773.15	783.92	806.83	816.04	833.05	847.2	854.77	865.56	894.85	913.64	941.1	959.24	978.19	996.76	1013.11	1030	1050.47	1067.76	1085.61	1099.72	1134	1161.44	1174.89	1202.28	1240.12	1293	1347.17	1384	1428.24	1448.8	1475.2	1510.4	1553.83	1601.4	1659.55	1721.2	1757.16	1825.28	1867.72	1940.66	2036	2036	2095.16	2183.6	2353.68	3102
MER52D	40	42.75	53	56.45	59.6	62	69.9	74.15	81.8	92	102.5	126.85	146.8	167.55	181.4	202	211.8	216.65	227.4	237.8	254	264	268.6	293.95	316.2	349	349	373.05	390.8	404.05	418.5	431.3	443.6	470.65	475.2	503	530.8	570.4	637.4	679.7	747	782.35	812.899999999999	844	901.6	949.25	982.5	1037.3	1070.4	1115	1137	1172.6	1208	1232.95	1257.8	1284	1311	1325.55	1340.4	1361.55	1377	1405.3	1425.3	1432.05	1459	1480.75	1496.8	1502	1514	1530.7	1558	1574.65	1594.8	1602.95	1625.4	1643	1657	1672.55	1699.7	1724.1	1743	1822.45	1836.9	1860	1878.8	1892.75	1904.9	1939.05	1950.2	1963.7	1990	2009.3	2025	2037.95	2051	2065.75	2088.8	2156.65	2201.7	2269.55	2526
L1M	10	13.47	21	26.23	32.88	35	38	41	42	43	45	46	48	49	51	52	54	55	55	56	58	60	61	62	63	63.75	64.22	65	67	68.63	70	70.57	72	73	74	74	75	76	77	78.33	79	80	81	83	84	86	87	88	90	91.03	93	94	94.44	96	97	98	98.3200000000001	100	102	103	104.2	105	107	108	109	110	111	112.49	114	115.43	117	119	119	122	124	125	126	127	128	130	132	133	134	136	137.48	140	142	143	146	147	150	152	153.24	155.71	159	162	168	172	200.18	231.59	2826
X15_LINE	17	27	29.72	31	31.72	33	33.58	34	34	35	37.3	38.73	40	40.59	41	43	44	47	47	48	48	49	49	50	50	51.5	53.18	54.61	55.04	56	57	57	57.76	58	59	59	60.48	61	61	62	62	63	64	64	65	66	66.78	67.21	69	71	71	71.93	73	73	74.22	76.65	77	78.02	80	81.37	82.8	84	85	85.09	87.52	88	89	91	91.24	92.67	93	94.06	95.96	96	97	97.25	99	100	101.08	104.97	106.4	111.83	112.78	119	123.12	125.55	128.96	134.23	137.68	145.97	163.7	176.39	184	184.99	211.26	231.55	243.52	259.97	294.84	316.97	361
LTR12E	77	77.15	80.6	86.15	87.2	88.75	91.3	95.5	110	125.6	133	145.9	179.2	218.1	304.9	368.5	379.8	404.65	412.6	447.2	453	454.3	460	464.35	489.2	490.75	494.5	502.55	537.8	579.35	581.5	602.9	631.4	685.15	721.2	769.5	792	818.65	825.7	846.9	901	905.75	962.2	1005.25	1039.4	1057.5	1061.7	1072.55	1081.8	1084.8	1088.5	1092.75	1096.8	1110.35	1118.4	1119	1124.6	1126	1126	1126	1129	1130.2	1134.6	1141.05	1147	1148.5	1153.3	1156.8	1162.8	1165.35	1175.5	1186.75	1189	1202.65	1213.5	1215.75	1217.6	1218	1227.9	1229.95	1235	1242.15	1245.5	1252.85	1269.8	1274	1277.6	1279	1281.4	1285.9	1291.5	1296.55	1297.6	1298.65	1308.8	1319.75	1345.2	1353.55	1358.5	1469.2	1614
LTR21B	35	49.04	63.08	77.12	91.16	105.2	113.88	115.86	117.84	119.82	121.8	123.78	125.12	126.38	127.64	128.9	130.16	131.66	133.64	135.62	137.6	139.58	141.56	146.9	153.2	159.5	165.8	172.1	177	177	177	177	177	177	190.68	211.2	231.72	252.24	272.76	293.26	313.6	333.94	354.28	374.62	394.96	405	406.8	408.6	410.4	412.2	414	414.36	414.72	415.08	415.44	415.8	416.08	416.26	416.44	416.62	416.8	416.98	417.64	418.36	419.08	419.8	420.52	421.54	423.16	424.78	426.4	428.02	429.64	431.54	433.52	435.5	437.48	439.46	441	441	441	441	441	441	441	441	441	441	441	441.46	445.6	449.74	453.88	458.02	462.16	513.900000000001	603.720000000001	693.54	783.36	873.18	963
HERVFH21-int	46	54.37	56.72	60.95	64.88	67.3	68.58	71.55	74.44	76.48	80.2	84.15	90.08	102.44	117.44	137.9	152.2	175.06	186.66	190.34	191.6	192	203.04	222.24	235.52	257.5	302.26	316.47	386.44	419.92	492.1	536.52	577.44	607.32	622.2	659.55	728.28	793.5	827.76	850.77	895.6	928.6	946.18	948.97	1063.08	1191.15	1356.3	1403.39	1423.28	1454.09	1473.5	1503.23	1545.92	1563.19	1577.6	1602.8	1615.16	1640.03	1642.82	1643.87	1654.4	1705.91	1735.22	1761.06	1784.36	1796.15	1874.48	2061.1	2227.12	2300.46	2332.1	2333.9	2361.8	2492.05	2600.66	2747.75	2842.36	2924.95	2964.16	2989.5	3115.2	3272.91	3310.76	3486.51000000001	3998.28	4023.4	4179.64	4230.32	4465.16	4583.69	5161.1	5577.92	5687.48	5694.43	5759.74	5854.8	5899.6	5990.26	6083.66	6175.83	6612
LTR14B	32	101	102.86	124.89	168.64	213.45	269.04	295.03	301.32	328.36	335	335	339.72	382.29	395	399.45	400	401	404.22	405	405	407	407	409.78	410	410.75	412.18	414.61	415	416	422.6	436.64	444	445.19	447.24	466	505.8	534.37	548.44	559	565	566	568.06	570.49	573.76	575.35	576.78	577.21	578	579.07	580	580	580.36	581	581.22	582	582.08	583	584	584	584.8	585	585	585	586	586	587	588	590	592.34	593	595	596	600.17	604.82	606.25	608	608.44	613	614	614.8	616.83	618	619.69	620	621	623.98	624.41	627	628	628	629.13	630.56	631	632	633	636.28	639.13	642.26	681.78	757
AluYk4	14	62.88	113.52	132.82	152.76	180.5	201.56	224	237.52	250	261.4	265	272.28	277	278	280	282	282	284	286	287	289	290	291	292	292	293	294	294	295	295	295	296	296	296.96	297	297	298	298	298.66	299	299	299	299	300	300	300	300	301	301	301	301	302	302	302	302	303	303	303	304	304	304	304	305	305	305	306	306	306	306	307	307	307	307	307	308	308	308	308	309	309	309	309	310	310	310	310	310.78	311	311	312	312	313	313	314	315	316.24	319	321	326	354
Cheshire	10	23	34	38	40	42	46	47	49	50	52.9	55	57	58.47	60	61	64	65.23	69	71	73	74.99	78	80	82	85	86	88.13	90	92	95	98	99.08	102.27	105	108	111	116	119.22	123	125	128.79	134	138.17	145	151.55	162.74	167.93	174	181	189	195	206.88	216	221	227.45	235.28	246	258	267	280	285.59	291	299	312.48	324.35	331	342.46	348.92	356	360.3	376.47	384.68	394	401.06	424	453.76	488.63	513.64	533.02	558.4	585.56	620.58	654.54	688.96	725.15	780.68	806.06	838.6	892.91	913.1	999.320000000001	1078.44	1144.01	1282.78	1353.5	1461.28	1643.43	1947.72	2254.02	2425
MamRep605b	14	38.72	46	51.16	55	58	61	64	67	69	71	74	77	79	81	83	85	87	88	89	91	94	95	97	98	99	101	103	105	107	109	111	113	115	116	119	121	122	123	125	127	128.52	131	132	134	136	138	140	142	143	145	147	149	151	153	156	158	160	162	165.48	168	170	173	177	180	184	188	193	196	198	201.4	204	208.84	213	216	220	224	229	232	237	242	247	253.04	258	262	268.2	275	280	287	294	300	307	315.24	326	336	349	364.12	392	429.48	487.56	686
LTR12	49	98.92	107	166.58	220	323.65	353.76	386.93	413	466.92	490.2	496	499.88	512	515	518	520.84	526	529	532.81	537.6	541	547	550	555	557.75	565	576.73	584	589.71	595.7	602.69	611	620.67	623.32	626.3	631	642.26	646	648	650	658.59	674.58	679	684.56	691.1	697.54	703.53	709.04	713.51	717	721.49	725.48	727.47	729	732.35	736.44	740	743	745.41	747.4	750	752	753	754	756	764	766.99	775	778.31	780	782	787.28	791	793	796	798.24	805.23	809.44	815.21	819	822.19	830	831	833	840	847.14	853.13	855.12	859.11	863.8	881	885.08	902.49	922.06	933.05	952.28	973.03	1016.06	1059.16	1359
MER101	17	29	41	45.88	49.96	55.8	60.88	65.36	67.92	76	77.4	79	82.52	88.24	99.08	105	110.52	115.4	122	127	130	133	135.28	139.52	143.52	147	154.24	158.48	163.44	167	170.6	180.44	189.04	204	214.76	226.4	247.12	264.04	290.24	303.44	310.4	317	328.32	334.64	340.36	349.2	363.12	367.28	371.56	376.52	391	393.24	397.48	406.6	411.96	414	414.44	416	417.92	419.16	422	423	424.76	425	426	428	431	432	433.64	437.56	439	440	441	442	445	447	448	449	450	451.96	453.2	455	456	457.92	459	460	461.64	463.88	466.12	468.36	470	471.84	473.08	477	479.56	482.6	486.04	493.28	517.2	530.08	1038
X7C_LINE	29	33	34	37.14	40	42	46.14	47	48	49.71	52	53	55.28	57	58.66	60.85	62.04	66	67	68	70	71	73	75	76.56	77	79	79	79	81.51	84	85	86.08	87.27	89	90	91.84	92.03	94	96	98.2	99	99	102	103	106	107.74	109.93	112	113	116	117	119	121	122.26	124.45	126	129	130	132	133	134	136	137	139	141.35	143	144	145	147	150	151.49	154	156	159	160	160	163	165	168	172.2	175	177	179	183	185	189	193	196.72	203	203	207	209	215	217.86	220.15	225	232	238.24	261.05	334
LTR36	11	17.71	35.28	48.84	58.56	63	67.42	69	78	81.13	83.7	85	90.68	94	96.98	100.55	108	110.69	113.78	118	122.4	135.73	142.7	150.22	154	162.75	172	179.78	184.92	190.59	218	234.01	265.24	274	285.38	297.8	304.04	314.63	366.28	376	377.8	387.07	412.76	419	431.24	437.65	443.22	448.37	455.36	463	475	483.21	496	499.21	502.78	505	506	511.98	516	517	519.2	522	522	523.91	529.48	531.05	536.1	541	544.76	546.33	548	551.47	555.12	560.61	564	566.75	571	577.78	581	584.03	586	590.17	593.74	597.31	599.88	600	602	605	607	608	609	611	612	614	617.74	621.15	625.88	638.61	654.86	682.86	718
MER126	33	41	44.32	45.98	48.64	54.9	58	59.62	65	66	66.6	68	69	72	74.48	76.9	78	81	83.64	85.54	87	88.86	89	90	90	92.5	94	94.82	96.48	98	101	101.46	105	105	106.88	110	112	112	113.16	115.74	117	117.06	120	122	123.04	125	126.36	127.04	129.68	131.34	132	134.66	139	141.96	143.64	147	148	149.62	151	153.82	156.6	161.26	165.84	168.58	170.24	171	174.12	177.22	179	180	181	183.72	185	186	186.84	189	192.16	194	194.48	197.14	198.8	200.46	204.36	207	208.88	214	223.04	231.84	235.08	238	239.4	245	250.88	262	264.04	269.1	292.16	318.36	352.56	371.02	432
MER130	36	42	45.4	53	61.8	67	75	79.6	82.2	87.4	95	98.4	99.6	100.4	101.6	105	106.8	113	115.8	117.2	118	118.8	120.2	121	123.2	124	124	127.2	130.4	132.8	137	137.8	138	138.4	140	144	146.8	147.6	148.4	150	152	152	153	153.8	156	157	160.8	161.6	164.4	166.6	170	170.8	175	180	182.2	183	184.8	186	187.8	189.2	195	196.8	202.6	203.8	207.2	211	211	212.6	213.8	217	218	220.6	223.8	225.4	226.4	231	234.4	236.6	239	239.2	243	244.6	248.2	255	257	257	261.8	265.2	268.4	270	271	305.8	308.6	311	320.4	345	375.2	392	432.6	493.799999999999	977
MLT1M	14	37.1	43.2	46	50	53	56	59	61	63	64	65.1	67	68	70	71	73	75	76	77	79	79.1	81	82	83	85	86	88	90	91	93	95	97	99	101	103	105	107	109	111.9	114	117	118	122	124	128	129	132	135	139	141	144	145.2	148	152	154	156	159	162	166	169	172	175	178	181	185	188	192	197	202	206	209	213.2	217	224	227.5	233	241.1	248	253.9	262	267	273	279	287	294	299	305	313.8	325	333	344	356.400000000001	371	386	400	414.6	437.099999999999	471.400000000001	535.400000000001	716
MLT2A1	13	35	38	40	44	47	49	51	53	54	56	60	64	66	69	73	77	81	93	109	120	150	166	183	208	224	241	273	292	326	348	358	370	374	378	381	383	387	390	391	393	395	397	398	401	402	404	407	411	413	415	418	421	423	425	427	428	430	430	432	433	434	435	436	437	438	439	439	441	442	442	443	444	445	447	449	450	452	454	456	460	463	466	469	472	476	479	482	485	491	495	501	506	512	521	528	536	542	550	571	917
LTR71A	29	30	30	46	50	54	64	68	71	71	71	72	73	75	85.0000000000001	131	146	152	160	192	212	228	271	323	379	387	387	387	392	392	396	411	419	422	427	432	433	433	435	437	440	440	440	441	442	443	448	448	449	449	450	450	451	452	452	454	454	454	455	455	455	455	455	455	455	455	456	456	456	456	456	457	457	457	458	458	458	458	458	459	459	459	459	459	459	459	459	460	460	460	462	462	463	463	463	463	466	476	480	488	494
UCON73	40	43.94	46.88	50	51.88	52.35	54.82	56.29	59	59	60	60.17	61	62	63.16	65.05	66.52	67.99	71	71.93	74.4	76	77.34	78	80	81	82	83	83	83.63	84	85	86	86	86	86.45	87	88	89.86	91.66	93.8	94	94	95.21	98	99	99.62	100	102.12	104	104	105	106	106.91	107	107	108	108	110	111	111.2	113.67	115	115	118.08	120	121.02	122	122	123.43	124	125.37	127.84	129.31	130	131	133	136.57	139	139.13	141.6	143	144.54	146	148.44	151	152	153.89	155	156.83	158.3	160	162	163.71	165	166	167.12	169.18	171.24	177.06	196
Penelope1_Vert	19	27	30	32	33.84	35	37	38	39	40	41	42	43	44	45	46	47	48	49	49.24	51	51	52	52	53	53	54	54	55	55	56	57	58	59	60	61	61	62	62	63	64	65	65	66	67	68	68.16	69	70	71	71	72	73	73	74	75	76	77	78	79.64	81	82	83	84	85	86	87	88	89	90	92	94	95	97	98	100	101	102	103	104	107	108	111	114.68	117	120	123	129	135	141	149.4	157	165.32	178	185.2	203.6	237.48	265.839999999999	294.16	354.399999999999	762
Tigger14a	12	40	48	51	55	58	60	62	65	66.28	69	71	72	73	75	77	78	80	82	83.48	86	88	89	90	92	93	95	97	98	100	102	104	106	107	108	109	111	113	114	115	117.8	118	120	121	122	125	127	127.24	130	131	132	133	135	136	138	140	142.52	145	147	148.28	150	151	153	154	156	158	160	162.64	164	166	169	169	171	174	175	178	179	182	185	188	191	194.52	197	200	204	207.2	210	212	216	219	223	228.72	234.64	241	246	256	266.32	274	280.16	296	332
Charlie7a	11	28.23	36.46	42	47	52	55	57	61	64	69	71.53	74	77	79	81.45	83.68	86	89	92.37	94	95	97	99	101.52	103	105	106.21	108	111	112	114	117	119	122	124	126.28	129.51	132	133	136.2	139	141	143	144	146.35	149	152	153	155	157	159	162	163	165	168	170	171.11	175	177	179	180	181	185	187	189	191	193	195.64	197	200	201	203.56	205	207	209	210	212	214	216	218	221	222.86	224	226	228	230	233	235.24	237	239	242.93	246	249	251	254	258	263.31	268	273.77	311
MamRep137	11	35	42.16	47	51	54.9	58	61	63	65	67	69	71	73	75	76	78	80	81	83	84	85.1799999999999	86	88	89	90	91	92	93	95	97	100	102.56	106	109	112	115	119	121	124.62	127.2	132	136	139	142.52	146.1	149	152	154.84	158	163	166	169	172	176	179	181.48	185	188	193	196	200	204	210	212	215	219	222	226	231	235.6	239	242	245	250	256	262	268	275	281.82	286	294	301.56	308.14	317	325	330	338	344	351	362	371	381	393.94	402.52	415.1	423	439	455	479.42	524
Charlie29a	18	31	39.08	45.62	57	63.85	66	70.39	77	80.93	87	89	97	99	103	110	116	121	125	128.63	133	135.17	139.94	144	148.48	153	157.02	163.37	168	173.33	177	178	183	187.41	191	194	198	201	203.26	209	214	218	223	227	230.88	236	243.84	250.19	255.96	260.73	266	270	274.04	278.81	283	288	296	299	305	310.43	316.4	326.97	337	342.51	350	361.1	366.82	371.77	379.72	384	392	398.67	407.88	418.21	426.96	432.75	440.52	448.58	457	462	471	477.37	489	493.91	503.68	514	527	537	544	552	559.9	574.14	584.68	597	611.52	636.15	650	658.76	677.46	701.23	753
Charlie17a	13	38.13	45	50.39	56	59	64	68	71	74	75	77	79	80	82	84	86	88	89	90.47	92	94	95	96	99	101	102	104	105.64	107.77	110	111	113	114.29	116	118	119	120	122	124	127	129	130.46	133	134	135.85	138	140	143	146	148	151	153	155	157	159	161	162	163	164	165	166	168	169	171	173	173	174	175	176	177.1	178	180	182	183	183	184.88	186	186.14	188	189	190	192	193	194.92	195	197	199	200	201	202	204	205.96	207	208	211	213.48	215	221.74	228	398
MER94B	25	34.21	37	39	39.84	42	43.26	44	45	46	47	47	48	49	49	49.15	51	52.57	54	55	56	57	59	59	60.04	62	63	64	66	68	70	71	73	74.93	76.14	79	80	81	82.98	83	85	86	87	88.03	90	91	92	93	94	95	95	96	97	98	98	99	99	100	100	102	102	103	104	105	105	105.65	106	107	107	108	108.7	109	110.12	111	111.54	112	112	113	113.38	114	115	116	117	118	119	119	120	121	121	122	122	123	124	125	126	127	129	130	131	132.79	145
Eulor2A	49	50.32	51	51	56.76	61.2	63.84	68.96	72.28	72.94	74.2	75	75	79.06	82.72	84.7	85	85.44	86.76	88.08	89.8	92.44	94.56	96.54	98.52	99	99	99	99	99	99	99.46	100.12	100.78	101.44	102.3	104.28	105	105.08	105.74	107.2	109.12	110.44	112.14	114.2	117.5	121.52	126.04	127.36	128.68	130	130	130.32	130.98	139.32	144.9	146.88	148.24	149.56	150.88	155.8	160.04	162.68	163.58	165.2	168.5	169	169.22	169.88	172.16	174.8	177.44	180.08	183.8	190.4	196	200.48	202.46	203.48	205.12	210.4	214.76	218.24	219.56	221.32	223.8	229.08	231.84	233.56	238.18	241.6	244.06	244.72	246.9	250.44	257.7	263.52	268.34	279.56	285.68	287
X9_LINE	24	28	31	32.56	34	36.6	37	39	40	41	42	43.72	45	45.76	47	47	48	48	49	49	50	51	51	52	52.48	53	54	55	56	56	57	58	58.64	59	59.68	61	62	62	63	64	64	65	66	67	68	68	68.92	69.44	71	71	72	73	74	74.56	76	76	77	78	79	80	80	81	82	82	83	84	85.32	87	89	89	90	92	93	95	96	98	99.52	102	104	108	111	112.12	116	119	123	127	133	140	145	151.84	157.6	163	174.52	188.72	217	238.4	262.6	301.64	329.6	409.24	575
LTR86A2	35	45	49.08	51.12	58.16	61.2	66	68.28	71	73.36	75	77.44	80	81.52	83.56	85.6	88.56	92.68	95.72	99	103	108.52	111	114.84	117.96	120	122.04	124	126.24	129.16	132	137	138.28	140	141	143	146.76	151	156	157	160.6	164.64	165.68	167.72	172.28	182.4	192.36	194	195.92	197.96	208	213	216.08	222	224.16	225.4	232	233.84	237.32	239.36	244.2	250.64	257.96	261.52	268.12	273.4	276.64	280.68	286.16	292.28	297.4	319	324.64	331.92	336.88	348	361	368.16	371.6	378.64	394	397.24	405	409.32	418.08	422	423.44	426.48	433.52	436.12	439.2	442.28	446.68	450.88	456.8	464.2	470.68	480.88	489.92	496.96	514
MER102b	10	31.27	41	46	50	53	56	60	62	66	68	70	72	76	78	81	84	87	89	91	93.4000000000001	96.67	98	102	104	107	110	113	115	119	121.1	125	128	131	134	136	138	141	143	146	149	153	156	159	162	165.15	169	172	176	179	183	188	191	195	197	201	205	208	212	215	217	221	224	227	230	233	236	239	242	246	249	253	258	261	266	269	272	275	279	283	285	289	292	295	298	301	304	307	310	312	315	317.57	321	324	328	330.65	334	337	346	355	446
X5B_LINE	10	21.52	27.32	29.8	33.4	34.6	36.28	39.04	39.76	40	40.2	40.92	41	41.36	42.24	44.4	45.52	46.24	46.96	47	47.4	48	48	49.12	50.28	51	51.72	52.44	53	53	55.4	57.32	58	58	58	58.2	58.92	59.64	60.36	61.08	61.8	63.04	64.24	64.96	65	65.4	66	66	67.12	68	68	68.72	69	69.16	69.88	70.6	71.32	72	72	72.48	73.6	75.76	76	76	76	76	76.52	77	77	77	77	77	77	78.68	80.28	81	81.72	82.88	84	84	84.6	85.64	87	87	87	87.4	88.84	89.64	93.24	99	99	99.52	100.48	101.92	106.76	110.6	113.24	114.68	120.6	126.68	131
X20_LINE	34	40.2	51.2	53.6	58.8	61	63.2	67	67.8	68.4	69	70	71.8	75	78	79	79	83	84.6	85.4	87	90.2	92.6	95.8	98	102	103.2	104	104	105.8	108	108	109	109.8	111	112	112.6	114	115.6	117	119	120.2	121.2	122.8	123	125	129.2	131	131	132.8	136	137.6	138.2	139	139.4	142	142.6	144	145.6	148	151	152	153	159.4	161.8	164	170.2	172.6	176.6	180	180	183	185.6	188	189.4	190	195	198.4	200.8	203.8	210	213.6	215.8	219	220.6	230	244.4	248.4	254.8	263	275	275.6	286.8	294.8	303.6	319	327	370.2	383.8	419	567
Mam_R4	22	41	46	53.5	62	65	69	73	77	78	82	84.5	86	87	89	92	93	95	99	100.5	103	104	105	106.5	108	110	115	118	120	121.5	123	126.5	128	131	133	136	139	142	144	147.5	150	153.5	155	157	159	162	165	166.5	169	172	176	181	184	187	189	190	192	194	195	198	200	206.5	211	214	216	222	225	230	234	241	250	257	263	267	274	282.5	287	292	296	304	311	317	324	327.5	338	351.5	356	372.5	382	394	411	429	436	451.5	474	485	540	581.5	632	752	1312
MLT2C2	10	24	29	33	35	37	38	40	41	42	43	44	45	46	47	48	49	50	52	54	56	59	63.44	68	71.48	74	78	85	89	92	97	101	105	109.66	114	120	127	134	143	152	159.8	172	180	191	196	203	207.92	213	227	236.98	248	255.04	264	272	279	289.1	298	309	316	323.18	332	339	344.24	352	361	366	372	377	380	385	388	390	392	394	397	400	402.52	405	407	409.58	412.6	415	418	421	425.68	429.7	434	439	441.76	446	448.8	451	455.84	459	462	465	469	474	481.96	505.94	585
Ricksha_c	10	15	20	26	29	33	35	36.67	39	40	42	43	44	45	46	47	47	49	49	50	50	51	51	52	52.44	53	54	55	55	55.49	56	57	58	58	58	59	59	59	60	61	61	63	64	65	67	68	70	72	75	79.69	81.5	84	86	88	92.74	106	110	113	120	123	126.6	132.41	137	142	145	149.65	153.46	160	168	176.78	191.7	206	221	240.52	255.88	273.5	288	302.37	322.36	335.96	377.2	415.61	439.26	464	480	493.55	505.32	510.94	522.28	534.09	552.9	561.71	573.04	682.260000000001	849.14	1015.5	1152.16	1360.56	1734.9	1929.04	2082
MLT1G3	10	33	41.32	50	56	60	63	66	70	75	82	87	92	95.08	100	105	109.56	115	118.88	125.04	134	138	145.52	151	158	165	171	175	180	185	191	196.96	203.12	212	222	234	242	250	261	270	276.4	284	291.72	301	309.04	316	321	328	334	339.84	346	352	360	369.48	377	381	389.96	396	402	409.44	419.6	426.76	431.92	436	442	449	456	459	465	469.04	474	478	481	485.68	489	493	497	500	504	508	513.8	518	522	525	529	532	536	541	546	548	554	558	560.72	565	569.04	574.2	583	592.56	600	611	731
X9a_DNA	22	43.94	49	53	59	61	64	67	70	73	74	76	77	80	82	84	85	87	88	90	91	93.74	96	96	98.56	100	103	104	107	108	110	113	115	117	118	119	121.84	124	125	126.66	128	129	131	134	134	136	139	140	142	144	146	149	151.88	153	154.76	156	159.64	162.58	166	168	170	173	176.28	179	180.16	183.1	185.04	188.98	190	192.86	196	199.74	203.68	208.62	213.56	218.5	221	223.38	227.32	231.26	234.6	244	249.08	252	255	258	262.84	267.78	273	279	288.2	296.54	302.48	310.26	320	326.3	336	343.9	371.24	379.36	473
CR1-16_AMi	18	44	51	59	60.4	69	71.3	73.35	74	75	76	81	83	84.65	89.8	92	93.6	97.85	100.9	101.95	103	104	107.1	112.15	114.2	116	118	119.7	122.4	125	126.5	127.55	128.6	131	133.4	136	137.8	139.85	140.9	142	145	148	148.1	150	151	152.25	155.3	161	161	163	166	169.1	171.6	173	174.7	176	180.2	181	183	184.95	192	193.05	197.5	202	206.4	209.25	211	212.35	216	218.45	222	224.55	231.6	241.3	246.4	249.5	253.8	261.55	271	277.85	289	292.05	295.1	298.15	301.2	309.75	318.9	325.35	329.6	337.25	346	361.3	375.4	384.9	397.7	410	457.8	476.05	516.399999999999	539.95	587
MER96B	10	26	33	38.47	42	45	48	50	52.92	55	57	60	62	66	69	71	73	75	77	79	80	83	85	88	89	91.25	93	95	96	98	100	102	104	106	108	111	113	116	118	120	122	124.09	126.58	130	133	136	138	141	143	144	147	149.99	151	153	155	157	158	159	161	161.91	163	165	166	168	169	170	172	173	174	176	177	178	181	184	187	191.75	198	203	209	213	216	219	222	225	227	229	231.14	234	239	242	247.1	256	265.16	279.57	299	324	354.04	379	394.02	409.02	459
LTR1F	16	58.8	104.8	183.4	205	222	230.6	259.4	306.8	336	361	381.2	396	451.8	499	537	563	605.4	639.6	660.8	669	672.6	683	686.6	691.4	696	703.4	705.4	707.2	708.8	710	710	710.4	711.6	712	712	713	713.8	715	715	715	715.4	717.4	719.2	721.6	723	724	724	725.2	726.8	728	728.4	730	730.6	731	732	733.2	734.8	736	737.6	738	739.2	740.8	742	742	743	744.2	745	745.6	746	747	747.2	748	748	748.8	749	750.2	751.4	752.6	753	754	754.2	755.4	756	756.8	758	758.4	760.4	762.2	763.8	764	765.8	769	769.6	770.8	771	776.4	778.4	794.6	811.4	1576
Charlie24	10	27	39.7	43.55	47	49	51	52	53.8	56	57	59	61	62	63	64	65	66	67.3	68	69	71	72	73	74	75	76	78	79	79	80	81	82	83	84	85	86	87	88	89	91	91.85	93	94	95	96	97	98.95	100.8	102	103	105	106.2	108	110	111	112	114	115	118	119	121	124	125.55	129	132	136	141	143.8	148.65	154.5	161.35	170.2	182.05	186	201	209.6	218	233	243.6	264	279.85	292.4	309.650000000001	328.4	364.25	403.3	428.9	458.8	500.25	525	562.550000000002	615.4	670.15	733.300000000001	802.75	911.599999999999	1028.25	1214.5	1486.5	2055
MER75B	13	19.91	26	27.17	30.04	37.5	42.56	50.28	51.08	53.85	58.3	59.43	60	60	64.92	66.95	70.64	78	83.1	96.29	105.4	111.92	113	113.99	114.24	116.25	117	121.08	126.28	128.54	132.6	133.03	134	134	134.84	136.55	138.36	142.24	143.94	144.35	149.8	156.96	168.22	172.59	182.36	186.85	187	188	188.24	189	189.5	190.63	191	191.89	197.02	199.05	205	206.23	208.54	211.68	213	216.72	219.12	221.38	223.32	224	226.32	228.71	229	231.91	232	232.23	233	233	233	233.75	234	234.01	235	235.27	236	236	236.66	237.79	238.92	239	239	239	239.44	240	240.7	241	241.96	242	242.22	243	244.92	247.61	249.48	251.74	265
MER90a	11	36	48	55.38	60.84	66.3	71	79.22	84	89.14	96	102	105	110	114.44	119.9	123	127	129.28	135.74	142	146	153	158.58	161	168	171	177.42	182.88	190	196	199	204.72	210.18	214.64	218.1	222	227.02	232.48	234.94	240	243	247	251.78	254.24	260	270	278.62	284.08	288	294	299.46	308	315.38	320	326	336	341.22	350.68	358.14	365	376	385	396.94	407.32	421	441.44	452.82	464	466	471.2	479.32	485	491.58	496.04	503	507	510	514	518.34	521	526.26	531	535	542.64	547	552.56	559	563	566	569	572.86	575	581	587	591	595.16	600.62	605.08	618.62	659
L1MA4A	10	24	36	45	50	55	61	66	72	78	83	88	93	99	105	110	116	122	128	136	143	151	158	164	171	178	184	192	202	212	218	228	237	243	251	260	269	277	287	297	308	322	333	343	355	371	385	395.33	410	422.11	435	448.89	465	481	493	506	519	540	559	584	604	624	652	671	690.96	708	731.74	757	782	804	835	863.69	890.08	929.940000000001	962	1001.25	1044	1093.09	1143	1202.24	1273.4	1332.77	1417	1477	1552.52	1617	1678.62	1784	1867.32	1967.71	2082.1	2233.96	2357.88	2514	2705.94000000001	2907.05	3139	3434.15	3822.44	4483.27	7634
Tigger3b	10	20	34	42	51	58	63	69	76	80	86	93	97	100	103	106	109	116	121	130	139	151	160	173.94	184.72	193	200.28	209	214	223	231	240	248	256	263	269	275	281	286	292	299	308	315	326	338.32	353	371	388	403.44	418	435	446	455.56	467	478	489	501	512	522.24	536	548	560	572.36	587	600	616	626.48	640.26	655	667.820000000001	680	692	710	725	741	762.5	793	827	859	884	902	918	938	964.480000000001	1002.52	1044.3	1082	1107.86	1128	1141.42	1156	1164	1172	1180	1186	1191	1197	1206	1219.44	1250.44	1544
Zaphod	10	23	31	37	41.24	46	51	52	55	58	59	62	64	67	69	71	74	77	79	81	84	86	90	92	93	94	96	100	104	108	111	114	117	120	125	129	132.16	137	141	147	150	155.21	162	167	172	177	183	188	194	201	207	214	224	232	236	241	249	258	264.98	275	283	291	301	311	320	330	342.46	350.27	358	368	374	381.51	389	398	405	411	417	426	443.36	458.99	484.400000000001	503.61	515.26	541.23	558	571.85	583.66	597.94	622	645.18	672	706.71	735	783.33	820	863.850000000001	899.76	955.14	1068.9	1306.42	3648
MER84	44	54.98	60.6	65.98	67	69	72.84	76.86	80.12	86.94	90	93.04	96	98.58	100	101	107	109.22	111.88	116	119.8	124	124	124.36	135.36	153	158.48	162.82	166.48	173.82	187.6	196.38	203.12	213.56	226	235.2	242.28	254.26	265.4	273.7	292.6	299.06	303.88	312.14	322.04	334.5	339.36	352	352	352	362	365	374.88	381	385.92	394.2	397.96	399.62	405.12	414.64	423.6	439.34	455.68	462.16	469	469	471.56	473.22	475	478.54	480.2	482.86	484	484.36	486.84	490	493	493	494	495.14	497	497	498	499.78	500.44	501.2	503	504	506	506.74	510.6	515.24	523.44	537.38	549.16	554.7	560.36	567.08	573.72	576	581
MER84-int	11	30.7	39	42.06	49.76	70.7	87.12	93.38	96.44	101.12	103.7	112.7	122	122.21	123.76	125.55	126	126	126	126	126	126	126	126	126	128.25	139.2	145	145	145.93	150.1	152.08	155.88	172.86	184.56	197.35	215.44	228.9	237.38	239	257.4	262.97	288.12	381.62	389.72	410.65	442.6	489.58	530.96	560.96	587.5	612.03	622.56	645	651.66	701.6	741.12	772.98	825.56	854.2	894	903.55	943.24	976.81	988.8	999.15	1046.6	1078.97	1114.28	1131	1188.6	1208.77	1235.8	1298.02	1311	1315.5	1436.6	1476.18	1488.4	1524.88	1547.8	1598.58	1741.66	1772.39	1826.64	1869.75	1894.58	1898	1910.48	1991.47	2047.9	2147.58	2199.8	2255.78	2269.86	2553.75	2804.96	3077.33	3637.34	3916.16	4322
MARE4	24	36.07	38.28	47	47	48	49	50	51	53.63	55	56	57	57	58.98	59.05	61	61	62	63	63	64	65	65.61	66	67.75	68	68	68.96	70	70	71.17	72	73	73	74	75	76	76	76.73	78	79	80	81	82.08	83.15	85	86	86	87	88	88	89	89	90	90.85	91	92.99	93	94	95	96	97.34	98	99	100.55	101	101.69	102	104.83	105	106	107	108.11	110	111	112	113.39	115.46	116	117.2	119.67	122	124	127.76	129.95	130.02	131.09	135	136	139	140	141.44	143.51	146.16	147	149	152.58	155.58	160	168
Charlie10	11	33	41	47	51	57	62	65.1	68	71	74	77	78.6	80	81.2	84	86	88	91	93	96	98	100	102	104	107	109.8	113	116	118	121	124	126	128	132	135	138	140	144	148	151	155	157	159	162.2	165	169	173	176	179.7	183	186	190	195	198	200	203	208.1	212.4	215.7	219	221	225	228	231	232.5	235	239.1	243	245	248	250	252.6	254	262	270	279	289.1	303	317	342	352.3	375.8	402	423	450.5	472	503.4	541.2	563.9	613	656.3	704.6	737.300000000001	780.200000000001	860	984.8	1127.7	1343.6	1878.5	2689
LTR9D	15	26	40	51.5	62	79.5	84.5	88.25	90	93	95	96	100	102.75	104	104	106	119	129	155.25	176	187.75	203	219.5	235	246.5	277	299	320	337.75	355	371	387	391	404	416.5	432	455	466.5	493.5	504	520.75	532	536.25	540	546.75	554.5	558	571	581	586	590	593	602	603	607	609	611	614	617	618	620	621	622.25	623	624	625	626	627	628	628.5	629	630	631	632.5	633	634	634	635	635	636	636.75	637	637	638	638	639	639	639	640	640.5	641	642	643	644.5	646.25	648	650.75	664	679.75	1134
SVA_F	10	11	13	16.16	22.88	29	34.32	38.04	42	45	48.2	52	57	59.36	65	67.8	71	74.24	80	84.68	86	88	88	92.56	94	94	94	101	105	109	116	129.32	146.08	160	179.48	205.4	243.92	264.64	310.44	351.08	381.4	410	424.24	457	471.68	511.4	555.6	598.52	634	657	687	726.44	759.44	774.48	826.84	872.2	922	956.04	979	984	986	987	990	996.36	1004.16	1012.2	1038.52	1065	1101.6	1133.68	1174.8	1195.24	1217	1220	1254.84	1276	1303.72	1339	1370.08	1446.4	1477	1514.28	1579.56	1620.52	1654.44	1676.6	1693.76	1703.64	1735.08	1807.24	1846.4	1896.56	1962.92	2015.88	2099.36	2153.8	2255	2332.04	2465.24	2720.24	4259
Charlie26a	12	35	39	43	46	49	51	54	55	57.08	59	60.32	62.44	63.56	65.68	67.8	71	72.04	75	77.28	81	82	83	85.76	89	91	94	96	97	98	100.2	102.72	104	106	108	111.4	114.32	117.88	120.56	123	127	128.92	131	132.16	135	138.4	141.52	143	144	146	148	152	158.24	162	165	168	169	170	172.96	175.08	178	181	182.44	184	187.36	190	192.92	195.08	199.16	201.28	203.8	207.52	210	213.76	216	219	225	228	230.36	233	237	239.72	241	244.96	246.08	248	249.64	254	257	257.68	259.8	262	266.04	272	275.28	282.4	286	291	298	315.16	338
Charlie21a	11	30.82	39.82	46	48	53	58	63	65.28	69	74	77.51	79	84	86	89	93.12	94.97	97	101	104.2	107	109	111	114.84	118	119	124	127	132	135	138	142	146.53	150	154.35	159	162.17	165	167.99	171.4	177	181.44	187	190	193.9	202	204.27	209.68	213.18	217.5	222	227	232	236	240	245.96	250.37	255	258.19	265	270	275	280.83	287.48	294	298	300.94	309.88	318	325.7	336.11	344.52	353.93	360.7	372	382.48	398.57	413.98	428.39	440.8	454.1	471.24	488	497	504.85	522.56	548.01	556.8	585	605.1	636.030000000001	659.72	701	735.16	759	803.16	838.24	895.08	945.880000000001	1146
MamGypLTR2c	12	41	48	53.02	58	63	67.04	70	72	74	76	78.74	81	83	86	87	90	91.78	93	96	98	101	103.48	105	107	111.5	113	117	118	120	122	123.54	125	128.22	131	133	135	138	140	143.26	146	148	150	152	153.96	156	159	161	162.32	166	168	170	173	175	177.36	179.7	183	185	188	190	192.4	195	199	201	204	207	210.44	213	217	218	222	225	228	235.82	240.16	248	252	259	270.04	280	286	292.54	301	307.22	317	326.9	334.24	344.74	356.92	372.78	384.8	403.88	426.28	447.1	480.92	507.3	558.64	608.98	699.359999999999	858.859999999997	1035
EuthAT-2	10	24.49	34.98	41.47	48.96	54	58.94	63	66	68.41	73	76	78	82	85.86	91	93	99.33	104	108	110	114.29	118	123	124	128	133	138	141	142.21	146.7	151	156	160	163	167	170	174	178.62	182	184	188	195.16	202	205.56	208.05	211	215.03	218.52	224	229	233.98	238.48	240.97	248	253	258.44	264	271	276.91	283.8	290	294.38	299	305.72	315.7	323	331	335.32	342	348	356	371	384.77	399	411.75	430	437.73	453.22	469.13	488.8	505.38	522.36	538.68	547.8	568.25	589.14	609	627.24	655.61	673.1	710.59	730.24	766.420000000001	832.240000000001	878	928.16	1035.36	1150.08	1336.2	2696
LTR29	10	25.18	35.18	39.77	43	49.95	53	56	58.72	65	69.8	72.49	75	76	80	84	85.88	90.03	95.24	99.21	102.8	109	114.94	125.14	129	135.75	139	145.93	149.04	157.11	160.7	168	173	177.47	182.06	189.3	195	199.66	204.1	217.01	224.8	238.57	248.78	256.48	268.84	279	281.14	286.73	294.64	300.91	311.5	318.27	326	334	336	344.35	355.04	363.63	374.32	386	393.6	406.99	415.16	421	424.52	435.7	441	447.06	454.12	456.71	460	462.89	471	473.07	477.66	478	479.84	482	485.02	489.61	492.2	497.79	501	507.97	513.56	518.15	523.74	535.33	544.92	554	559.1	567.69	573	585	588.46	596.05	605.64	611.23	622.64	634.05	671
SVA_B	10	10	11	12	13	14	16	18	19	21	26	31	34	38	44	48	50	54	57	59	61	63	63	65	67	68	70	71	73	75	76	78	80	83	84	85	91	96	102	107	113	115	118	123	136	157	204	388	550	622	630	642	653	667	681	697	714	768	804.999999999999	974	1076	1126	1161	1173	1195	1223	1252	1295	1306	1318	1340	1361	1368	1378	1385	1395	1403	1408	1423	1432	1442	1451	1463	1475	1478	1489	1495	1500	1509	1527	1535	1543	1555	1573	1580	1605	1624	1687	1738	1783	2008
MamGypLTR1b	13	37.08	45	49	54	57.4	61	65	69	73	76	78	81	84	86.12	89	92	94	97.44	100	103	105	107	109	110	113	114	117	118	120	122	123	125	126	128.72	132	134	136	138	139	141	145	146	149	152	155	156	158	161.84	166	169	172	175	177	179	180	183.48	188.56	193	196.72	201	204.88	207	214	217.12	222	226.28	231.36	238	242.52	246.6	251.68	257.76	261	266	269	275.08	280.16	287	292	299	307	312	321	330.16	341.6	353.88	362	373	387	401.2	414	427.36	455.32	479.04	497.6	523.4	580.76	629.04	695.440000000001	761
Charlie10a	13	28.32	37.32	45.24	49	50.2	52	52.28	58.32	63	64	68	68.48	71	71	74.2	77	81.04	84.44	88.52	91	94.68	99	99	100	104	107	109	112.24	115	116.2	118.24	120.28	123.64	126.36	127.8	129.44	131.48	133	135.56	136.6	138.64	141.36	144	146	147	148.68	151	154.92	157.96	160	162	165	168.12	172.16	174	178	181	183	185	186.8	189.44	190.96	193.52	195.12	196	198.64	203	205	207	209	210.84	213	215.92	217.96	219	221	222	223.12	225.32	228	229	230	230	231.36	233	235	237.96	240.52	242	243	243.64	244.68	249.44	252.76	254	260.36	262	268.68	271.96	281
LTR86C	16	49.28	57.32	62.49	67.32	70.15	72.98	79.62	82.64	89	92.9	96.26	99.92	107.16	112.24	115.9	117.84	122.11	124	126	127.6	131.29	133	138.09	139.92	143	145.16	148.05	153	154.07	156.8	163	164	165	166.22	168.05	169	169	172.7	177.11	181	187.12	191.86	198	206	209.35	213.36	217.04	223.68	230.67	237	240	251.16	257.97	265	267.65	272	275.31	281.28	283	290	302	307.92	309.87	324.36	335.9	343.78	347.83	355.76	363.35	375.3	380.86	391.28	394.18	408.68	415.25	434.56	448.82	456.44	467	475.4	481.92	488.06	496.78	499	507.65	515.76	524.84	531.12	546.57	551.7	557.53	558	558.57	562	562.85	571.72	580	588.34	593.19	665
Charlie2a	10	28	40	48.37	55	61	67	71	75	79	82	86	89	93.27	98.06	101	104	109	112	115	118	121	124	127	130	134	137	140	144	148.91	151.7	154	158	160	164	168	171	173.23	177.02	180	183	187	189	194	197	201	204	208	211	214	218	220	223	226	230	234	239	245	248	252	256	260	263	268	273	277	281	285	289.72	294	299	304	308	313	318	326	334.04	351.49	367.62	382.41	401.2	413	432.78	453.57	477.36	491.15	517.94	539.19	569.08	611	664.1	714.230000000001	763.4	801	859	944.250000000001	1050.84	1172.15	1274	1422.21	2559
MER104	13	29.05	39.1	47	54	58	62	65	67	70	71.5	74	76	79	82	84	88	92	96	98	101	104	107.1	111	112	115	118	120	121	123	125	126	128	130	132	133.75	135.8	137	138	139	140	142	143	144	145	146	147	148	149	150	151	152	152	153	154	155	156	156	157	158	159	159	160	160.15	161	162	163	163	164	164	165	166	166	167	167	168	168	169	170	170	171	171	172	173	173	174	174	175	176	177	178	179	180	181	182	183	185	186.85	189	193	209
SVA_A	10	10	11	12	12	13	13	14	14	15	16	17	18	19.05	21	23	25	28	30	33	37	38	43	46	48.4	52	55	58	60.8	63	65.5	68	69	71.05	73	77	78	80	82	84	85	86	87	89	91	93	94	97	99	100	102	103	105	106	108	109	110	112	113	114.15	116	118	119	120	121.4	124	125	126	127.8	130.65	133	136.35	144	148.15	154	168	188.8	259.7	492	601	622	698.85	795.000000000001	874.150000000001	948.2	1002.75	1155.6	1212.5	1291.8	1372.25	1412	1481	1528.2	1572.1	1655	1708.75	1822	1888.25	1961.8	2245.9	2994
Kanga11a	19	31.82	42.92	49	52	53	54.92	57.74	59	62	63	64.02	65	66	68	69.3	70	71	72	73	74	75	76	77	78	79	80	81	81	83	84	85	86	87.06	89	90	91	93	94	94	95	96.62	98	99	100	102	105	108	110	113	117	122	129.28	137.46	142	144.1	146.92	151	155	161	163	167.02	171.84	176.66	187	192.3	206	212	219	229.16	240.4	247.22	251.04	260.86	267.08	280.5	294.32	304.14	310.96	317	325.8	332.84	346	360	374.76	386.7	406	418	445.48	469.94	492.8	508.62	542.96	563.78	605	633.6	691	725	781.08	841.959999999999	1051
MER5C1	19	24.32	32.32	36	37.64	39	42.96	46.12	50	52	53.6	57.52	61.92	68.08	71	74	75.56	79	82	83	86	88	89	90.68	92	94	96	98	99.48	102.64	105.8	108.96	110	113	115.44	119	121.76	124	126.08	130	132	134	135.72	138	141.04	144	147.36	152	155.68	158	161	165.16	169.64	172	175.64	179.8	183	188.12	190	193	196	197.76	199	201.08	203.24	206.4	208.56	209	210	211	212	213	217	218	220	221	223	224	225.48	227	228	229	230	231	232	233.6	235.76	237.92	239	242	245	246	249	250.88	253	254.2	257	261	264	265.84	299
Charlie23a	15	36.87	45	49.61	53.48	56.35	59	62.09	65	67	72	75	77	80	83	86	87	90	92	95	97	99.27	100	102.01	103.88	105	107	109	110	112	115	116	119	121	123	125	127.32	129	132	134	135	136	138	140	142	143	145	148	150.76	153	155	157	159	160	162	164	167	169	171.46	174	177	179	182	184	186.68	190	192	193	195	197	200	202	205	207	210	213	217	220	222	225	229	233	237	240	243	247	250.82	253	256	260	263	269	277	281	288	294.65	303	308.39	315	323	351
Tigger9a	11	22	38	50.5	57	62	68	71	77	79	80	82	83	85	88	90	92	93	95.5	96.75	100	101	103	105.75	107	108	109	110	112	114	115	115	116	117	118	119	120	121	122	123	124	126	126	128.75	130	131	132	133	134	135	136	138.75	140	141	142	143.75	146	147	149	150	152	153	154.5	156.75	159	161	163	167	169	172	173	176.75	180	183	187	192.5	205	217.25	234	248.75	260	272	286.5	299	308	316	329	342.75	361	389.75	412	444.75	479	517.25	554.5	586.750000000001	620	643	672	697.75	761
Charlie17	11	28.34	39.68	44.02	46.36	48	49.04	52.38	54	57	58.4	59	60	62	63	64	65	66	67	68	69	70	70	72	73	74	75	75	76	77	78.2	79	80	81	82	83	84.24	86	91	98	101	104	107.28	110.62	114	116.6	120.64	122.96	127	129.66	133	138.34	141.68	148.02	156	158.7	164.08	168	176.44	188	191	198.48	203.08	210.42	219.28	223.3	230.88	236.78	241	244.92	253.8	261.14	265.48	270.82	288.16	296.5	309.68	323.18	330.52	336	347.6	367.7	393.88	403.44	416.24	425.8	481.48	512.54	537.76	564.34	594	621.58	668.28	768.42	796.84	847.800000000001	1006.84	1096.84	1385.52	1549.52	2254
L1MCb	10	27	34.88	46.32	59	65	71	75	80	88	95	103.84	107	115	120	124.6	130	135.48	139	144	149	153.24	160.68	170.12	180	190	197	205	212	219.76	225	232	239.08	247	250.96	257	267	273.28	280.72	294	301	312	321.48	328.84	335	344.4	357	365.68	370	377.56	389	398	409	417	429.76	436	446.64	457.08	471	478	489	499	511	521.72	533	548	556.04	569.48	578.92	588.36	598	609.72	629.36	645.12	660	683	718.44	742.64	766	791.28	830.2	860	890.16	912.04	939.96	978	1025.68	1065	1113	1142	1165.6	1200.28	1259.48	1318.92	1387.72	1468.8	1541.24	1650.4	1787.36	2041.84	3696
X32_DNA	18	32.54	44.94	50.81	55	58.35	61	64	67.16	69.43	73.1	79.91	81.24	82	83.78	86	87	89.59	91	94	95.4	96.67	98	101.21	104	106	108.02	110.29	113.56	115	116.3	121	123	124.91	127	130.45	133	136.99	137	140	144	147	148	151.22	154.88	158	160	163	169.96	171.46	175.5	178.54	180.04	183	185.58	187	188.12	190.39	193.66	197.93	199.4	202.94	205.74	206.04	211.56	216.1	219	224	225.36	229.26	231.9	238.17	240	242.71	244.98	246.25	249.52	252	253.06	254.33	257.8	265	266.28	270.23	279.04	282.95	284.88	290.49	297.76	301.03	304.3	309.14	311.84	316.11	318.38	323	324.92	327.19	339.3	344.46	364
L1MCa	10	20.42	32.84	39	46	51	58	62	68	73	78	85	89	94	99	105	110	116	121	128	134	141	148	154	160	165	171	177.34	184	192	198	207.02	215	221	228	235	241	249	257	265	274	283	291	300	308	317	327	335.74	346.16	359	368	377	388	400	413.68	425	438.52	450	462	474	484	497.62	515	532.46	549	563	580	597	616	633	656	678.82	695	711.66	736	754	777.92	804	832	863	888.6	927.02	955.440000000001	986.860000000001	1029	1068.7	1105.12	1148	1191	1260.38	1325	1411.22	1472.2	1564.06	1656.48	1767.9	1890	2039.48	2264.64	2728	5307
MamGypLTR4	26	42.09	53	56	60	66	68	71	73	76.81	79.9	82	84	85	87.26	89.35	91	93	93.62	96	98.8	100	101.98	103.07	106	108	109	111	112.52	114.61	117	120.79	122	123	126	127	129	130	132.42	135	137	139	142	143	145	150	152	153.23	157	160	161.5	166	168	170	172.86	173.95	177	180	183	187.31	191	194	198	201	204	209	216.94	221	225	227.21	232.3	237.39	245.48	249.57	254.66	260	262.84	270	279	282	292.2	297.29	306.38	311	321	327.65	334.74	349.66	360.84	367.01	386.2	403.19	441.96	477.37	531.38	548.400000000001	610.64	641.73	693	796.82	870
MARE8	31	42.34	47.02	50.02	51.68	53	55.02	56	56	56.53	57.7	58.87	62	63	64	65	67	68	69	70.23	71.4	72	72	73	74	75	78	79.59	80	81	83	83.27	85	85	86	87	88	89	89	89	89.8	90	93	93.31	94.48	95	95.82	96	98	99	99	99.67	102	103.01	105.18	106	107	108	112.72	113.03	114.2	115.37	118.54	120.42	121	122.05	123.44	126	127	128	129.9	134.14	136.24	138	141.32	143	144.92	149	150.26	153	154	155.77	159.94	162	163.28	166.8	172.62	173.79	174.96	183.26	188.4	199.41	202.64	206.62	210.98	215	215.64	219.94	224	237.47	284
MER51B	18	37.82	51.52	58.12	68.08	73	77	81	82.24	96	104.6	107.86	117.12	128.38	139.28	152.7	173.16	182.84	188	197	204	213.14	234.48	247.9	252.24	262.5	271	278.1	288.28	294	299	303	305.64	314	322.84	328	332.72	335	335.88	337	338	339	339.92	340.18	341.44	342.7	345	348	349	349.74	350	351	352	352.78	353	354	354	354.82	355	356	356	357	357.12	358	358.64	362	365.16	369	371	375.94	377.2	379	381.72	384	385.24	390.5	392	393.02	395	396	398.8	403	404	404.58	406	407	408	411.24	414.76	421.14	427.8	431.32	434	440.36	450.44	457.1	470.8	481.44	501.96	552.48	592
HERV9-int	43	114.05	127	127	128.8	162	180.1	181	184.4	215.9	284	353.6	427.6	565.95	659.1	747.25	822.2	856.75	908.5	925.2	1020	1060.35	1094.9	1127.9	1180.8	1197.5	1200	1225.3	1240	1254.95	1290	1308.45	1350.4	1394.5	1405.2	1418.75	1429	1445.1	1452.5	1462.1	1483	1529.55	1538.4	1600.45	1652	1796.5	1808.7	2098.65	2326	2407.7	2526.5	2637.2	2864.2	3116.75	3253.7	3545	3745.8	3876.05	4089.1	4113.65	4183	4314.4	4662.9	4755.9	5036.4	5337	5405.2	5442.45	5536.6	5636.15	5732.5	5797.45	5977.6	6142.45	6464.2	6826.5	6969.8	7114.4	7325	7443.75	7565	7682.2	7792.7	7900.15	8000.2	8028.75	8117.6	8281.6	8332.6	8434.7	8596.5	8906.55	9106.4	9229.8	9428.7	9719.25	9843.4	9858.1	10060.2	10246.35	10248
LTR47A	17	38	44.86	48	52.44	56.15	62	68.01	70.44	78	79.6	83	88.32	91.59	92	92.45	96	98.31	102	107.17	111	123.03	134.84	144.89	161.96	169.75	189.36	202.44	214.04	227.41	246	246	255.76	265.57	273	287.1	292	298	305.68	313.54	318.2	321.63	324.06	329.49	334	338.35	345	348	353	358	362	365	372.36	377	380	381	385.08	387	389	393	393.8	396.23	399	401	402	404.95	406	407	409	410	412	413	415	416	417	419	419	420	421	422	422	423	424	425	426	428	429	430	432	433	433.7	435	438	440	444	447	451	456.71	464.14	496.14	540
LTR82A	11	29	35	37	38	40	43	44.45	49.8	52.3	61	65	67.2	71	73.9	78	85.6	90.95	97.3	100	105	109	114.7	119	123	126.75	132	135	138	142	146	153.85	157.4	162.55	167	175	181	187	189.3	197	204	211	217.7	225	229	237	239.1	242.45	251.8	257	261.5	267	272	276	282.9	290	298	305.9	314.3	321.65	330	338.35	348	355.05	364.4	379	390	396.9	404	416	427	435	443.2	460.55	470.9	485	499.8	511	525.3	537.6	558	588	601.4	614	622.8	637	650.8	672.9	684	690.15	703	719	732.2	744.55	758	775.25	784	808	819.6	844.900000000001	896
LTR21A	79	121.9	147.2	153.8	170	179.3	179.96	192.4	212.88	243.24	249.6	263.7	293.4	352.1	394.4	401	403.68	406.54	411.16	412	412.2	412.86	413	413.54	415.52	417	418.32	419.64	421.44	423.28	424.6	425.46	426.36	428.34	429.44	430.4	433.04	434.42	435.56	440.18	442	442	442	443.14	445.12	447.1	450.52	455.02	455.68	456	456	458.64	460	460	460.64	461	461	461.62	462.28	462.94	463	464.82	469.44	471.16	472	472	472.56	474.32	478.28	479	479.2	479.86	480	480	480	482.5	486.6	493.2	497.4	500	500	500	500.12	500.78	501	501.1	501.76	502	502.24	504.22	505.4	506.06	506.72	507.38	508.08	509.4	513.96	521.22	528.48	534.04	538
HERVL40-int	26	51.22	61.74	66.61	70.96	76	80.22	87	94.96	101.83	109.7	116.57	120	126.31	130	137.2	145	149.79	155	161.53	165.4	173.27	178	185.01	192.88	199.5	206.62	210	215	221.23	227.2	232.97	240.84	249	260.58	266.45	274.28	286	296.06	305.93	318.6	333.67	338.54	349	356.28	368.15	385	400	409	424.63	442.5	460.11	478	487.11	506.9	525	541	552	563.38	572.99	585.6	596	609.94	618	628.36	649.75	664.68	676.58	689.48	700.06	711.9	727.31	741.64	756.53	776.14	797	801.24	819.94	826.86	847.46	879	921	979.74	1038.84	1074.92	1125.8	1179.56	1249.28	1319.8	1412.61	1488.7	1547.55	1682.72	1795.01	1863	1928.8	2106.08	2297.39	2449.12	3201.25	4375
LTR77	32	88.43	92.92	102.7	104.92	105.95	106.94	112.58	123.12	132.19	137.5	150.46	153.76	156.61	158.72	187.9	220.72	269.16	286.2	333.36	425.6	453.9	459.12	467.7	492.04	532	548.92	553.19	566.96	572.71	578.6	583.07	585.36	586	586.66	587	587.64	588	589.86	592.22	593	593	593	593	593	593	593	593	593.52	594	595.5	597	597	597.47	598	598	598	598	598	598.82	600	600.39	601.38	602	602.36	604.05	606	606.33	607.32	608	608.9	611	611	611	611.26	612	612.24	613.23	614.22	615.42	617	617	617.72	621	621	621.15	622.14	623	623.12	624.11	625	625.09	626.08	627	627.06	628.05	629.04	630.03	631.16	639.47	686
LTR61	30	31.02	38.04	45.57	53.08	56.7	58.42	79.19	81.8	90.3	96.4	97	102	102	102.76	104.55	105.72	106	106	106	106	106	106	106	109.04	122	128.78	149.93	164.04	166.86	167.1	169.08	172	172	172	179.6	248.28	267.9	285.12	307.08	321.8	397.72	408	408	408	408	408	408	410.24	422.33	436	462.4	473.2	474.11	485.36	487	487.52	488	488.86	489.06	491.4	493.37	497.24	503.55	505	508.05	509.22	510.39	514.36	525.03	530.7	532	532.24	533.82	535	536.5	538.84	540.36	544.78	547.86	550.2	551.77	552.94	553.55	558.56	561.35	563	565.37	569.84	573.39	576	576	576	576.81	577	579.2	586.32	587.49	591.96	594.83	597
MER106B	12	28.78	41.52	45	49.04	51	52	54.82	58.08	60	64	66.86	69	70	71	73.9	76.16	78	82	83	84	86	88	90	92	95	96	97	99	99	101	103	105	109	110	111	113.36	116	118.88	120	123	124	126	127.18	130	132	133.96	137	139	141	143	144	146	148	149	150	151.56	153	154	155	156	156.86	157.12	159	160.64	162	163	164	167	169	175	181	185.72	189.98	197.24	199	204.52	208	211	212.54	214	216	217.32	221.58	224	226	228	229	231	234.28	238	241	259.84	280	320.64	420.500000000001	518.399999999999	716.140000000002	890.96	1002.74	1055
LTR56	10	23.52	34.04	37	38	40	43	46	51.16	56	62	69.72	76	79.76	82	83.8	90	99.84	105	108	112.4	115	117	118	121.48	127	131	136	140.56	145.08	152	160	172	178.16	188.04	196.2	202	212	216	221	224	229	239	248	258	269.4	276.92	284	290	297	303	309	317	319.56	324	326.6	339	346	356.16	364.68	376.4	386.72	393	395.76	402	405.8	409	411.84	414	415	417	418.92	421	422	423	425	426	427	428	429	429	430	430	430	433	434.2	436	437	438	440	442	443.32	445	447	450	452	454	457.44	463.96	474.4	540
MER4C	12	15.28	25.56	29	40.24	46	53.68	59.96	69.12	73	80.4	85.04	91.72	96	104.96	114.2	121	125.64	131	135.16	138.8	147	149.08	154.44	167	169	178.28	185.28	193.68	212	225.6	238	262.96	272	280.76	285.4	291.12	296	301.32	308	315.8	323.96	331.64	337.04	350.28	372.6	381.44	383.24	394	403.36	409	411	414.28	416	417.56	419	422	425	426	427	428.4	430.04	431	432.32	433.96	435	436.24	437.88	439	441.16	443	444	445.08	446	447	447	448	450	451	452.56	453	453.84	455	456.12	457	458	459.04	461	462	463	464	466	468.88	472	475.32	479.8	494.44	513.16	564.2	683	688
LTR23	11	17.01	24.04	34	37	38	39	40	41	42	43.1	46.11	48	52	54.14	57.15	65.16	68	72.18	76	77.2	81	83.22	86	87	90	94	96	99.28	101	104.3	107	112	117	119	121	122.36	128	131.38	135	137	138	139.42	141	142	144	145	146	150	153	156.5	161.51	166.52	179.53	188.62	197	200	209	215.58	223.59	227.6	231.61	240.62	252	261	268	271.66	274	280.68	285.76	289.7	292	299	303.73	312.48	328.75	351	359.77	375.78	386	392	397	401.82	406	412	416	417.86	420	422	424	426	427.91	431	435.93	440.94	445.95	456.96	468.91	486	497.97	520
MER41E	13	38	42.1	45.65	50	51.5	55.8	65	68.4	75.8	84	93.2	106	117.15	120.7	129.25	141.2	157.4	163.9	169	173	178.1	186.3	192	197	199	200.3	201.85	211.8	214	218.5	223	223.6	230.45	236	251.75	270.4	281.4	288	293.9	300	313	318	323.65	333.8	355	364.3	367.7	376.2	389	425	429.05	431.6	439.05	449	464	475.2	483.15	496.7	517.45	526	534.55	538.4	545	546	546	549	550.85	551.4	555.95	559	560.1	563.6	567.15	569	571	571.8	575	576.9	578	580	580.55	582.1	583	583.2	584	585	586	586.4	588	588	590	591	591.15	592	593	594.8	597	600.9	611.25	625
AluYe6	14	64.64	68.84	73.76	80	93	112.24	137.92	174.72	176.56	200	220.44	234.08	238.88	251	258.4	267.88	277.28	280.56	281.48	285.4	286.64	289	290.16	291	292	292	293.84	294	294.68	295	295	296	296	296	296	296	296	296.96	297	297	297.72	298	298	299	299	299.32	300	300	300	301	301	301	301	302	302	302	302	302	302	302	303	303	303	303	303	304	304	304	304	304	304	304.24	305	305	305	305	306	306	306	307	307	308	308	308	308.2	309	309	309	310	310	311	311	311	311	312	312.32	314	315.64	320.24	336
HERVFH19-int	37	44	47	65	79	81	82	82	88	89	99	109	121	122	159	160	175	201	234	239	244	244	254	273	289	358	381	424	429	469	472	478	513	514	536	574	604	624	629	656	675	717	723	727	731	766	772	788	788	789	792	804	807	815	884	920	979	998	1045	1045	1057	1093	1152	1195	1199	1216	1216	1257	1374	1400	1428	1573	1638	1708	1831	1832	1833	1833	1840	1840	1842	1908	1932	2181	2247	2391	2689	2700	2844	2876	2976	3355	3617	4004	4537	5067	5527	5831	7728	8717	8784
MER110A	15	20	32.04	37.76	40.68	44.2	52.52	57.44	62	68	71.8	78.12	85	89.96	96.88	101	103.72	108	111	113.48	118.4	123.32	126	128.16	132.08	139	143.68	148	153.52	157.68	160.6	163.52	167.44	171.72	179.56	188.2	194	198	204.96	219	229.8	232.72	242	248.68	253	257.4	261.32	265.24	272	275.16	282	289.84	296	303	311	315.8	322	331.44	335.72	344.28	348.2	353.12	363	368	372.88	374	376.72	383.28	387	389	390	392.32	396.48	401.16	402.08	407	411	412.84	416	422	425	429.52	433	435	437	441.2	443.12	446.04	448	451	454	457	458	461	465	470	478	486.24	494.48	525.64	560
AluYd8	35	37.69	40.46	41.69	42.92	43	43	43	45	46	47	47	49.28	53	54	56	56.68	58.91	61.42	66	70	76.49	93.06	104.35	133.32	151	181.62	234.36	254.2	265.68	269.8	273.65	278.72	280.59	281	282.05	283.28	284.51	285	286	287	287	287	288	289	289	289	289	289.04	290	290	290	290	291	291	291	291	292	292	292	292	293	293	293	293	293	294	294	294	294	294	294.33	295	295	295	295	295	295.71	296	296	296	296	296	296	297	297	297	297	298	298	298	298	298.16	299	299.62	300.85	303.08	304.31	307.08	312.85	319
MER11D	55	61.95	201.5	240.85	250	316.25	375.5	402.6	440.4	499.95	548	597.8	651	747.05	792.5	851	853.4	855.15	857.3	860	861	862.9	864	865	866.8	867	867.7	868	868.6	869	869	869	869	869	870	870	870	870	871	871	871	871	871	871	872	872	872	872	872	872	872.5	873	873	873	873	873	873	873	873	873	873	873	873.9	874	874	874.75	875	876.65	877.6	879.55	880	880.45	881	882.35	883.3	885.75	888.4	891.15	893	893	894	894	894.9	895.85	896	896	896	896	896	896	897	897	897.4	898	898.3	899.25	900.4	903.45	917.3	943	1072
Tigger10	15	33	46	52	56	61	65	68	70	73	75	77	79	82	83	85	87	88	89	91	93	95	96.78	99	101	104	105	108	110	111	112	114	115	117	120	121	123	127	129	131.11	133	135	137.58	140	142.56	146	148	152	154.52	157	159	162	166	168	173	177	181	184	187	190	193	197	200	203	207	211.85	218	222	225.32	229	234	238	243	249	254	264	270	277	284	293.42	299.2	307.69	318	326	337	346.65	353.42	367.63	382.600000000001	401.61	416.2	445.950000000001	462.08	492.57	534.06	582.55	617.08	673.12	734.08	916.04	1561
hAT-N1a_Mam	14	35.6	40.6	47.8	54	57	59.6	63.2	66.8	68	71	72.6	74	77.6	79	82	83.6	86	87	90	92	94	97	98	100.4	102	102.6	104	105.8	107.4	110	112	114	115	117.4	118	121	122	124	127	130	132.6	134.2	136	138	140	142.6	144	146.8	150	151	154.6	157	162	164	167	168.6	170.2	172.8	174.8	178	180	184	186.8	190	195	199.6	201	203.8	208.4	212	213	216.2	217.8	218	222	229	232.2	234	240.4	243	249.6	251	252	260.2	264	268.6	274	276.6	279.8	288	289.6	295	299.6	307.4	313	320.8	327.6	335.6	343.4	380
MamGypLTR3a	10	37.21	42	47	54.68	56.05	59.26	64.47	68	72.89	74	77	79	81	82	86	90	93	94	97	101	103	104	106	108	110	112	114	117	118	119.3	122	125.72	128	130	132	134.56	138	141	142	144	147	150.82	156.03	160	162	165	167.87	170	173	176	179	183.92	188	191.34	193.55	197	201	204.18	210	218	220.81	228	233	238	244	249.86	257	266	271	273	279.91	287	294	300	306.75	313.96	326.17	333.38	337	346.6	354	361.22	368.86	382	391	401.06	409	413.48	423.07	436.5	459	477.64	511.53	536.22	561	615.639999999999	701.219999999999	768.16	830.799999999999	956
Eutr10	15	34.76	45.92	52	55	59	62	67.72	71	75.64	79	81	85	88.48	93.8800000000001	97	99.36	101	104	107	110.2	114.16	117.12	120	123	124	126	129.92	132	136	139	141.76	146	150	152	154	156.56	159	161	164	167	169.36	172.32	175.28	180	185.2	188	191	195	198	201	204.96	207	212	215	217.8	221	224	227	231	237	240.56	245.52	251	257	261.8	266	271.32	276	282.72	289.2	295.16	300.12	307.08	315	323	330.96	338.92	343.88	352	363	372	389.04	405	417.28	434	447	459	476.84	489.88	504	518.08	544.32	568.84	599.48	620.4	659.32	680.36	704.08	735.04	797
LTR26E	16	33.6	42.96	54.12	74.24	80.8	82.92	84.48	89.4	95.2	106.4	118.84	121.92	122.56	129.48	139.8	153	158.76	161	165.2	171.4	177	181.16	187.72	205.8	213	214.32	216.96	222.36	226.64	229.4	230	239.36	242.28	244.32	246	255.12	266.28	271.64	283.32	297	298.68	305.76	336.16	350	356	382.52	388.04	389.68	422.76	430	433.44	444.84	461.16	474.48	479.4	481.92	485.92	503.36	513.32	527.6	537.52	538	538	538	538.4	540.12	541	541	544	544.2	545.36	546.52	548.36	549.84	550	551.16	552.64	555.92	558.64	559	559	561.12	563.12	566.44	568.8	572.28	573.92	577.16	579	580.2	583.12	590.48	595.64	603.04	604.2	607.16	615.68	620.68	651.24	663
MamRep488	21	29.86	36.86	41	44	45.65	49	52.02	54.88	59	63	65.46	69	73	75	76	79.88	82.81	84	85	88	90	91	92	92	94	96	97	98	99	100	101	102	104	105	106.55	108	109	110	112	113	114.13	116	116.99	117.92	119.85	121	122	122.64	124	126	127	128	129	130.22	131.15	133	134	135	137	138.8	139.73	141	142	144.52	145.45	147	147	147.24	149	152	153	156	158.89	160.82	163	166	167	169	169	170	173	174	176.19	180.12	182	184	185	186	187	188.7	189.63	193	195.49	199.84	204.35	206	208	211	214.14	227
MLT2B5	10	32	34	36.41	38	39	39	41	41	42	42.7	47.34	50	50	52.58	55	56.52	58	59	60	62	63	63.34	65.81	66.28	67	68	68	69	69	70	70	70	70	70	70	70	70.39	72	73	73.8	76	77	78.21	79	82.3	86	86	86	90	91.5	94	97.44	103	108.38	120.95	131.64	150.9	175.86	196.49	256	320.1	342.82	363.44	419.08	465.55	491.32	521.45	531.92	546.43	548.9	559.48	582.84	587.31	592.78	594.25	596.72	600.19	605.64	613	613.6	622.07	624.08	629	632	633	635.84	638.89	640.36	642.83	648	650.77	655.24	658.42	664.18	671.65	676.24	687.95	696.36	715.95	750
Charlie7	10	25	36	45.03	50.04	55	59	62	66	69	72	75	78	81	84	86	89	91	94	96	99	101	103	106	108	109	112	115	118	119	122	125	129	132	135	137	141	144	145	147	150	154	157	161	164.44	168	171	174	179	183	185	189	192	196	201	205	212	218	223	227	234	241	247.62	255.63	261	269.65	277.66	287.67	296	304	315	323	332	340	348	355	366	377	383	392	406	420	434.82	452.83	471	489	501.86	522.87	544	565	582.8	607	625	648	685.94	729.95	794.96	872	983.96	1216.89	2437
Zaphod2	11	19	20	29.29	36.44	40	42	44	45	46.87	48	48.73	50	51	53	53	54	54	55	56	56	57	58	59	60	62	64	64.61	65	67	68	69	71	72.19	75	76	79	79	80.34	82	83	84.6300000000001	86	87	89	91	93.78	96	97	100	101.5	106	108	111	114	117	119.16	128	132	136.74	144	148.46	154	160	162.52	168	171	176.81	186	189	193.1	199	206.96	216	222.46	228.5	234	238	242	254.91	263.2	276.66	279	287.69	320.12	327	359.88	368.23	420.52	433.62	470	497.17	513.56	563.9	616.84	687.750000000001	745.8	834.13	1023.82	1370.27999999999	3150
CR1-3_Croc	29	36.37	40	42	44	47	47.22	49	50	51.33	53	55	56	57	57.18	58	59	60	61	61	62	63	65	66	68	70	71	72.99	73	74	75	77	79	80	81	82.95	84	85.69	87	89	90	92	94	95	96	98	100	102	104	107	108	110	112	114	117	119.35	123	127	130	133	136	140	142	144.31	148.68	151.05	155	158	162	164	168	171	173.64	179	183.38	186.75	191.12	196.98	200	207	211.6	216	222	227	231	237	243	249	255	261	270.3	279.67	290	299	310.9	323.45	337.08	366.78	399.52	465.63	1119
LTR85b	12	41	49	51	56	59	62.5	64	68	70	73	76	80	82	84	86.25	88	90	91	94	96	99	102	105	107	109.75	112	114.25	116	118	120	121.25	123	126	129	131	132	135	136	139	141	143	145	148	152	154.75	158	162	164	167.75	170	174	176	178.75	183	187	192	194.75	198.5	203	211	214	216	220	226	230	234	238.25	241	245	249	254	264	270.5	275	285.25	292	299.75	304.5	311	319	327.75	338.5	348	360	373	383.5	396	407	417.75	429	446.25	463	476.75	503	520.75	550	572.5	609.5	666.5	720
LTR9	20	27	31	42	50	62.5	64	72	78	86.5	89	92	95	98	104	117	124	131	141	160	186	196.5	211	236.5	273	293	316	343	380	399.5	422	444.5	464	482.5	501	509	516	524.5	536	544.5	553	557.5	561	567	571	572	573	575.5	577	578	579	579	581	581	582	582	583	585.5	586	590	592	595	596	599	600	601.5	603	605	606	607	607	609	610	611	612	613	615	616	617	618	619	621	622	622.5	626	627.5	629	632	634	634	635	638	639	640	642	643	644	649	655	674.5	897
LTR60B	12	31.88	43.68	51	54.36	56.1	60.04	64	65	66	66	67	68	68.46	70	73	79.48	92.28	96.68	99.96	100.4	103.82	105.96	109	111	111	111	115.34	120.28	125.54	142.4	149.04	155.52	161.72	183.84	203.7	208.08	216	225.6	232.38	235.4	238.66	243.64	252.3	260.84	271.3	303.88	321.18	346	347.58	370	394	425.56	450.16	464.36	474.700000000001	517.4	539.34	543	557.12	559	567.82	582.48	596.38	602.88	614	628.36	638	641.24	652.96	659.8	663	665.24	675.26	690.08	696.5	705.76	707.34	713.04	718.36	722.4	728	730.44	735	738.56	741	746.08	754.54	759.84	761.52	766.6	772.22	776.2	782	783.48	792.9	803	807.96	820.08	842.58	891
LTR2	32	56.56	62.56	108	113	129.1	140.52	152.48	183.04	253.14	265	306.16	334.68	359.32	386.48	400	402	404.88	417	425.16	434.4	436	437.04	439	440	441	442	443	444	446	447	448	449	450	450.88	452	453	454	454	455	455	455	456	456	456	457	457	457	457	458	458	458	458	459	459	459	459	459	459	460	460	460	460	460	460	460	460.12	461	461	461	461	461	461	461	461	461	461	461	461	462	462	462	462	462	462	462	462	463	463	463	463	463	464	465.26	467	468.9	471.44	475.54	480	493.36	544
MER57C1	13	29.02	38.4	42.92	45.56	48.1	60.96	62	63.56	67.38	68	68.28	82	85.66	87.96	91	95.48	102.76	105.52	110.48	118.2	120.22	133.04	141.74	151.4	160.5	171.48	186	186	205.7	220.4	228.94	235.72	241	241	257.1	264.08	268.7	274.32	276	280.8	287	288.44	290.78	293	293.9	303.32	309.08	312.8	316.18	317	319.82	324.28	329	329.28	331.1	336.6	345.18	347	354	354	356	356	357	359.96	362	363.12	364	366	366.58	367	367.22	368.08	371.72	372	373	374	375	375.96	377	378	378	379	379	379.88	380.7	382	382	383	384.96	386	391.1	394.76	397.26	398.4	403.9	406.16	415.54	420.08	426.18	430
MER21-int	10	24.5	42	50.5	64	72	74	75	84	89	97	104.5	114	122	128	134.5	138	149.5	164	170	179	193	200	203	215	219	229	235	238	251.5	257	269.5	283	296	302	311	321	323	331	333	345	348	352	358.5	376	390.5	402	412	427	440.5	464	481	500	510.5	536	566	573	581	617	636.5	653	668.5	687	712	736	756	770	789.5	833	866	880	897	904	909	914	921	942	983	1008	1056	1092	1126	1169	1186	1219	1256.5	1321	1364	1420	1503.5	1516	1575	1654	1758.5	1887	1981	2116	2235.5	2664	3033	4937
AluYi6_4d	46	51.85	57.7	68.1	79.8	90	99	106.5	111	115.25	117.5	119.75	124.8	130.2	132.6	133.5	137.2	144.4	150.3	151.65	153	157.05	161.1	162	162	164	167.6	171.35	175.4	179.25	181.5	183.75	184.8	185.7	188.1	191.25	194	196.25	198.4	200.2	202	205.6	209.2	210.35	210.8	215.5	223.6	235.45	254.8	272.05	272.5	272.95	273	273	277.2	283.5	287.6	288.95	290	290	290	291.8	293.6	294.7	295.6	296	296	296.3	297.2	298.1	299	299.9	301.2	302.55	303	303	303.2	303.65	304.1	304.55	305	305.45	305.9	306.35	306.8	307	307	307.3	308.2	309.1	310	310.9	311.8	312.7	314.5	316.75	318.8	320.6	322.4	324.2	326
SVA_C	10	11	12.7	14	16	20	22	22	28	32	35.5	39.35	44.4	48	53.7	54.75	57	59	59	63	72	82	97.1	102.1	114.4	118	123	138.65	169.2	409.5	544.5	636.9	661.4	671.5	688.5	721.25	740.6	786.45	846.3	945.25	975	1114.4	1174.3	1215.75	1252.4	1272.5	1286.4	1308	1320.8	1329.3	1339	1355.35	1363.6	1376.1	1382.8	1401.5	1403	1409.45	1425.6	1432.15	1444	1452.85	1453	1457.55	1461.4	1464.5	1470.1	1473.95	1476.8	1486.6	1492	1498	1505.4	1510	1518.6	1524.25	1533.2	1541.35	1554	1558	1563	1568	1573.1	1585.55	1598.4	1606.75	1614	1623.75	1635	1644.55	1654	1668.1	1691.4	1713.1	1729	1755.5	1789.8	1830.15	1853.8	1890.05	2319
Tigger4	10	25.88	43.88	49	57	65	70.64	76	82	89.96	95	103	110.28	120	124.16	128.6	132.04	136	140	145	152.8	156.24	159	163	166	170	177	182	187	190.76	198.2	204	210.08	213	219.96	224	231	239.28	246	254.16	258.6	265	271	278	287	296	303	307	314	323	329	335	339.88	346.64	354	362	370.28	378	386.04	392	399	410.84	421	427	434	446.2	459.04	468.96	480	495	511	524.24	530.68	547	557.56	570	588.32	628.64	651.32	671.76	704.2	735.64	797.16	826.52	851.92	887.999999999999	944.84	1008.96	1164	1312.6	1379.6	1487.16	1608.8	1827.32	1938.48	2074	2172.72	2352.28	2637.6	2737.8	3084
MER47C	10	32.83	44	47	49	50	51	51	51	52	52	52	53	53	54	56	56	57	58	59	59	60	60	61	61	62	62	62	63	63	63	63	64	64	64	64	64	64	65	65	65	66	66	67.23	68	68	69	69	70	72	74	75.11	76	77.33	79	80	81	81.77	83	83.99	84	85	86.82	87.43	88	89	90	90	90	91	91	91	92	92	92.14	93	93	93	94	94	94	94	95	95	95	95	95	96	96	96	96	96	96	96	97	97	97	98	100	102.39	133
ORSL-2a	10	24.96	32.64	43.98	55	62.6	68.84	75.86	83	85	90	94.26	99	99.58	103	105.8	107	109	115.4	118.54	119.2	121.86	124.52	131.18	132	136	137	138.82	142	144.14	145.8	148.46	151.24	157	159	161.3	166	168.42	171	172	174	177.06	181	182	184	184.7	186.36	189.02	192.36	194	196	197	199.32	200.98	202.64	207.3	209.96	212.62	219.28	223	227.4	230	233.92	235.58	237.24	239.9	241.56	242	242	242	245.2	248	253.52	255.36	259.84	262	266	267.64	268.48	272.14	274.8	276.46	281.12	282	284	285	290.52	293.42	295.08	298.74	300.4	306	307	308.76	312.12	319.4	322	326.02	329	335.72	377
LTR1D1	32	70	72.4	105.4	113.2	144.5	185.6	193.5	206	218.2	229	246.6	281.2	310.3	319.6	347	385.2	437.9	472.8	506.9	550	598.1	611.4	622	631.4	638.5	655.8	670.5	708.4	730.2	746	762.5	766.6	774.7	777.6	781	783.8	787.3	788.4	792	794	795	797.6	799	800	801	803.4	804.3	806.2	808.1	810	810	812	813.7	815	815.5	817.4	818.3	820	822	824	825.9	826	828	828.6	830	830	832	832	833.1	835	835	836	836.7	837.6	838.5	841	841	843	844	844	845	847.8	850.7	852	853	858.4	861.6	865	867.2	870	873.9	877.8	883.7	887.6	892	902	904.6	909	918.1	1082
LTR51	10	30.18	37.12	45	47.72	55	58.88	67.42	72.48	80.08	88	90.66	99.44	107.12	118.68	125.9	133.84	146.04	157.16	166.14	171.2	183.26	192.6	202.9	208	216.5	225.04	232.24	243.68	251.74	267.2	275.86	281.68	286	291	303	307.32	317.22	324.68	332.36	347.4	353.92	370.52	375.58	387.2	392.4	404	416.64	423.52	433.82	462	481.66	512.36	538.36	549.72	565.6	571	577.42	581.88	588	590.6	598	600	603.78	605	606.9	608	610	615.08	621	623.2	627	628	630	633	635	636	639.24	641.68	643.74	645	648.72	650	651.98	654.04	656	657	658	659	660	661	662	665	666.58	670	673	678.04	680	683.88	687.82	757
Kanga1c	10	26.25	36.5	42.75	48	52.25	54	56	57	58	59	60	62	64	66	67	68	69	70	71	73	74	74	75	75	76.25	77	78	78	79	80	81	81	82	83	83	84	85	86	87	88	89	90	92	93	94	95	97	99	100	102	103.75	107	111	112	115.75	119	122.5	127	134.5	138	144	148	152	157	164.25	169.5	178	181	186	193	204	211	219.25	225.5	234	246	260.25	268	278	297	305.5	315.5	340.75	359	373	394.5	410.25	424	454.25	464.5	500	532	570.75	604	622.75	648	668	682.5	697	758
Zaphod5a	26	34.47	40.78	46.17	51.32	54.4	56.24	58.95	62.64	65.72	68.8	70.94	72.72	75.06	79.68	88.7	95.96	98.81	105.74	108.89	110.8	112	112	114.84	116.48	117.5	119.1	122.95	125.68	127.33	128.1	128.87	129	129.82	131	131	131.72	132	132.78	135.18	139.8	142.14	145.72	151.77	157.16	165.8	176.72	186.38	187.92	195.3	199.5	204.24	213.16	216.24	217.58	220.1	224.72	229.34	230	231.29	233	233	244.84	261.24	273	273.25	277.1	279.18	280.36	281.39	283.7	284	285.32	290.15	301.7	303.5	307.12	310.87	313.18	315.49	316.6	318.48	323.1	334.65	345.52	351.35	354.32	358.94	359.76	370.6	384.2	394.7	402.4	406.44	416.36	431.5	439.2	444.14	462.1	484.68	497
X7D_LINE	17	22.4	27.24	28.86	30.32	31.4	32.96	35.12	36.64	37.72	38.4	38.94	39.48	40	40	40.5	43.2	45	45	45	45	45.68	46.76	47	47	47.5	48.04	48.58	49.24	50.32	51.2	51.74	52	52	52.72	53.8	54.44	54.98	55	55	55	55.28	56.36	57.66	59.28	60.3	60.84	61.38	61.92	62	62	64.16	66	66	66.16	66.7	67.96	70.12	72.6	75.3	76.8	77.88	78.96	80.04	81.12	82	82	83.44	87.76	90.78	92.4	94.7	97.4	98.42	98.96	100.5	102.08	103.16	104.12	104.66	105.6	107.22	111.36	117.84	120.72	121.8	123.32	124.94	125.52	126.48	130.8	134.98	138.76	141.88	144.04	151.6	163.48	171.94	178.96	196.1	215
MER106A	10	24.64	39.82	49.23	53	59	63.46	70.74	75	78.69	83	88.51	93.84	99.33	106.74	112	114	118	120.38	125.58	128	132.61	136.02	143	146	149	151	152.07	155	156	158.3	160	162	165	167.94	170	174	177.17	182	185	186	187.81	189.22	191	193	194	195	197	198	200	201.5	203	205	207	208	209	210	211	212	213	214	216.01	217	218.83	220	221	222	223	224	225	226	226	227	227	228	228	229	230	231	231	232	233	233	233.03	234	235	236	237	238	239	241	242	242.72	244	246	247	249	251.77	254.18	261.77	315
LTR84a	14	24.7	39.4	46	51.8	53	56	59	62	66	67	69	71	74	76.8	82	84	85	87.6	91	93	94	96.8	100.1	102.8	105.5	107	109	110	112.3	116	120	122	125.1	127.8	130	132	134.8	137.6	140	142	145	148.8	154.1	157	159.5	163.2	166.9	172	175	176	177.7	180.4	183.1	186.6	189	193.2	197	200.6	204.3	207	211.7	217	221.1	229.8	234	242	245.9	248	254	256	258.7	263	269.1	281.4	288.5	296.8	305.7	310.2	317.6	326	337.1	344.2	351.3	361	372.5	378.4	389.6	402.2	421.6	436	454	465.4	498.1	522.6	544	560.2	598.9	651	685.6	802
Tigger16b	31	41	46	49.84	54	56	59	61	63	65	68	70	72	73	75	77	78	79	81	82	83	84.88	86	87	88	90	91	92	94	95	96	97	98	99	101	103	105	107	108	110	111	112	113.76	116	117	118	119	121	122	123	125	127	128	129	131	132	133	134	136	137	138.8	141	142	143	145	147	149	150	151	153	154	155	157	159	161	163	164	165.56	169	172	176	180	182.96	187	192	196	200.08	203	208	211	215.2	220	228	235	240.32	245.6	252	259	267.44	283.44	383
UCON14	37	50.58	51	56.46	57	57	57.82	59.58	60.76	61	61.7	62.67	63.64	64.61	65.58	66.55	69.08	71	71.46	73.29	75.4	76.37	77	77.62	79	79	79.22	80.19	81.32	83	83.6	89.07	90	90	90	90	90	90	90	91.66	92	92.77	94.48	97.13	98.68	99.65	100.62	101.59	103.12	104	104.5	105	105	105	106.9	110	110.32	111	111.26	112.92	116.2	117.17	118.14	119	119.16	121.05	122.02	122.99	123.96	124	126.7	128.74	129	131.43	132.78	133.75	135.44	136	136.66	138.89	140	140.57	143.16	145	145	145.45	146.42	148.17	150	150.66	152	152.27	154.44	160.89	169.26	175.15	178.64	198.09	200.8	229.63	250
UCON29	10	36.24	48.62	49.93	57.24	60.1	64.72	70.17	73.96	81.79	86	86	88	91.06	94.34	95.65	98.92	102.27	105	106	108.2	110.02	116	117.13	118.44	119.75	122.06	123.37	125.68	127.98	129.3	130.61	134.92	137	139.08	142.55	144	145.94	147	147	149.4	150	151.02	152.33	154.28	155	159.26	160.57	162	163.19	168	172	177.48	182	184.74	186.05	187	188	189	190	192.2	194.91	198	200.65	211.2	215.15	216.46	218	220	222	224	227.07	234.32	235.63	237.88	243	246.56	253.09	257	259.49	261.8	265.11	269.42	278.65	282.04	284	285.98	293.91	297.56	307.31	316.6	321.1	330.52	336.32	340	344.7	362.12	369.33	392	397.83	429
Charlie13a	21	32.94	42.82	50.41	55	61	63	69	73	79.23	82	83.17	87.64	90	92	97	100	102.99	106	107	113	116.87	117.68	121.81	126	128.5	130	133	138	139	147.1	149	152.04	155.51	157.96	159.45	162	168	173.72	179	184.8	188.54	194.74	197.63	203.68	211	217	221	227	230.03	233	235	238.44	241	247.38	253.85	260.32	264.58	270	271	281.2	290	297.42	306	310.16	316.55	326.260000000001	345.45	359.96	376.72	386	405.85	418.36	423.62	435.78	444.25	454.72	470.19	477	487.17	507.2	527.14	544.08	567.02	589.88	599.9	619.42	654.89	675.24	704.47	732.9	754.550000000001	792.24	834.52	876	906.200000000001	982.96	1031.03	1113.78	1157.14	1396
MLT2F	11	37	41	44.29	49	53	58	63	68.44	74.87	86	91	95.16	101	106	111	115	118	121	126	130	133	136.46	139	142	146	151	160.61	165.04	174	183	190.33	196	205	214.62	224	231.48	242	248	256.77	269	275	285.06	300.49	313	321.35	333	342.21	354.64	360.07	370.5	381.93	393.36	403	408.22	417	425.08	432	443	451	458.6	465.23	473	482.09	487.52	493	498.38	504	512.24	519.67	522.1	528.53	535	539.39	544	551	555	559	563	567	572	576	581	584.69	587	591	596	599	603	608	612.7	616	621	627	633	638.85	646	653	666.14	696.71	778
L2-1_AMi	14	50	58	61	63	66	71	72	75	77	79	82	84	86	87	88.5	90	93	95	96	98	100	101	103	106	109	112	114	117	118.5	121	123	125	128	130	131.5	134	135	137	139	141	142.5	145	147	150	151.5	154	156	158	161	163	165	167	169	172	174.5	178	181	183	184	187	188.5	190	193	196	200.5	203	204.5	207	209.5	213	217	221	226	232	239.5	242	247	252	259	264	273	283	288.5	300	307	315	327	342	358.5	374	392.5	409	422.5	441	467.000000000001	502	514	557	630.5	813
UCON105	10	36.74	42.48	46.11	50.96	56	58	60	61	63	64.7	68.07	71	71	73	74	75	77	79	81	82	84	85.14	87	88	90	91	92	94	95.73	97	98.47	101	105	106.58	108	110.32	111.69	113.06	114	116	118	119	120	121.28	123	124	125	126.76	128	129	130	131.24	134	135.98	137	140.72	142	143.46	145	148	150	152	153	155	157.05	159.42	160.79	163	165	166.9	171	173	175	177.38	178	181.12	184	187	190	192.6	194	198.34	203.42	205	207	211.64	215	218	224.86	228.3	232.34	238.08	247.41	254.78	259	266.52	280.89	291.52	315.41	340
UCON81	35	35.39	35.78	37.36	40.48	43.6	44.34	44.73	45.12	45.51	45.9	46	46	46.07	46.46	46.85	47	47	47.02	47.41	47.8	48.19	48.58	48.97	49	49	49	49	49	49	49	49.09	49.48	49.87	50	50	50.04	50.43	50.82	51.21	51.6	51.99	52.38	52.77	53	53	53	53	53	53.66	56	58.34	59.28	59.67	60.12	60.9	61.68	62.46	63.24	64.03	65.2	66.37	67.18	67.57	67.96	69.05	70.22	71	71	71	71.6	72.38	73.08	73.47	73.86	74.25	74.64	75	75	75	75.8	77.36	78.92	79	79	79.3	80.08	80.86	81	81	81	81	81	81.27	81.66	82.05	82.44	82.83	83.66	84.83	86
Charlie4	11	28.16	34	39.48	42.64	46.8	50	52.12	56	57.44	61	62	64	65	66.24	68	70	71	72	73	75	76	78	79	80	81	83.16	85	87	89	91.8	94.96	97.12	98.28	100	101.6	104	105	108	109	112	114	115	117	119	121	122.36	123	125.68	129	131	133	135	137	137	139	141	143	144	148	151.6	154	157	160.08	163.24	167	169.56	173.72	175	180	182.2	186	189	191	197.84	202	207	212	218.48	222	226	232	243.36	252	257.32	265.2	273	280.84	289	294.24	304	315	352.32	371.4	402.16	448.4	473	512.04	643.599999999998	739.36	1857
LTR26C	10	16.18	28.18	31.27	33.08	38.45	44.78	56.63	61.72	66.43	75.3	77.99	88.08	91.68	98.3	109.05	116.96	134.53	144.58	151.42	153	154	158.94	164.07	169.8	179.25	186	190.86	193	196.61	200.7	204.79	209.52	215.97	218.06	234	242.96	250.33	256.84	259	263.6	276.76	288.9	300.35	313.76	323.05	327.28	334	335.32	339.82	347	359.13	367.72	376.77	382.86	394.7	404.04	412.13	418.88	431.86	456.4	463.49	468.58	474.67	482.76	486	494.64	504	504.12	507	508	510.17	513.96	515	517.66	520.75	522	523.93	528.02	530	531	532	532.38	533.47	534.56	536	537.74	538.83	540	541.01	544	545.38	550.28	554.74	558.46	560.65	568.28	579.92	608.74	610	610
AluYk11	34	35.4	37.4	39.1	41.6	44	45.6	48	49.6	50.3	51	52.7	55	59.5	64.8	72	83.4	85	89.6	96	96	100	102.2	107	107.8	111.5	113.2	114.9	118.2	120.3	121	121.7	122.4	124	124.8	126	126.4	128	130	132.9	158	172.7	228.4	231	244	265	278	286	288	292.3	293	293	294.4	296.1	297	298	298	298.9	300	300	300	301	301	302	302	302	302.2	303	303	303.3	304	304.7	305	305	305.8	306	306	306.9	307	307	307	307.7	308	308	308	308	309	309	309	309	309	310	310	310	310	312	312	317.4	321	329.9	341
MER2B	10	34.09	38	41	42	44	47	49	51	53	55	56	57	58	59	59	60	60	61	62	63	63	63	64	64	65	66	67	68	69	70	71	71.88	73	74	74	75	76	77	78	80	81	83	85	86	88	90	91	93	93	95	96	98	99	102	105	107	111	115.22	121	128	130	134	137	139	145.85	151.94	156.03	163.24	178	186.3	205.39	220.48	229.57	249.98	260	269.84	281	292	299	302.2	307	309	314	317	319.65	322	323	325	327	329	329	330	332	333	334	336	338	342.82	352.82	413
EutTc1-N2	12	21.94	23.94	25.91	30	32.85	33	36.16	39	40.73	46.2	49.34	52	55.44	59.32	62.1	63.52	64	66.38	72.86	74.4	77.11	81	82.31	84.28	85	86.22	87.38	89	89	90.1	92.14	94.04	95.03	98.98	99.95	103.84	107.89	114	116	116.8	118.54	122.7	124.71	128.36	131.95	134.86	138.77	145	145	145	145	147.44	149	149.38	151.05	154	155.29	158.52	160.69	165.6	168.17	169.14	171	178.08	180	181.02	183.98	184	184	186.7	187	188.84	192.81	196.34	200.5	202.72	203	205.32	207	211.2	215.57	222	223.53	226.48	235.35	239.68	243	248.68	263.65	272	276.16	315.24	317.84	327.52	345.3	347.48	351.09	354.24	362.03	398
L2-2_Mam	10	27.19	33.38	36	38	40.95	43.14	45	46.52	48.71	50	52	53.28	55	56	58	59.04	61	61	63	63	64	65	66.37	67	68	70	71	72	72	73	74	75	77	78.46	79	79.84	81	82.22	83	85	86	86	87	88	89.55	90	92	93	93.31	94.5	96	96	99	100	102	102.64	104	105	108.21	110	111	112	113.97	115	116.35	117	119	120	121	124	126	127	129.87	132.06	135.25	136.44	139.26	142.64	147	152	156	159	163	166	169.3	176	179	182.72	189.91	194.2	199	208.48	213.67	225	229.1	251.48	280.43	302.48	330	487
X5a_DNA	22	37	46	49	50.88	53	54	59	62	62	65.2	67	68.64	69	71.08	74	76	77.74	79	80	82	83	84.84	85	86	87	88.72	89	90	90	92	93	94	96	96	97.7	99	100	100.36	101	102	103.02	104	105	105.68	107	107.12	109	110	112	113	113.22	114	114	115	116.1	118	118	119	122	122	123	124.64	126	127	128	129	130	131	132.18	133	136	136	137.06	139	139	140	143	144	145	146	147	148.04	149.26	151	152	153	154.14	155.36	156.58	158	160	161.24	162.46	164	165	168	172	174	176.78	203
Charlie13b	13	41	45.06	49.09	56.36	62	64	70	73	77.27	80	84.33	85	87.39	91	94	98.48	101.51	103.54	107	110.6	114	118	120	123.72	126	126.78	128	130	133.87	138	141.93	142	147	149.02	153	155	157	157.14	159	161	163	167	168.29	170	173.35	175.38	178.82	182	185.94	189	191.53	193.56	197.18	201.86	204.65	209.36	211	213	216.54	221.4	230	234	238	239.92	243.9	247	250	252.08	262	265	271	272	277.19	279.22	284	288.84	293	295.68	301.37	305	306.86	311.92	322.49	324	324	328.16	330	335.64	339.01	342.7	351.19	361.56	375.32	390.46	405.25	417.8	431.91	443.88	462.82	498
CR1-8_Crp	33	35.46	37.92	40.38	42.84	45.3	47.76	50.22	52.68	55.14	57.6	60.06	62.52	64.98	67.44	69.9	72.36	74.24	74.96	75.68	76.4	77.12	77.84	78.56	79.28	80	80.72	81.44	82.16	82.88	83.6	84.32	85.04	85.76	86.16	86.4	86.64	86.88	87.12	87.36	87.6	87.84	88.08	88.32	88.56	88.8	89.04	89.28	89.52	89.76	90	91.32	92.64	93.96	95.28	96.6	97.92	99.24	100.56	101.88	103.2	104.52	105.84	107.16	108.48	109.8	111.12	112.14	112.56	112.98	113.4	113.82	114.24	114.66	115.08	115.5	115.92	116.34	116.76	117.18	117.6	118.02	118.44	118.86	135.2	159.5	183.8	208.1	232.4	256.7	281	305.3	329.6	353.9	378.2	402.5	426.8	451.1	475.4	499.7	524
LTR16	14	42	53.9	65	73	80.25	86	92	97	102	110.5	115	121	130.85	137	144	152	157	164	171	176	181.45	187	193.35	199	204	208	212	217	224	231	235	240.4	245.85	254	259.75	267	272	279	284	290	295	299	304	307.8	313	317	321	324	328.05	332.5	335.95	341	344	346	350	353	355	358.1	361	363	365	368	370	372	374	376	378	380	383	385	387	388	391	393	394	396.2	398	400.1	402	404	405	407	409	410	412	414	416	417	418	419	421.95	424	426	429	431	434	438	443	449	613
LTR43B	22	36.8	44.6	46.6	55.6	57	64	64.8	69.2	74.6	79	81.4	82.8	87.4	90.6	95	102.4	105.6	108	109.6	114	116	120.6	130.4	141.8	151	162.2	178.2	186	188.6	198	217.6	239	261.6	268.8	272	276	287.4	294.8	301.2	305	308.8	315.8	321.2	326.4	328	332.2	334.8	337	339	340	343.4	344.8	346.2	349	351	352	353.8	356.2	357	357	360.8	362	363.4	368.2	371	377	380.8	387.4	389	398	405	405	405	405	421	445	461.8	486.4	517.6	525	533.2	542.6	549	549.6	551	551	551	556.6	559.6	563	565	567	568.2	569	570	571	571	574	577.8	594
LTR103_Mam	11	42.9	47.8	50.35	57	60	62.7	66	69	71.05	74	75.95	79	80	82.3	83.75	86	87	89	90	93	95	96	98	99	100	102	105	108	110	110.5	111.95	114	116	118	121	123	125.65	127	129	131	132	134	137	139	142	143.7	148	150	151.05	153	155	157	159	161	162.75	165	166.65	169.1	171	172	175	176	178	180	182	183	186	189.6	192.05	195	198	201.4	204	209.3	214.75	220	223	233.1	239	244	249	257.9	266.35	275.4	281	290	299.3	309	318.2	337	343.9	370.6	386.7	395.3	400.75	411.4	431	447	458	490
LTR47B2	16	21.98	25.94	39.46	59.56	73.1	86.76	97.87	105.76	109.46	117.5	119.95	124.76	127	129.58	134.45	154.12	164	173.02	184.24	193.4	205.67	230.58	276.86	295.32	312.25	336.1	342.38	348.44	352.42	355.4	356.38	358	360.19	371.94	380.2	388.92	391.65	398.48	400.11	401	407.18	409.58	411.14	413.56	414.05	415.54	417	417	417.02	419	419	421	421	421.46	422	422.44	423	424.42	425	426	426	427	427	427.36	428	428	428	428	428	428	428.79	429	429	429	429	430	430.73	431	431.71	432	432	432	432	432	432.65	433	433.63	436	436.61	437.3	440	443.08	446.85	449	450.1	451.04	452.53	454	456.55	504
X1_DNA	12	34.75	42.5	49	53	55	59	62.25	64	66	68	69.25	70	71	73	75	77	79	81	83	84	86	87.5	90	92	93	94.5	96	98	99.75	102	103	105	106	109	111	114	116.75	119	121.25	123	127	129	132	135	138.75	140.5	142.5	147	152	155.5	159.25	163	166	169.5	173.5	177	179.5	182	185.25	189	191.75	194.5	197	201	205.75	209	211	213	216.75	220	223	227	229.75	232	237	240	242.75	250	259.25	265	274.5	285	296.25	316	343.75	360.5	386.5	404	435	468.5	494.25	509	525.5	565	595.75	634	645.75	673.5	696.5	763
X33a_DNA	24	39.18	53.4	66.6	72.12	75	75	75.62	76.28	76.94	77.6	78.52	79.84	82.9	85	85	86.12	87.88	90.52	91	91	91	91	91.72	94.36	96	97.16	97.82	98.96	100.28	101.6	102.92	104.36	106.34	108.32	110.7	115.32	117.42	119.04	127.62	135.4	142.12	143.44	147.42	153.6	163.5	169.08	171.02	171.68	172.68	174	174	174.64	175.96	176	176.6	177.92	183.58	187.56	188.88	189.6	193.9	203.8	205.58	208.88	216.8	219.12	221.1	224.4	226.08	227.2	227.86	229.04	231.44	236.72	239	241.6	248.2	252.88	256.7	260	262.38	264.48	267.12	268.88	270.5	273.8	275.84	277.64	282.92	289.4	296.78	305.36	311.66	316.68	327.9	336.6	343.26	351.84	358.72	364
Tigger22N1	10	17.01	26.08	38	42	46.05	52	56	58	60	62	64	66.12	67	70	72	74	75	77.18	80	81	83	84	86	87	89	90	93	94	95	96	97	99	101	103	104	106.36	108	110	112	113	114	117	118	120	122	124.46	126	128	130	132	134	135	137	139	140	142	143.57	147.58	149	151	153	156	159	161	163	166	168.67	171.68	176	182	186.42	190	193	197	202.75	206	208.77	215.78	221	230	234.81	248.28	257.66	264.84	279.85	288	301	315.88	327.89	348.9	361.91	383.76	407.65	443.88	466.65	520.72	568	633.9	730.92	1351
ERV24B_Prim-int	11	27.2	40	54.76	60.92	62.2	72.64	79.36	83.92	90	92.8	95	98.76	101.48	115.36	120.6	125.84	129	134.64	141	143	148.08	156.4	166.56	171.76	180	184.72	189.48	193.16	200.8	209	212.44	216.36	219.92	223.16	232.4	237.64	247.52	251.12	262.36	265.6	271.68	284.08	295.16	313.56	331.2	336.08	344.84	379.88	400.52	406	408.48	420.76	442.16	454.72	480.2	497.52	511.68	529.04	544.28	557	562	572.16	589.12	601	621	632.68	642.24	667	706.440000000001	759.4	775.48	804	830.04	886.72	942	959.44	1004.24	1065.6	1136.2	1179.2	1260.96	1321.04	1380.52	1413.48	1505.4	1635.52	1750.32	1797.8	1902.2	2008.6	2092.4	2166.56	2366.56	2634.28	2940	3071.52	3262.63999999999	3803.23999999999	4528.63999999999	5807
HSMAR1	10	11.15	16.3	23	29	32.75	33	33	33	34	34	35	37	38	40.1	43	46	58.65	64	67.7	75	81	89.3	95	98	107	118.7	136.05	152.4	164	170.5	191.6	205.8	215.95	238.1	256.5	300.6	320.55	329.7	336	350	368.3	386.9	411.7	443.4	482	507.3	538.2	555.8	599.35	626	636	648	658.9	692	711.25	750	766.75	791.5	843.9	881	934.3	945	977.9	1033.8	1053.25	1077.7	1094.1	1136.4	1168.35	1191	1198.3	1208	1222.7	1230.1	1235.75	1243.2	1250	1252.7	1255	1256	1260.15	1262	1265	1266	1267	1268	1269.05	1271	1273	1274	1275	1276	1277	1278.1	1281	1284	1287.55	1292.4	1302	1327
MER34B-int	10	19.46	40	47	53	60	63	68	69.84	78	84.3	93.03	96.76	100.47	105.22	108	111	111.82	123.14	126.87	131	136	143	149.79	151.52	154	157.98	168.71	177	185	189	195.63	201	203.09	211.64	218.55	226.28	235.02	241.96	249	262.8	271	273.66	280.39	285	291.85	304.9	311	315.04	319.77	328	343.23	353.88	367.38	381.42	396.15	399.88	404	412.68	424.07	431	439.53	447	447	466.6	481.9	502.18	507.82	522.2	537.96	564.2	578.32	605.12	628.87	642.02	650	662.72	682	709.76	729.02	764.200000000001	812.470000000001	849	889.54	916.08	948.05	977.12	992.55	1029.96	1052.67	1065.6	1206.72	1256.48	1291.35	1383.22	1493.6	1718.6	1849.79	1980.72	2734.47999999999	5293
L1P4a	12	25	50	57	63	66	70	77	94	101	114	120	126	127	135	145	157	166	178	183	201	215	226	231	255	269	271	283	303	310	314	322	333	350	361	385	398	419	435	444	474	506	520	555	588	604	626	649	674	689	711	719	761	790	833	865	865.000000000001	882.000000000001	925	940	966	997	1029	1055	1081	1135	1167	1211	1232	1274	1324	1357	1371	1395	1429	1486	1541	1578	1614	1672	1708	1740	1826	1904	1929	2019	2082	2179	2423	2526	2583	2720	2922	2991	3143	3372	3503	3852	4012	4852	5951
LTR75B	30	50.68	61.92	67.36	70.12	73.7	80.68	82.38	86.2	92	98.4	102.58	105.08	108.14	109	112.1	114.48	117.56	122	122.82	127	130.14	132.8	138.88	140.72	142	154	159.24	163	164.86	168	171.54	181.68	192.44	199.6	206.6	210	224.62	227.64	237.84	243.4	249.9	266.36	274.54	278.32	281.5	287.76	298.28	301	301	302	307.68	326.36	339.16	357.24	366.2	374.08	376	380.16	387	387	392.06	407.4	440.84	449.68	459.1	466.84	473.26	475	479.1	487.4	495.9	507.32	510.88	512.72	515	521.24	527.06	532.2	542.34	548.4	554.18	556.92	558.74	559.52	568.3	570.08	575.3	577	578.42	580	580	580	582.62	585.32	586.3	589.88	594	609.6	625.2	637
LTR1C1	76	87.88	98.8	104.2	114.72	137.4	150.96	153.12	182.48	230.54	264.2	292.82	325.28	357.78	378.84	396.3	397.92	403.68	417.72	444.76	485.8	515.62	538.84	547.36	551.68	556	560.2	562.9	566.2	571.6	575.6	577.22	580.52	585.38	588.08	589.7	591.32	592.94	597.68	602.06	602.6	604.12	608.44	611.88	614.04	615.6	616.68	617.38	617.92	619.38	621	622.62	624.24	625.86	627	627	627	627	628.28	630.44	631.8	632.88	633.96	635.04	636.12	637.1	637.64	638.18	638.72	639.26	639.8	641.36	643.52	645.26	646.88	648	649.04	649.58	650.24	651.32	654.2	660.14	664.12	666.28	667.72	668.8	669.88	670.96	672.04	673	673	673.42	675.04	676.44	677.52	679.8	683.04	686.66	690.44	696.06	702
MER67B	12	27	36.6	47.2	51	55.5	61.2	64.9	71.6	77	78	79.7	82	84.1	87	89	91.2	99	101.6	104.3	106	109	114.4	119	121	122	124.4	130.9	133.6	140.3	144	150.4	173	184.3	189.8	193	212.4	218	223.6	226.3	230	236	240.2	251	262.4	265.5	277.6	291.8	296	307	313	328.7	344.4	356	373.2	389	395.4	397	402	410.3	422	433.7	443.2	457.1	467.2	476	483.4	503	508.6	527.3	539	545.7	559	573	581.8	583.5	592	596.8	602	605	606	609.7	611.4	617.1	619	622.5	625	627.9	629.2	634	640	643	649.4	653.1	656.8	665.5	669.2	672	686.8	706.9	749
X6b_DNA	16	31.74	44.16	48	51	55	57.48	60.06	62	64	66.8	68	70.96	73	74	75	77	78	80	82	83	85	86	88	90	92	93.08	94	96	96.82	98	99	100	101	102	104	106	107.46	108.04	109	110	111	113	115	116	117	118	119	121	122	124	126.58	128	129.74	131	132	132	134	135	137	139	140	141	142	143.12	145	146.28	149	150.44	152.02	155	156	158	160	162	165.5	169.08	170.66	173	175	178	182	183	184	185.72	189.3	193	195	197	200	201	202	205	206.94	209.52	216	219	223	226	232.42	364
UCON34	16	33.9	43.56	48.14	52	53	56.56	59	61.04	62.42	64.8	66	67.56	70	70.32	72	73	73	74.84	76.22	77.6	78	79	79	80	80.5	81.88	82	83	84.02	85	86	88	88	89	91	92	92	92.44	94.82	95.2	97	98.96	100	101	102	102	103	104	104.62	106	107	107	108.14	109	110	112	113	114	114.42	116.8	118	118	119	119.32	120.7	121	122	122.84	124	125	126	128	128.74	131	133	136	140	141	142	143	145	146.16	147	148	150	153.36	159	165	166.64	168.2	170.16	172.96	180.02	186	194.1	199.48	201.86	212	219.2	237
Eutr11	10	20.8	35	41.88	49.84	52.8	60.52	64.72	72.68	77	81.6	84	86	88	90	91	93.36	96	98	102	105	106.16	111.12	114	116	120	123.96	128	130	134	137.8	142.76	146	149	151	152	155.12	162	164	168.44	172	177.36	180	182.28	184.24	187.2	191.16	194	196.08	199	201	202.96	205.92	210	213	217	221	224.72	228.68	232.64	238	244.56	256.08	263	272	277.2	282.36	288	292.28	298.24	306.6	315	320.12	327.32	337.04	343	349	355.92	364.88	383.52	392.8	401.76	411.72	418.36	433.48	444.8	454	469.52	475	491	500.4	517.08	529.64	543.84	558.24	574.8	583.8	602.12	634.88	672.16	899
MER97c	11	24.14	34.56	45.3	58.12	62.4	70.52	79.9	82.36	86.26	101	106.32	112.68	117.82	120.92	125.3	128.96	134.14	141.6	147.96	157.4	169.7	170	171.88	176.36	181.5	185.64	188.56	195.92	205.06	206.2	208.68	210.48	215.48	221.52	222.9	224.04	226	229.64	241.3	246.2	249.48	250	255.2	266	267	269.32	276.48	289.92	294.72	301	312.56	317.28	322.52	330.68	332.7	335.52	340.92	346.24	351.3	358.6	368.08	371.36	380.74	392.64	396.3	403.24	408.66	421.32	435.62	444.8	461.1	480.56	489.1	498.44	508	517.56	527.68	531.84	535.18	540	543.02	547.96	555.86	561.52	575.6	594.64	613.36	617.64	634.06	649.6	653.96	658	679.06	687.8	710.4	727.08	877.559999999999	987.36	1041.3	1112
MLT2E	19	29.94	42.9	45.97	49.92	54.9	57.94	64.79	66.92	70.91	72.9	73.89	76	81.74	85	88	90	92	93	94.81	95.8	101.79	104	105.77	110	112.5	114.74	116.46	119	121	121	122	123	124	126	128.65	129.64	131	134.62	136	138	138.59	144	147.57	150.56	153	154.54	157	160.52	163.51	167.5	171	174	178.47	183.92	187	196.32	199	203.42	207	212.4	215.17	219.76	224.74	229.72	240.05	247	250.33	255	256.31	266.3	275	277.84	283.08	289	297.25	328.24	351	358.22	365	370.8	382.76	404.16	445.21	476.6	500.15	519	528	531.72	539.11	546.2	554	555.16	564.28	570.06	581.05	584.04	588.15	602.08	615.01	632
LTR65	12	23.22	36.22	38.83	45.32	52	55.66	58.27	61.88	65.49	67.3	71	78.32	81	83	85	88	91	92.98	95.59	97	98	99.42	101	102.64	107	109	112.47	115.08	116.69	118	119	120	123	124	131.35	138	140	141	142.79	145.4	148	149.62	152	154.84	156	157	159.34	161	162	168	172.33	180.44	184.99	195.88	200.55	205.16	213.77	218.38	226.96	237.2	243.21	250.64	268.44	305.2	321.9	347.26	363	377.48	385	403.4	406	412.84	426.71	439	448.25	454.36	459.97	469.9	478.38	482.8	500	529.14	563.190000000001	574.96	588.85	599.92	605.28	614	617.87	621	622.51	626.24	632	636	640.95	645.56	650	671.36	681	706
HSMAR2	10	22	27.38	38.07	43	47.45	50	52	57.52	61	64.9	71	79	85	95	102.35	116	128.73	141	149	155.6	165	171	178.87	189	202	213	221	226	231	239	250	261.08	273	283.92	296	309	322.53	328.22	340.91	348	360.29	379	394	405	421	439.74	455.29	481.12	500	518.5	523.19	544.64	568.57	585.26	604.95	622.28	638	657.02	673.71	697.2	717.09	748.34	774	813	835.85	864.54	898	918.92	938	967	985.97	1012.36	1043.37	1062.06	1081.75	1108	1135.26	1151.82	1175.51	1210.4	1235.89	1243	1250	1256	1261	1266	1269	1272.72	1275	1278	1280	1283	1285.17	1288.86	1293	1298	1302.93	1310	1322.31	1413
Tigger8	10	29.37	40	54.33	60	64	68.22	72	73.96	78	81.7	86	89.44	92	96	97	100	102	105.66	108	110	113	115	116.51	118.88	120	122	124	128	129	130	132	134	136	138	139	142	144	146.06	149	151	153	155.54	160	162	167.3	171.02	177	180.52	184.13	188.5	191.87	194	196	201.96	206	211	214	218.92	226	231	233.57	239.94	246.31	250.68	257	260	266	267	273.53	280.9	286	294.56	304	308.76	314.75	321.12	328	335.58	340.23	350.4	358.97	369	375.71	387.08	396.9	406.82	414	419	429	442	461.67	472.08	490.82	504.78	518.15	545	552.78	579	596.63	649
MER52-int	26	51	66.12	78.18	84	88.7	95.92	104.18	110.56	121.44	134.2	168.38	190.88	217.08	219	223.2	242.28	261.44	283.6	295.02	299.6	315.54	328.76	370.22	412.52	442	483.16	493.98	519.44	539.74	557	603.58	632.24	663.38	690.32	737.2	766.68	824.44	864.2	905.48	945.2	961.8	1033.12	1068.64	1105.04	1136.5	1169	1186.86	1216.6	1230.52	1289	1349.92	1383.8	1414.28	1447.64	1544.5	1572.8	1620	1658.12	1684.54	1708.2	1806.24	1871.16	1905	1943.48	1971.1	2014.4	2041	2068.76	2100.78	2164.6	2204.08	2290.96	2341.08	2376.44	2416.5	2485.24	2554.26	2635.28	2723.32	2763.4	2823.1	2916.36	2977.02000000001	3189.44	3482.4	3625	3815.9	3934.6	4199.24	4433.2	4605.84	4863.84	5078.62	5289.4	5725	6169.68	6704.3	7307.52	7879.26000000001	9560
LTR22B1	48	79.75	94.7	104.9	144	249.5	368.6	400.45	437.4	447	449	451.55	452	455.25	457	457	460.2	462.7	463.9	464	464	466	466.2	468	468.2	469.5	471	471	471	471.45	472	472	472.6	473	473	473.75	474	474	474.9	475	475	475.05	476	476.15	477.2	478	478.3	479	479	479.45	480	480	480	480.65	481	481	481.8	482	482	482.95	483	483	483	483.15	484	484	484.6	486	486.4	487.45	488	488	489.2	491.3	492	493.5	494.8	495	495.9	496	496	496	496.2	498	498.4	500.25	501.3	502.35	503	503.45	504	504.55	505.6	506	510.9	513	515.4	526.2	530.7	532.9	544
HERV4_I-int	13	33.18	53.88	72.38	81.76	90	98.32	107.04	113.4	116	119.6	135.22	144.6	152.36	155	169	177.76	181	182.44	190.34	200.4	212.08	236.44	244.68	248.64	255	261.72	266	267.32	285.52	297	307.6	320.16	332.94	367.68	412.7	449.68	460.28	467.68	485	496.2	507.86	522.56	541.96	556	564.3	569.56	608.36	633.4	640.28	647	670.6	694.6	713.48	731.88	752.3	761.32	766.26	783.4	799.44	818.6	823.38	834	836.36	845.16	852.9	871.04	875.48	904.92	937.66	997.4	1007.36	1044.8	1067.02	1087.44	1107	1151.68	1279.32	1290.08	1314.64	1380.4	1394.26	1477.88	1586.84	1666.16	1698.4	1729.76	1796.04	1810.36	1847.94	2047.6	2281.7	2504.24	3006.00000000001	3346.8	3622.20000000001	4088.28	4385.04	5277.39999999999	7221.6	7524
Zaphod4a	18	27	42.2	45.16	47.88	52	54.32	59	61.52	64	65	67.76	70	71.36	73	74	76.56	78.72	83.96	85.68	94	96	100	102.56	107.28	109	110.72	112.88	117.16	121.88	126.6	130.32	132.04	134	137	138.4	140.92	143	144.36	146.08	150.6	153	155.24	157.96	166	170	171.12	176.68	180.68	184	188	191	193	201	204.64	209.2	217.32	219	221	227	230.8	237.84	243.28	246.36	255.56	264.8	272.04	277.2	289	298.36	312	316.48	321.84	349.68	365	370	383.44	397.4	406.16	411.76	429.4	445.28	453.04	464.84	484	490.8	496	520	544.68	580.04	619.6	664.52	686.48	726.84	751.72	782	963.64	1056.88	1248	1365.88	1601
MER68-int	32	49.84	56.92	59.38	62.84	65	66	72	72.68	75.14	80.8	95.12	98	100	104.32	110.9	114.08	123.64	124	125.48	130.4	134.66	138.24	145	150	152	154.92	158	161.88	167.34	173.6	182	187.44	192.72	197	201	204.56	208.02	209.96	215	221.4	226.72	228	246.56	252.24	258.7	266.64	280	285	297.54	311	332.44	344.6	348.76	393.68	403	409.52	445	453	480.14	493.2	503.5	533.08	535	546.44	573.9	624.44	650	673.56	683.48	700.2	710.32	732.84	757.48	763	765	771.92	777.88	827	894.7	908.8	921.76	943.16	986.54	1023.48	1075.2	1084.92	1098.22	1117.96	1143.82	1252	1407.78	1456.92	1466	1486.08	1634.60000000001	1834.03999999999	2312.74	2514.16	2906	3759
MER70C	25	52.6	57.44	64.16	65.88	68.2	72.32	88	93.8	105	109.2	114.92	122.56	127.36	130.08	133.8	140.52	150.24	152.92	154.36	164.8	167.12	185.6	193.24	200.84	204	210	213	220.12	231.28	236	243.64	268.24	280.76	289.28	314.4	324.6	338.92	347.44	351.16	369.6	371	373.72	380.84	385.36	390.4	394	395.84	399.12	404.28	408	414.72	420.2	425.64	429.88	433.6	436	439.12	443.52	445.48	452.6	460.52	462	463.36	467.08	468.8	471.52	476	478	481	482.4	485.12	487.68	493.56	495.56	498	499	500	501.16	502.88	505.2	506.32	507	507.76	510.48	513.4	516.92	517	520	522	525	527	528	532	540.4	546.4	549.24	554.68	561.56	567.28	586
LTR102_Mam	25	46.8	56	58.48	62.64	65	66.96	70.12	74.28	77	80	82	84.92	88.16	91.72	98.4	101.12	104.72	107	109.04	113	113.36	117.52	121	123.84	126	129	131	133	136.64	138	140	143.12	147.28	150.44	154.2	158.52	163.92	171	178.24	184.8	187	190.72	194.76	199.04	207.2	212.72	220.04	231.04	235	240	244.48	250.32	253	257	264.2	278.84	288.24	301	315	327.8	351	367.84	371	385.24	406.4	414.68	421.32	438.64	449.08	456.2	459.08	467	468.68	474	482	486.16	491.32	495.48	499.64	513.6	520	527	556.56	565.44	586.4	621.32	635.92	662.44	712.24	730	739.12	763.44	790.16	797.08	806.2	823.24	842.2	856.36	877.52	961
MER6	10	21.11	27.44	37	43.32	49.1	57.96	62	69.88	75	80.1	86.42	91	101.29	110.54	119.65	124.76	135.74	141.98	152.09	157.2	164.31	170	176	187.2	196.5	211	213	219.32	227	231.3	236.41	242	249	264.74	281.4	296.88	307.28	322.18	330	334	347.02	351	354.73	369.72	375.95	385	394.17	400.28	414.51	431.5	444	446	453.83	462.94	475.05	481.16	486	494.14	515.96	525.4	536.55	558.64	588.58	597.04	607.15	623.78	638.85	653.96	661.59	686	706.62	733.76	743	752.42	764.5	778	781	786.58	791.69	795.6	806.91	816.06	822	824.24	827	830	833	835	837	839.9	844	846	847	850	852	856.56	861.67	866.78	877.89	1031
Tigger6a	12	23	43	52	61.92	69.65	75.52	81.11	90.84	98	103.6	106	114.52	121.98	130	134	139	143	157.42	172.87	186.2	195	195	200.79	207.04	215.25	223	229.42	234.88	244.7	269.7	280.63	294.08	304.09	310.82	312.65	323.84	336	359.48	370.47	380.2	388.93	405.98	414	422.12	431	450.38	466.31	471.04	491.32	501	514.92	529.8	544.07	556.52	572.3	588.04	600.22	610.34	615	621.8	631.06	640	643.99	660	675	689.9	703.91	719.92	740.11	756.6	775.83	785	791.87	807.02	822.75	841.44	852.1	884.94	908.02	934.2	946	956.72	975.59	984	989.25	997.78	1004	1008.24	1016	1023.7	1029	1035	1038	1045.24	1050	1056.08	1062.43	1070.54	1083	1167
PRIMA4-int	20	48	52	54.22	57.96	59.7	60	64	64.92	66.66	67.4	68	69	70	71	72.1	73	74.58	76	76	77	78	79	79.02	81	82	83.24	84	85	88	89	89.94	90	93.42	94.16	97	98	104.38	107.24	111.86	114.6	116.34	119.24	132.82	138	143.3	161.2	168.34	175.04	183	189	206	214	223	236.88	245.9	258.32	275.54	286	305.92	320.8	332.42	351.56	369.62	398.36	410.1	424.04	448.16	465	482.06	509.6	526.559999999999	541.56	564.18	606.52	636	682.28	786.72	830.44	869.14	939	972.94	1010.04	1034.94	1062.92	1226.2	1313.84	1345.38	1519.6	1647.6	1786.4	1962.92000000001	2384.36	2542.24	2759.08	3121.8	3251.08	3618.8	3800.44	5389.01999999999	8642
HERVK-int	45	113.8	135.52	152.68	201.04	294.8	356.84	419.48	431	451	452.2	454.84	456.64	457	458	458	459.04	526.64	593.16	643.96	697.2	768.4	1053.24	1166.24	1175.76	1198	1200	1203.44	1205	1205.88	1208.6	1209.32	1212	1218.08	1229.8	1324.2	1376.24	1387.28	1467.16	1483.52	1525.8	1592.08	1623.64	1718	1797.76	1992.4	2055.48	2081	2160.4	2315.76	2499	2504.44	2522.96	2602	2730.36	2855	2907.28	3076.12	3085.08	3111.72	3184.4	3198.92	3248	3440.84	3740.64	3887.8	3938.76	4058.16	4273.08	4378.6	4502.6	5433.28	5503.76	5606.16	5732.16	5880	6279.6	6717.4	6898.48	7122.52	7212.2	7366.84000000001	7604.96000000001	7999.72	8284.8	8688.4	9088.39999999999	9150.44	9164.4	9179	9179	9433.48	9457.44	9462	9500.36	9521	9524.84	9576.52	9591.36	10368	17974
MER41G	23	44.12	46.68	52	52	52	52	52	56.8	69	72.8	91.2	98	98.56	101.72	105.4	108.76	112.04	113.48	118.8	127.6	131.04	137.12	160.52	174.92	181	214.44	226.92	234.08	245.12	255.6	258.16	267.4	271.88	277.36	293	293.64	295	295	297.04	300.4	310.2	315	315	315	315	316.56	324.4	331.8	334.76	374	374.24	378.4	387.8	397.72	430.2	457.8	464.52	467.88	471	471.4	473	473.88	477.24	479.68	482.4	485.76	486.16	490.16	491.28	493.6	496.52	500.84	504.52	505	506	514.08	525.36	542.12	556.84	564.6	568.44	572.36	573.96	578.32	584.2	594.92	603.84	626.8	756.960000000001	825.6	845.56	862	863.12	869.28	870.4	871.52	873.92	875	880.28	894
LTR44	11	21.14	29.52	38.1	43.68	47.4	48.84	54.98	62.48	67.78	71.4	75.62	82.36	92.1	95.96	100.2	103	108.76	111.56	116.64	129	132	137.16	141	142	147.5	162.28	167.78	173.84	183	184	192.06	201.96	211.24	228.44	234.9	256.04	261.54	267.28	274.92	279.2	286.48	289	291.02	292	293	295	296	297.72	328.62	337	343	345	345	347.24	361	365.68	374.84	392.12	401.56	413.2	415.54	421.36	426	428.96	438	438	439.38	443.04	446	451	453	454.24	457	458.8	462.5	464.64	465	466.92	469.24	474.2	475.34	476.48	477	478	480.8	482	483.36	487	489	491.8	495.74	496	505.04	511.64	518.9	523.44	540	543.16	544	551
LTR45B	16	27.4	30	30	30	30	33	35.8	46	52	56	71.6	75	80	88.2000000000001	96	112	117	123.6	133.8	139	146.8	155.8	160.2	163.6	168	171	177	180.2	184	192	209	231	239.6	251.4	269	277.2	285.8	297	301.6	306	313.4	328.8	334.2	344.6	353	361.4	369.8	379.2	385.4	388	389	389	392.4	402.6	409	416.6	421.8	425.2	432.2	435	438.4	440.8	445	447.6	453	456.4	458	460	461.6	462	463.8	466	467	469	471	471	472	473	474	475	477	479	480	480.6	481	482	483	483	484	484	484	484.8	486	487.8	492	498	504.8	510.6	522.2	603
MER57A-int	10	20.97	33.88	43.91	50	55	60.82	67	71	77.73	81.7	86	90.64	95	100	105.55	111	118	122.46	127.43	134	139.37	144.34	148.31	154	158.25	164	170	177.16	184.13	190.1	200	204.04	211	216.98	229.95	237	245	254	260	267.8	274.77	283	299	308.36	315	325	336	350.12	363.06	381	396	406.44	418.82	431	439.7	455.64	466	480	492.23	517.2	531.17	553	568.44	588.16	605	617.02	641	661	684.93	705.9	726.61	752.04	780.81	800.34	817.25	834.72	865	892.32	930	967.6	1031.57	1074.08	1102.02	1153.84	1214.4	1271.42	1330.39	1374.72	1456.99	1516.6	1596.83	1692.24	1841.89	1982.16	2196.5	2397.04	2593.18	2968.2	3611.02999999999	6611
LTR45	17	31.46	38.84	49.57	55.68	57.65	60.52	64.11	65.84	68.28	70	70	73.04	74.49	75.44	77.95	82.36	86.05	95.4	104.87	106	110	113.06	117.16	121.52	123.25	134.78	136	137	138.17	141.7	146.63	148.72	152.18	154	156.65	163.28	164.01	166.48	170.41	183.2	201.95	223.28	230.17	237.24	243.25	247	260.1	267.44	284.16	292.5	302.44	343.2	350.14	361.88	370.3	373.76	384.1	394.1	425.21	428	432.06	434.82	442.97	446	450.35	458.36	462.73	468.48	475	477.7	485.66	488.56	492.87	495.06	499.5	501.96	503.42	505	506	508.4	509.13	510.86	512.59	513	513.05	514.78	515.51	517	517.97	519	520	520.16	522.78	523.62	524.35	526	530.86	536	539.97	552
LTR7Y	55	61.6	66.4	67.6	70.8	75	91.2	102.6	104.4	105.4	106	106	106.8	109.2	112	115	119.8	130.4	152.6	192.8	242	307.4	353.4	360.6	364.2	366	366	367	370	372.2	374	387.8	397.4	398.6	401.8	406	410.2	414.6	419.4	421	421	425.8	429	429	429.4	430	430.6	431.2	431.8	432	432	432.6	433	433	433	433	433	433.2	433.8	434	434	434.6	435.6	437.4	438	438	438	438	438	438.4	439	439.6	440	440	440	440	440	440.2	440.8	442.2	444	445.2	447.4	451.6	457.4	464	465.2	466.8	469.2	470.4	471	471	471	471	471	471	471	471	471	477	486
LTR1C3	46	52.93	58.56	62.34	67.68	72.15	72.78	74.23	76	76	76	76	76.56	77.19	77.82	78	78	78	78	78	78	78	78	78	78	78	78	78.01	78.64	79	79	81.65	87.04	99.01	103.42	104.7	113.52	124.82	138.68	220.94	282	282	282	282	282	298.1	327.08	328	328	328	328	333.2	358.4	433.13	535.14	539.55	545.08	552.01	554.08	556.19	560.6	564.15	567	567	567	567	572.22	576	576	578.82	582.5	585.65	588.44	590.96	591.62	592.75	594.64	597.55	600	600	600	600.09	601.98	606.19	613.12	615.1	616.36	617.62	618	618.35	621.5	623.33	623.96	625.77	627.44	628.7	631.4	634.22	635.48	640.81	649
L1M3f	10	26.7	38	48.3	57	65	69.8	77	84	87.3	95	103.6	112.2	126	134.2	139.5	146.2	149.9	159	167.3	181	193.5	204.4	211.2	220.8	236.5	240.2	251.8	258.2	263	276	292.3	312.4	327.1	339.8	354.5	364.2	376.7	388	404	426	448.5	467	479.1	491.2	507.5	529.6	544.5	560.6	585.5	601	618.7	627.4	647.1	662.8	675	689.2	703.9	716.2	731	752	784.3	823.8	852.3	862.8	892.5	918.2	937.4	957.6	966.3	997	1031.3	1070.6	1091.1	1122.8	1142.5	1163	1196	1217.2	1237.9	1274	1297.7	1342.4	1391.2	1431.4	1477	1526.6	1601.6	1674.6	1705.5	1793	1893.6	1954.4	2120	2198	2377	2712.19999999999	2942.9	3144	3724.89999999999	5525
HERV3-int	12	48.61	66.22	78.15	89.32	100.55	112.76	124.45	129.96	195.09	258.1	273.28	297.6	321.41	341.08	355.45	383	417.33	441.98	448.53	505	520.48	538.84	556.07	569.16	612.5	643.46	678.68	767.2	800.82	844.1	845	846	856.94	862.58	995.9	1079.32	1090.57	1100	1100.93	1101	1162.64	1206.24	1277.51	1372.04	1430.05	1438.02	1487.95	1535.16	1556.26	1637.5	1651.74	1671.76	1696.5	1741	1923	1980.08	2021.27	2085.54	2137	2144	2164.12	2184.64	2256.83	2286.76	2320.8	2371.46	2404.08	2475.92000000001	2683.81	2728.9	2771.5	2835.56	2952.24	3366.74	3388.5	3780.32	3993.94	4033.8	4194.73	4359.6	4514.91	4788.7	5105.49	5250.92	5497.25	5503.82	5684.71	5811.36	6415.36	6752	6858	7049.00000000002	7933.02	8301.74	8370.2	8830	8831	9192.68	9498.03	9919
HERV1_I-int	136	162.1	188.2	214.3	235.92	253.9	271.88	289.14	300.16	311.18	322.2	340.06	361.52	382.98	401.68	409.8	417.92	426.04	430.2	433.1	436	464.01	547.82	631.63	715.44	750.25	777.22	804.19	832.84	863.87	894.9	925.93	970.96	1016.49	1062.02	1110.1	1160.56	1211.02	1262.72	1331.16	1399.6	1468.04	1661.76	1932.04	2202.32	2451.75	2601.1	2750.45	2899.8	2985.73	3047.5	3109.27	3167.04	3214.31	3261.58	3308.85	3616.04	3977.38	4338.72	4570.26	4589.4	4608.54	4627.68	4927.89	5248.92	5569.95	5767.36	5832.32	5897.28	5964.88	6106.4	6247.92	6389.44	6552.04	6729.52	6907	7065.6	7106.2	7146.8	7187.4	7328.8	7515.56	7702.32	7851.7	7883.6	7915.5	7947.4	7996.55	8050.2	8103.85	8199.2	8373.78	8548.36	8722.94	8954.98	9193.65	9432.32	9608.98	9709.32	9809.66	9910
Tigger6	13	27.29	33.58	39.48	43.32	47	48.74	49	50	52	52	53	54	57.85	61	62.35	63.64	70.72	75.66	81.55	89.4	90	92.38	96.34	98.96	101.25	102.54	108.66	110.24	113.41	116	117.98	119.28	121.71	124	125.45	128.88	134.46	138.02	143	151.6	153.89	155.18	160.47	162.52	170.2	175.34	183	186.76	190.42	192.5	193.79	200.64	208	208	208.95	213.96	218.59	226.46	227.22	232.6	237.76	243	247.81	253.24	260.7	275.14	278.72	287.6	301	301.3	303.59	305.76	307.34	312	315.25	320.16	341.98	347	360.46	369.8	380	383.56	389.28	395.8	419	458.16	462.38	476.04	507.01	520.5	532.56	554.92	602.97	642.72	659.55	723.96	802.479999999999	984.72	1024.65	1718
HERVE-int	72	75.92	76	76	76	93.4	119	127.8	142.52	148	172.6	208.84	231.24	239.88	359.36	387.6	413.64	482.32	566.64	593.92	596	597	597.24	598.16	600	600	600.92	601	601	601.68	602	603.04	607.64	654.28	702.2	730.2	807.32	902.88	1026.72	1158	1249.6	1265.44	1318	1429.28	1625.04	1842.4	1882.8	1964.56	2074.12	2195.56	2397	2649.56	2706.16	2759.68	3026.84	3235.2	3262.8	3651.4	3802.2	3832.84	3858.4	3977.16	4037.2	4043.92	4049.4	4050.8	4051.72	4053.28	4054	4054.48	4055.4	4057	4057	4058.48	4061.4	4066	4067	4071	4080.84	4278.52	4435.6	4453.52	4754.32	4793.36	4821.68	5085.2	5503.8	6122.4	6388.32	6858.6	7151.4	7788.08	7923.64	8159.56	8314.36	8320	8324.28	8335.24	8693.88	8812.64	8823
LTR57	17	44.62	64.36	70.54	82.36	99.15	106.54	126.67	138.2	156.81	183.3	188.98	192.24	195.68	200.52	202.35	206	206	206	206	213.6	218.67	220	222	222	222	224.68	235.59	243.52	260.88	274.2	285.37	298.76	308.94	336.18	346.15	347.96	352.66	355.42	359.04	361.6	363.38	365	367.87	370.92	374.1	376	376	376	379.41	381	383	384	384.77	385	385	385.04	386	386	387.31	389	389.49	390	391	392	392	393	393.03	394	394.21	395	395.39	397	398	398	398	399	399	399.02	400	400	400.29	401	401.47	402	403.65	404	405.66	406	407.01	408	408	409.28	412	414	415	423.84	429.46	445.1	449.91	466
HERV9NC-int	20	41.94	57.6	83.92	111.24	126.7	137	138.86	141	156.46	212.4	230.9	340.84	355.66	428.32	452.4	478.8	549.5	856.04	1175.12	1274.6	1368.36	1433.92	1512.4	1651.04	1700	1784.72	1799.14	1873.68	2044.5	2121	2164.18	2230.52	2299.96	2390.48	2432.7	2454	2462.06	2548.96	2590.4	2772.6	2881.28	3383.08	3684.54	3761.24	3897.5	4046	4113.12	4302.36	4594.08	4923	5137.46	5161.2	5244.16	5334.88	5490.5	5524.2	5539.72	5611.52	5663.52	5676	5697.38	5708.84	5738.88	5867.76	6083	6190.52	6242.04	6267.12	6400.3	6426.2	6494.38	6545.08	6606.74	6795.04	6957.5	7359.16	7500.26	7567.56	7631.76	7794.4	7903.06	7984.16	8205.66	8344.72	8393.3	8448.92	8495.26	8507.88	8560.86	8723.2	8739.08	8828.72	8885.92	8917.12	8989	8989	9027.3	9049.6	9229.56	10079
LTR12D	13	36.22	46.7	69	77.96	84.05	89	96.17	123.96	164	182.1	212.13	247.2	269.13	341.9	367.05	402.96	437.79	468.48	509.73	566.8	591.08	601.8	636.03	663.56	686.25	712.24	722.49	733	738.92	747.7	767.97	772.68	782.71	798.32	804.9	817.64	826.57	841.12	852.86	863.4	871.01	882.86	897.82	900	916.15	926	934.89	944.8	958.89	963	975.48	982.2	990.11	994	1006	1006.72	1015.59	1024.3	1028.33	1039.2	1045.14	1053.88	1064.81	1068.68	1097.1	1099	1101	1109.16	1116.03	1118	1131.54	1136	1141.02	1148.38	1151	1161.6	1172	1188.44	1194.73	1200	1202.94	1213.34	1230	1235.08	1240.9	1246.92	1256.83	1264.68	1275.29	1288.9	1293.51	1307.2	1326.01	1332.56	1357.65	1380	1402.78	1404	1405.04	1584
LOR1b	10	26	28	44.47	51.96	63	64.94	71.43	78.92	82.82	87	90	94.88	115	134.86	147.35	149	161.66	172.82	198.24	214	226.58	241	255.54	272.52	280.5	293.22	304	309	317	329.2	344.19	350	355.68	361.66	364	370	375.13	378	382.11	386	389	392.58	397.07	399.56	402	406	408	410	411	412	413	415	415	417	418	420	421	424	426	427	428	430	431	431.36	433	434	435	435.32	436	436	437	438	438.77	439.26	440	441	442	444	444	445	446	447	448	449	449.65	451	452	452.12	453	455	456	458	459	461	465	472.04	479	485	516.55	991
LTR88a	13	34.01	42.04	50	52	54	56	59	61	63	65	68	70	70.13	73	74.15	77	80	82	84	86.2	88	91	92.23	95	97	98	100.27	102	104	106	109.31	111	111.33	116	117	120	122.37	124	125	126	127	128	129	131.44	134	135	136.47	137.48	140	142	143	144	145.53	148.54	150.55	154	156	158	159.59	161	162	164	166	168.64	171	172	175	178	181	184	187	189	191	197	201.75	204.76	207	214	222.79	229	236	240.64	251.15	258.84	267	274	276.87	282.88	290	303.8	321.73	333	344.86	359	390.95	414.96	459.88	502.74	572.97	786
MER6B	18	36	40	45.25	49	53	59.5	65.25	71	73.75	80	84.25	92	96	101	103	110	113	118.5	125	130	135	137.5	142	146	149	151	153	156	158.75	161	163	165	167	168	169	171	173	175	177	180	181	182	183	184	185	186	187	188	189	190	191	191	193	194	194.25	195	195.75	196	196	196	196	196	196.25	197	197	198	198	198	199	200	200	201	201	201	202	202	202	203	203	204	204	204	205	205	206	206	206	207	207	208	208	209	209	211	211.25	213	214.75	220	229.75	274
LTR10B	46	46.63	74.3	140.45	162.4	175.75	191.5	223.24	261.36	267.03	276	288.6	297.84	308.75	324.5	329	329.08	329.71	332.38	336.79	347.2	354.23	354.86	363.82	374.8	384.25	399.4	418.19	430.16	440.51	448.7	450.53	451.8	454.95	456	456.1	457.36	458.31	458.94	468.69	476.2	476.83	477	477	477	478.05	479.94	480.61	481.96	484.48	486	487.39	489.28	490.78	492	492	492.84	494.73	495.54	496	496	496.86	498	498	498.32	498.95	499	499	499	499	499	499	499	499	499	499	499	499	499.14	499.77	500	500.03	500.66	501.58	502.84	503.55	504.18	504.81	506.32	508.14	509.4	510.66	511.92	513.18	514.22	514.85	517.88	521.11	521.74	531.62	548
LTR14A	28	49.84	58.76	84.4	140.56	203.6	210.2	214.4	216.44	224.84	231	231	233.64	261.36	280.72	288.4	293.96	301.52	308.72	313.76	314.8	317.56	320.92	324.6	328.64	332	332	332	332	332	332	332.04	332.88	333	333.56	334	334	334	334	334	334	334.44	335	335.12	335.96	336	336	336.48	337.32	338	338	338	338	338.52	339	339	339	339	339	339	339.4	340.24	341	341	341	341	341.44	342	342.12	342.96	343	343	343	343.32	344.16	345	345	347.04	357.36	366	366	366.04	366.88	390.76	404.48	408.8	410.48	412	412	412.76	413	413	413.28	414	414	415.6	416.64	417	421.8	434.24	446
UCON58	40	45.04	51.68	54.06	58.36	59	61	61.38	63	66.06	68	68.74	70.08	72.42	73.76	76.1	78.44	79.78	81	81	81	82.14	83.48	84.82	86	86	87	88	88	88	90.4	92.54	93.88	95	95.56	98.8	100	102	104.76	107	107.6	108	109	110	110.96	116	116.64	118.98	121.32	123	127	127.34	128.68	129	131	132	132	133.38	134.72	137.12	141	142	143.16	148.84	152	154.2	157.88	160	162.24	165	167	168.14	171.96	173	174	176	177	183.54	189.08	191.86	193.6	203.54	205.76	207.66	212.12	213.9	215.24	216	218.84	234.56	262.6	266.88	269.28	273.86	277.96	291	298.2	319.82	338.16	378.44	449
MamTip1b	14	43.39	45	48.17	51	52	53.34	55	56.12	57.51	59	60.29	63.68	65	66	67	70	71	72	74	75	76	78	78.97	80	81	83.14	85	85	88	89	91	94	97	99	104	107	110.43	113.82	116	119.6	120	121.38	123	125	126.55	128.94	131.99	135	137.11	139.5	141.89	143	146	148.06	151	154	155	157.62	160	161	165.79	168	170	174.96	178.35	181.74	185.13	188	189	192.3	194	197.16	200	205	206.25	211.28	217	222.42	225.81	229.2	230	231.98	235	236.76	239.15	241	242	245	246	249	251.49	254	257	260.64	262.1	264.44	267.83	270	278.22	307
MER6C	19	19.59	34.54	39.31	42.8	46	48.16	50	50	50	50.9	51	51.08	53.34	54.26	55	55.44	56.03	57.62	58.21	59.8	62	62.98	67.28	70.8	76.5	77.34	78	78.52	79.22	81	86	86.88	92	96	96.65	101.24	109.47	115.1	118.02	120.6	122.57	126.56	127.37	128	141.5	147.56	153.19	154.64	156	156	159	159	162.78	173	174	174.04	176.89	179	179	180	181.98	185.58	187.17	188	189.35	190	191.53	192	192.71	193.3	194	194	194	194	195	195	195	195	195.61	196	196.79	197	197	197.56	198	198	198	198.92	199	199	199	199.28	200	200	200.05	201	201.23	204.46	207.41	214
LTR22A	34	47.64	51.64	80.36	111.92	129.8	148.4	164.68	184.84	208.08	225.8	247.92	264.88	292.12	308.12	320	330.28	356.88	387.88	399.08	403	411	411	415.08	422.04	429	434	434	434.96	437.28	439.6	440.96	441.12	442.28	443	443	443.76	444	445	445	445.4	446	446.72	447	447.04	448.2	449	449	449	449.84	450	450	450	450	450	450	450.96	451	451	451	451.6	452	452	453	453	453	453	453	453	454	454	454	454.52	455	455.84	456	456.16	457	457.48	458	458.8	459.96	460.12	461	461.44	462	462.76	463	463	463.24	464	464.56	465.72	466.88	467	467	467	467	471.08	485.6	536
Tigger18a	11	31.32	45	52.74	59	62	65.48	71	74	78	84	86	89	92	95	96.7	100	102.86	105	108.02	111.6	115	117	119	124	127	129	132.66	136	138	140	142	146	150.14	155	159	164	167	169.04	173.62	175.2	180	183	185.94	189.52	195	198	205	209	214.42	223	225.58	232	239	243	253.9	258	266.06	275	283	290	295	302.96	309.54	315.12	323.7	329.28	336.86	343.44	347	358.6	365	372	386	398	404.5	411.08	421.66	427.24	436	449.4	463.96	481	492.42	507.88	528.3	539.88	550.46	562.08	584.62	601.2	627.78	654.36	677	708	723.2	744.36	773	791	815.42	882
Tigger2b_Pri	10	20	31.06	38	42.12	45	48	51	53	54	56	57	58	59	61	62	62	64	64	65	65	66	66	66	67	67	67	68	68	68	68	68	68	69	69	70	70	71	72	73	75	76	77	78	80	83	88	93	98	105	111	120.53	125.56	133.59	139.62	146.65	152	158	166	171.77	181	188	193.86	198	202	206	210.98	217.01	224.04	232	239.1	250	261	282.19	309.54	338	361.28	387.93	441	483	508	532	563.46	606	655.52	708.65	776.32	804.61	832.28	877.35	925.2	969	997.76	1011.79	1021	1029	1038	1045	1050.94	1064.97	1141
MST-int	23	37.6	41.8	43.6	46.8	49	53.2	60.8	63.2	64	66	67	68.4	69	69.8	72	77.2	83.4	84	87.4	89	95	95	101.4	105	112	117.2	122.4	132	136.8	138	139.2	143	146	150	153	153	153	155	165	180	190.4	197.4	202.2	215	224	229.8	233.8	235	248.6	251	252.4	258.4	279.4	301.8	314	329	348.2	354	365.6	366	366	368.4	380	398.8	416	429.2	446	469.4	484.8	494.000000000001	554	587.6	613.6	650	667	679.2	694.6	715.4	739	775	792.4	820	837	848.6	903	917.4	951.4	987.2	1002.6	1052	1114.8	1144.6	1176.2	1213.6	1266	1439.4	1528.8	1559.4	1597.2	1624
AluYb9	14	31.93	52.78	59.31	66.64	127.85	160.44	175.78	184.28	212.51	229	245	261.48	271.01	276.56	282.1	285.64	288	291.86	294.63	299	300	301.94	302.71	303.48	304	305	305	306	306	307	307	308	308	308	309	309	309	309	309.03	310	310	310	310	311	311	311	312	312	312	312	312	313	313	313	314	314	314	314	314	315	315	315	315	315	315	315	315.59	316	316	316	316	316	316	317	317	317	317	317	317	317	317	317	317	318	318	318	318.99	319.76	320	322	322	323	324	324	325	328	330	332.46	342.15	353
Ricksha	11	24	31.9	39.27	43.72	50.45	57.62	60.63	63	66	78.6	83.99	106	113	116	118.7	121.44	131	132.24	135	143.4	148.89	156	163	170.16	175.75	181	181	187.04	193.61	200.7	210	220.88	222.97	235.12	240	246	251.66	258.42	277.51	286.6	290.38	297.56	308.48	314.96	324.05	331.12	351.69	356.96	369.23	376.5	385.59	394.72	409	414.86	422.9	433	439.13	441.22	447.55	457.8	463.94	468.58	476.68	485	489.7	497.76	504.03	507.12	517.21	525.6	533.17	538	553.28	565.32	579.25	592	599.86	621.1	659.11	723.4	747.48	767.76	805.910000000001	850	884	899.74	960.28	1017.6	1065.18	1127	1199.47	1267.52	1358.91	1445.3	1529.7	1602.84	1738.46	1890.82	1906.55	3040
Ricksha_a	20	42	60.9	65.85	71	76.5	79.9	81.55	87.2	94.35	100	105	105	105.3	106.4	110	116.6	121.45	125.3	127.8	130	132.2	134.5	137.25	139	139	139.3	139.85	141.6	143.8	144	144	144	144.75	147.5	149	149	149.7	150.8	151	151	151	151	151	151.2	151.75	152.6	153.7	156	158.75	159.5	161.3	175.6	186.6	188.8	190	190	198.75	212.5	218.15	222	229.15	238	254.5	265.4	266.5	268.8	272.1	315.000000000001	372.75	383	390.25	415	436	447	460.25	476.2	524.7	591.8	634.6	672	682.45	691.1	691.65	698.2	715.25	726.3	732.35	801.6	894.55	923.5	946.2	970.4	990.25	998.5	1018	1051	1085.75	1121.5	1133.85	1141
LTR80A	33	43.78	51.56	54.34	58.12	66.8	71.34	74.23	76.12	82.02	88.9	91	94.68	96	102	104.4	109.48	115.26	124.02	130.82	132.6	140	145.58	152	159.44	170.25	178	189.03	191.92	194.81	198.7	202	205.48	208	210.04	222	229	237.51	246.28	252.84	258	264.98	267	276.81	281	284.15	292.94	296.66	299.72	302.61	307	313.78	316.56	321.17	331.12	339	355.84	363	371.62	381.04	388	399.58	404.18	426.07	430	444.55	460.7	465.63	468.04	478.41	481	483.19	489.08	493	498	503.5	506.64	510.53	512.42	517	518	523.09	526	526	530	534.3	537	540	541.32	544.21	548.1	550	555	556.77	562	567.1	570.44	576	579.22	589.99	671
Charlie31a	23	40.1	48	53.06	58	60.2	65	68.14	70	71	72	73.22	74	76	77	78.6	81	84	86.36	89	91.4	92.42	94.44	97.46	99	101	104	105.54	107	109.58	111	112.62	118	119.66	122.68	125	127	131	134	138	141	142	145	148	151	153	159	163	165	169	173	176	180.04	184	187.08	191.1	194.24	199.14	203	208.36	213	218	222	225	228.28	232.3	237	240.34	246.36	250	258.4	261.42	263	268.46	272	277.5	281	284	289.12	295	299.6	307.62	312.64	320	331	335	347.44	359.48	366.76	378.78	389.4	396.82	406.84	422.86	428.76	442.8	452.84	468	483.92	507	572
LTR86B1	24	33	40.88	46.1	57.56	62.5	68	70.16	73	78.46	81	88	89.56	93	98.16	102.1	107	108	111.76	113.72	119	124.74	127	131	132.56	135	141	142	145.32	146.26	148.2	149.28	151.08	154.02	156.96	159.9	161.84	165	165	167.66	172	172	174.96	177.84	179.36	184	186	188.18	192	193.06	195	199	203	206.64	210	212.7	220.28	224.74	229.56	234.38	237.4	239.34	241.28	244	244.48	261.1	266.04	271.98	286.2	295.44	300	303.48	308.04	312.62	325.68	336	342.32	348.28	354.28	366.78	373.6	382.14	385.16	389.04	395.8	398.9	406.52	413.78	416.72	424	432.2	439	440.48	443.84	448.8	456.6	463.24	468.26	480.12	490.36	526
MamGypLTR1c	15	31.8	42.4	52.4	57	59	61.8	66	70	74	79	81	83.6	86.4	89	92	94	96	99	101	103	105.8	108	111.4	115	119	120	122	125	127	130	132	135	138	139	141	142	143	146	148	149	151	153	155	158	159	161	163	165.4	168	170	173	176	179	183	187	190	192	194.4	198	202	207	209	213	217	220	225	229	233	236	240	248	253	262.8	269.2	275	281.8	291	301	312.4	323	333.4	353	359.4	372.2	384	390	398.2	420.8	440	470	491.8	528.2	557	597.8	636	657	691.999999999999	709.4	750	854
LTR82B	11	27.51	42.02	48	55	61	64	67.57	72	75	83	86	89	91	95	96	102	105.67	108	112	115.2	120	123.22	128.73	132	135.75	138	140.77	143	145	149.3	153	155.32	161.83	164.34	168.85	170	174	179	181	185	189.91	192.84	196	200	203.95	210.46	214	221	226.99	231	239	243	247	252	258	262.12	268.07	273	278	282.6	291	295.62	299	305	311.15	322.64	333	341.68	349.19	356	367	374	381.23	389.74	394.5	414.76	430	443	449.29	460	481	502.82	521.64	542.84	558	571.86	587.11	599	613.39	622.8	634	659.92	673	684.94	702.35	713	742	770.86	786.47	861
LTR88b	11	40	47	53	56	60	63.48	67.06	70	72	75	78	81	83	85	87	90.28	93	94.44	97	99	101	102.76	104	106	108	110	112	114	116	118	120	121	122	124.72	127	129	131	133	135	137.2	139.78	142	145	146	148.1	150	153	154	156	158	159	161	162	164	166	168	170	173	176	178.8	182	185	188	191	192	197	202	208.44	213.02	216	223	227.76	235	240	245	252	255	261	266.82	274.4	280.98	288	302.14	309.72	315.3	319.88	326	335.04	346	352.2	359.78	370	381.94	392.52	403	421.68	438.3	497.279999999999	624.42	790
Helitron2Na_Mam	12	40.36	47	55	58	62	64	65	66.72	68	69	74	77.08	79	80	83	84	87	88.12	90	92.6	93.14	95	98	101	103	105.84	108	109	112.86	115	115	117	118	120	121	122	124	125.92	127.26	129	132.94	133.28	135	135	136	137	138	141	141	143	145	147	148.02	149.36	152.4	154	155	156.72	158	159	160	162	164	165.76	168.1	171	172.78	176	177	181.8	183.14	186.96	191	193	194.5	197.84	199.18	203.04	206.86	208.2	210	212.88	215.22	219	221.8	222	223	224.92	226.26	228	233	238.84	243.62	256.84	266.3	271.64	282.98	286.28	294.32	317
MLT1F-int	14	37.4	48	55	60.8	70.5	78.2	86.9	91.8	93.65	98.5	103.35	106.2	109	113.9	116	121.6	126.45	134.3	138.15	143	145.85	147.7	150	157.4	162.5	173.1	179	192.6	212.5	220.5	225.7	244.2	249.05	258.9	263.75	275.2	282.9	290.9	307.45	322	345	356.8	365	379.8	392.5	400.1	409.75	419.2	427.25	447.5	457.05	488	507.1	513.7	528.5	537.6	550	567.7	581.15	591	611.25	620.7	645.2	659.8	665.75	678.1	699.95	707.8	735.9	746.5	766.75	787.2	799.2	826	838.25	849.2	886.7	920.3	928.75	947	984.85	993.8	1013.1	1027	1076	1112.2	1135.85	1177.4	1243	1285.5	1328.7	1396.6	1457.2	1558.5	1695.25	1744.8	1842.05	1901.8	2016.75	2633
LTR55	15	46.39	53	60.62	74.16	93.35	101.62	106	116.16	117.93	124	130	135.24	137	141.78	151.2	159.32	181.09	191.88	202.63	213.6	220.51	227.76	240.42	250.48	254.25	261.02	266.79	278.92	289.33	294	300.74	308.28	322.23	338.72	342	356.6	363.94	374.26	381.21	397.4	407.57	413	416.33	421.88	427.65	436.52	445	446	450.73	456.5	460	465.16	471	476.58	479.7	483.12	490.78	494.98	498.43	499.2	501.94	504.74	506.51	509	510.05	512	514	516	517	518	519.67	521	522	522.98	524	526	528.29	529.06	530	532.6	533	535	536.91	538.68	539.45	541.22	543	544.76	546	547	548	548	551.22	555.38	558.15	561.84	566.69	569.46	579.15	632
X34_DNA	51	54.92	56.92	57.94	61.68	62.9	63.88	65.72	68.52	73.1	74	76.34	79.28	81.48	82	83.4	84.68	85.66	87.28	88	88.6	89	90.12	91.54	93.04	94	94	94	94.44	95	95.4	96.76	98	98	98.64	100.3	101.28	102.26	103	103.22	104	104	104	104	104	104.1	105.08	106.06	107.04	108.02	109	109	109.96	111.88	112.92	114.8	116.76	117	117	117.82	118.8	119	119.76	122.22	123	123	123.68	127.3	129	129.62	130.6	131.58	132.56	133.54	136.08	138.5	139.96	141	141.44	142.42	143.8	145	145	146.02	148	148	148.84	151.26	152.24	153.22	154.6	157.72	161	161.84	167.12	168	168.08	169.12	171.16	175.02	176
L1HS	10	27.8	46.4	75	87.8	95.5	105	121.9	131	142.6	160	169	192	209	234	248	265	279	294.6	311.2	339	353.4	377	385.1	397	411.5	429.2	452.7	475	490	510	542.1	569.8	593	623	654.5	693.6	722.9	747	764	787	812.7	836.4	852.2	884.8	901	920.6	960	999.6	1025.3	1070	1095.7	1138.4	1178.1	1231.2	1272	1310.8	1375.6	1459.4	1511.6	1597	1682.5	1791.6	1871	1956	2021.5	2114	2249	2403.4	2524.3	2681	2895	3034.6	3203.7	3408.2	3556.5	3795.2	4175.6	4528.80000000001	5198.6	5484	6002.7	6015	6018.1	6023	6025	6026.2	6027	6028	6029	6030	6030	6030	6031	6031	6032	6042.2	6048.9	6053.6	6057.3	6430
MER6A	10	34.16	46.16	53	59	64.4	68	74	79.28	84	89	94	99.96	109	113	119	130.28	136	142.88	149.52	152	158	167.52	171	176.92	186	194.08	199	202.24	206.32	210	212	216	219	223.72	228.8	233	237	242.04	252.12	261.2	273.56	295.8	314.88	331	343	349	355	362	369	374	381.08	391.16	407.24	417	432	440.48	457	472.64	492.72	508.8	518	528	534	539	542.2	548	552.36	557	560	562	565	567.76	570	573	575	577	578	580	581	584	586	587	588	589	590	591	591.96	593	594.12	598	600	602	604	605	607	608	614	623.68	635	912
MLT1I-int	11	38.81	60.08	75.43	86.24	98.05	112.62	118.89	128.16	135	137	139.97	154.24	162	168	177.05	184	191	198.58	208.13	216.8	228.34	243.76	258	265.48	271.75	282.06	292	300.68	309.66	318.1	326.37	335.64	345	349.18	357.9	364.44	374.96	386.26	396.53	405	409	414.68	425.22	441.64	446	456	472	479.84	488.23	493.5	498	509	517.93	532.16	538.85	542	548	556	565	572	588.82	598.74	612.01	623.56	637.55	644	658.45	679.08	697.52	709.7	720.17	735	738	748.96	763.25	774	790.16	821.36	840.98	859	876.22	901.840000000001	920	938.04	960.9	976.22	1002.49	1033.28	1057.27	1103	1127	1184.6	1256.76	1316.32	1387.25	1476.48	1580.19	1700.84	1816.91	2097
LTR9A1	11	39.33	55.48	66.11	73.44	80	86.22	88	89.96	95.33	99.7	104	104	104	121.36	130	146.52	162.58	178.26	199.09	205.4	210	213.28	236.55	242.76	261.75	275	283.99	294.88	305.19	331.1	336	340.84	344.21	357.58	373.8	396	412.07	441.66	485.29	515.4	537.51	546.54	570.73	584.28	596.3	597.04	603.78	608	611.13	614	616.87	620	622	622.98	624	624	625	626	627	628	629	629	630	630.68	631	632	633	633	634	634.9	636	636	636	637.38	639	640.12	641	643.86	649	653	657	663	664	665	665.45	668.82	669	670	671	673	674	674.04	675	675	677	678.52	681	689.38	713.15	792
Tigger12c	11	40.58	47.16	52	55	58.9	61	66	68	71	75	78	80	85	87	88	89.28	91	94	97	98.6	100.18	102	105	106	107	109	110.66	113	115	117.4	120	121.56	123	126	129	131	134	135.04	136	138	139	142	143	145.52	147.1	149	151	154	156	157	158.58	161	163	165.32	167	168	170	171	173.22	175	177	178	181	184	184.7	187.28	190.86	194	196	198.6	201	203.76	205.34	207	211	213	216.66	218.24	221.82	227	230.98	235	241	248	255.3	259	267	274.08	284.62	296.2	303.56	313.36	333.88	348.120000000001	371	404	436.38	490.04	532.94	677
Tigger12A	10	36.72	46.58	53	55.72	58	61	63	66	68	70	71	73	74	76	77	78	81	83	85	86	87	88	88	90	91	92	93	94	95	97	98	99	100	101	102.05	105	106	107.34	109	111	112	113	114	116.92	119	121	124	125	127	129	130.93	132	134	136.22	138	140	141	142	146	147	149.23	151.66	154.09	157	159	161.76	164.81	167	169	172.1	175	177.96	180	182	184.25	188	190.11	192	194	196	199.83	202	205.38	208.12	212.55	218	225.64	231.84	237.27	247	259.13	283	306.99	323.940000000001	363.9	384.84	407.71	451.66	524.980000000001	735
HERVL74-int	16	40.36	51.44	52.32	58.32	60.8	67.16	71.52	76.64	85.96	94.8	99.96	115.32	119.72	125.28	133.4	141.52	154.24	163.92	170.68	174	179.12	182.92	186.28	191.28	207	208.72	212	220.16	234	237	245.64	253.08	266.04	273.68	284.2	293.76	307.32	309.68	326.28	337	354	357.12	365.8	383.76	395.2	407.68	409.92	419.96	428	452	471.04	506.2	526	541.16	558.8	580	582.08	585.88	590.48	617	632.96	640.16	688.68	705.6	720.4	728.76	747.24	755.72	803	813.6	826	867.36	949.28	975.84	1006	1054.32	1069.32	1089.88	1156.88	1183.6	1194.56	1275.6	1330.96	1376.48	1387	1433.44	1516.88	1624.96	1742.32	1762	1821.04	1968.2	2124.12	2206.32	2266.2	2502.24	2660.72	2875.8	3134.92	3981
MamTip3	10	37	45	53	56	60	62.24	64.78	67	70	72	74.94	78.48	80	82	83	85	87.18	89	90	92	94	95	97	99	101	103	104	106	108	111	112.74	115	117.82	120.36	122.9	124	126	128	130	131	133	136	138	139	142	144	147	149	153	154	156.54	158	160.62	163	166	168.24	171.78	176	180	184.4	187	190	193	196	200	204	208	215	219	222	224	227	230	232	236.5	242.04	247	252.12	258	261	267	274	282.82	289	293.9	302	314.94	320.52	329.06	345.6	355.840000000001	377.36	384.44	394	411	423.68	435.38	445.92	459.38	509
MER135	22	39	42	44	46	50.7	52.02	54	55	57	58	59	60	61	62	63	64	65	66.06	68	68	70	70	71	71.08	72	73	74	74	76	77	77	78	79	80	81	82	82.29	83.46	84	85	86	87	88	88	89	89	90	90.16	92	92	93	94.84	96.01	97	98	99	100	101	102.03	103	104.37	106	106.71	107	109	110	112	114	115	117	118	119	120	121	123	124.92	126	128	130	132	133	135	136	138	140	142	144.79	146	147	150	154	155.64	158	163	165	167	172	173.66	177	204
LTR32	12	43	60	73	81	87.45	91	95	99	102	109.7	117.18	130.84	147	152.66	155	161.08	171.73	177.42	186.11	196.8	208	228.36	242.61	257.12	263.25	271.94	279.26	285.32	294.02	304.9	314.78	321	324.77	328.46	334	341.84	349.06	356.22	363	370	376.58	388	396	401.36	404.05	406	413.43	419	421	424	426.19	429	431	432	433.95	435	437	438.02	439.71	440	441.09	443	444	445	446	447	448	448	450	452	453	454	456	456	458	461.44	466	469	475	477.2	480	482.58	484.27	486	489	492.34	496.03	499	506	513.1	518.79	523.48	528.17	533	536.55	544	553	571	580.48	1004
CR1-1_Amn	41	44.9	49.7	55.55	59	61	61	61.55	62.2	62.85	64	65.6	68.2	69.9	71	71	73	76.05	76.7	77	77	77.65	78.3	78.95	80.2	81.5	82.8	83.55	84.6	86.55	92.5	98.15	98.8	99	99.1	99.75	100.4	101.05	101.7	102.35	103	106.25	109.2	111.8	114.4	116.25	116.9	118.1	120.4	124.95	126.5	128.2	133.4	135.9	137.1	137.75	138	138.05	138.7	140.75	144	145.3	146.3	146.95	147.6	152.25	163.3	166.1	168.4	172.95	180	186.6	189.2	190.45	191.6	195.5	199	202.35	206.9	209.7	211	211.65	212.6	213.9	214.6	219.25	230.3	236.95	244.6	256.3	266.5	274.3	275.6	284.1	294.5	297.75	299.4	304.85	367.899999999999	413.8	445
X1_LINE	35	44.24	54.16	64.24	71.44	74.4	76.6	89.2	94.6	96.56	97.4	99.2	103.16	104.84	108.04	116.2	121.44	124.8	132.24	133.92	141.2	146.2	148.96	150.64	153.28	160	160.84	163.72	165.52	166.72	168.2	169.08	170.76	171	171.56	174	180.36	192.04	202.96	204	208.8	213.32	215	215.48	218.84	221.4	222.64	223.48	224.64	227.92	238	238	239.36	240	242.88	248.8	252.2	256.4	262.76	265.56	266.8	270.16	277.16	278.84	279.76	284.2	287.44	289.4	293.36	295.88	297.6	301.2	303	303.64	305.32	307	310.36	315.76	319.04	321.08	330.8	362.64	376.08	378.72	381.24	387.4	400.48	421.48	426.52	434.6	473.000000000001	501.84	509.12	513.68	525.44	536.4	551.8	560.92	567.8	586.64	632
LTR16B	25	38	48	51	54	64	67.2	71	80.2	90	97	103.7	106.4	118	125.2	139.5	147.2	152.8	159.2	162.6	168	173.7	180	183.1	187	191.5	196	198.9	207.6	218.3	225	234.4	238	242.3	256.6	264	267	270	276.6	284.3	288	296.7	303.4	310.1	316.6	324.5	329	332.9	338	347.3	351	355	358.8	365.1	370	374	379.2	382	384.6	387	388	391	394	396.1	398	401.5	404	405	406	408	409	411.7	413	415	417	418	420	422.9	424	426	427	428	429	429.1	430.8	432.5	435.2	437	439	441	443	446	448	448.1	450	451	456	458.9	464	470.2	593
MER127	38	44.5	56.2	57.3	58.4	59.5	63.8	65	66.8	71.9	74	75.4	80.4	86.6	90.4	93.5	96.6	98	98	99	100	101.1	102.4	104	104.4	105.5	109.2	114.5	118	118.9	121	126	126	127.3	129.4	131.5	132	134.4	136	136.9	138	139.2	142.4	145	146.8	148.5	149.6	150.7	153	157.8	162	163	163	165	165.8	168	170	172.8	174	181	183	185.1	187.2	189	190.8	193	195.2	196.7	198.8	201.8	203	209	210	210.3	212	217	220.2	224.4	226	227	230	232.4	236.4	239.3	242.8	245	245.6	249.4	254.2	264.2	265	278.2	284	289	293	297.5	311.6	326.5	333.8	355.8	365
LTR10D	30	38.2	43.8	51.8	74.8	95.75	113.3	137.95	147.2	158.55	161.5	187.75	220.8	234	234.6	270	296.8	333.8	355.3	360.45	424	437.2	466	478.7	481.6	482.5	484	484.55	485.2	486	486.5	487.15	488	488.45	489.1	490	491	492	492.7	494	494	494.65	495	495	497	498	498	499	499	499	499.5	500	500	500	501	501	501.4	502.05	503	503	503	504	504.3	505	505	505	505.9	506	506	506	506.5	507	507.8	508	508	508	508	508	508	509	509	509	510	510	510	510.25	511	511	512	512.85	513	514	514	514.45	515.1	517.5	519.4	521.05	524.1	547.65	643
PRIMA4_LTR	21	36.76	56.08	72.28	84.48	96.8	112	115.88	134.08	142.56	150.8	157.36	180.6	197.92	199	207	215	219.56	222.56	228.4	235	238.64	243.24	248.16	251.08	253	263.44	288	288	288	289.6	290	290	297.68	311.96	323.2	331.12	338.12	347.8	365	379	390.04	417.28	450.36	461.96	489.8	499.64	502.72	506	507	508	508.92	512	514	515	517.6	522.56	529.44	536.44	543.84	549	553	554.16	561.96	565.76	568	572.16	576.64	578	579.48	581	582.32	584.24	586.16	588.08	589	591	593.68	595	596	598.2	600.52	604	605	607.28	609	611	613.08	615.96	616.88	618	620.44	622.64	623.56	627	629.4	633	634	634.64	643.44	673
MER57E2	21	31.5	36.5	38.75	41	53.75	58.5	62.5	73	76.75	78.5	79.5	81	87.75	90	90.25	91	94	97.5	104	116	135.5	153.5	165.25	166	182.5	190	200	224	236	243	249.75	261	270.75	276.5	283.75	298	307	310.5	313.75	322	322	324.5	327	327	327	327	327.25	328	330.25	331.5	332.5	334	334.75	335.5	336.75	339	339	339.5	340	340	340	340	340.25	341	341	341	341.25	342	343.5	350.5	357	357	357	358.5	361	364	364.75	365.5	367.5	372	372.75	374.5	376.25	377	377	377.5	379	382	382.75	383.5	384	384	384	386	389.25	393	394.5	396	397.25	398
MamGypLTR1d	19	38	41	47	51.88	53	54.82	57.29	60.76	63	65	66.17	70	72	74	76	78.52	80	82	83.93	85.4	88	90.34	93	95	96.75	98.22	100	101	103	104	106	107	109	110	112	113	114	116.86	119	121	124	125	127	130	131	132	134	135	138.03	141	144	148.44	151.91	153.38	154.85	158	161	165	168	171	173.67	176.14	178	180.08	183.55	188.02	192	195.96	200	203.9	208	213	216	221	228	232.72	236.38	243.32	252.26	260.6	267.14	279	288	296.44	302	312.84	330.89	341.36	360	379.9	394.54	413.24	422.55	451.54	483	499.96	566.59	664.18	711.53	785
CR1-L3A_Croc	34	43	44	45.66	46.88	48	49	51	52	53	53	53.42	54	55	57	58	58	58.74	60	61	61.4	62	62.84	64	65	65	69	70	71.16	72	73	74	75.04	77.26	79	80.7	81	82	84	85.58	87	88.04	90	91	91.68	92.9	94	94.34	95.56	97	98	99	101	102	103	104.1	106	109	110	111.98	113.2	114.42	116	117	119.16	123.3	125.52	126	127	129	131	132	134.68	137	138	141	145	146	146.16	147.38	150	152	159.12	163.52	167.48	171	181.92	187.14	193.36	204.9	212.8	223.02	235.48	247	256.36	271.4	285.56	313.819999999999	336.8	369.159999999999	400
UCON78	35	42	46.68	51.34	56.12	57.9	60.36	63.46	67.24	69	69	70.58	74.44	77	77.92	78.7	79	80.52	82.04	83.82	85.2	87	87.16	88	92.44	93.5	94.28	95.12	97.84	101	103.4	105.36	109.88	111	113.56	118.3	120.08	122.72	124	125.84	128	128	128.76	129	130	132.2	134	135	135.44	140	140	141.56	142.56	145.68	149	149.9	152	153	154.72	158	160.4	162.58	164.36	168	168.92	172.4	178.48	180.3	185.04	187.64	189	191.38	194.16	195.94	200.44	202.5	206.52	216	220.2	224.24	225.4	226	229.84	231.74	234	236.6	238.4	243.86	249.2	253.68	259.4	265.9	271.28	277.16	280.32	283.2	289.4	301.24	312.44	316.54	355
MER57F	12	28.2	39.4	45	46	49.5	61.2	66.4	73.4	76.8	86	89.1	94.6	104.9	112.8	115.5	117.2	121	126.8	132	137	140.3	148.2	151.6	156.4	162	167.2	169.7	176.6	189.9	193	197.3	207.2	217.6	220	225	232.6	243.4	254.4	264.8	270	275	280.2	293	305.8	309	315.6	319	329.6	339.7	352	371.4	377.6	382.3	386.4	389	390	392	394	398	401	403	404	405	407.4	409.5	411	412.7	414	416	417	417.1	419	419	419	420	420	421.7	422	423	424	425.1	427	427	427.4	428	428.6	429	430	431	431	432	433.2	436.3	438	440	447	450	456	464	543
DNA1_Mam	23	27.4	31.36	33.04	34.72	35.8	37.08	38	42.88	46.12	50.2	51.48	53.16	56.52	57.52	59	59	59	59	62.68	64.2	69	76.68	77.64	79.64	81	85.68	88.72	92.28	102.6	106.4	111	111.76	117.32	119.12	120.8	130.36	136.16	138.68	144.08	150.2	151	154.36	159.96	165.76	169.8	175	175.96	177	177.32	180	180	182.72	189.04	190.72	192.2	195	195.76	197	197.24	199	200.48	203.16	205.68	206.52	208	208.88	209.56	211.24	215.68	217.6	218.56	220.96	223.64	225.64	228	229	230.36	231	231	235.2	240.4	245.76	250.2	258.56	272.4	281.96	283.48	296.08	299.04	307	318.52	319.56	332.64	341.92	347.8	362.12	368.84	378.76	393.92	445
Charlie17b	17	27.26	35	40.56	44	48.3	52	57	63.16	66	67.6	70	75	78	79	82	84.16	89	91	93	95.2	99	102.44	104.98	108	112	115.76	118.04	122.28	124.54	128	131	132	133.58	138.68	141	144.44	151	154	158.14	161.8	168	173.92	179	180.44	189.7	193	197	200.48	208.74	215	221.26	227.04	233	240.12	247	252.56	256	258.4	264.68	273	277.86	286.12	292	300.56	306.8	311	318.42	323	327.94	335.2	342	354.72	368	376.96	390.5	416.56	433.06	448.84	457.7	474.4	492	503.32	510.32	529.84	556.2	577.04	597.34	622.4	666.28	694	712.94	732.84	751.36	824.2	852.2	891	986.54	1022.24	1078.02	1142
MLT1J1-int	11	27.11	43.44	57.65	66.32	82.55	89.66	103	108.52	112.99	126.3	132.63	136.32	143.29	153.54	163.8	182.56	189.74	195.98	203.81	221.6	235.86	249	258.53	265.28	283.25	289.72	297.88	306.16	332	337.2	344.23	352.08	359.63	366	374.95	379	383.07	385.72	392.29	427.2	446.08	453.24	464.57	475.84	485.95	491.24	507.34	513.28	517	522.5	527	534.16	547.83	560.76	572.05	574.48	587	604	610.45	621	648	665.46	676.86	690.08	693.45	698.78	705.85	716.24	746.08	769.1	776.86	811.56	818.06	840.42	850.75	862.36	872.17	887.48	901.38	917.2	960.74	971.1	998	1038.04	1096.6	1132.92	1140.14	1206.88	1231.16	1260.8	1285.48	1395.68	1442.23	1494.12	1547.35	1685.16	1808.14	1894.2	1982.14	2184
MER129	39	42.05	56.08	71.89	73.84	76.3	82	82.94	84	88.45	90.2	92.93	95	99.38	101.94	105.15	106	106.57	107.78	108.99	109.8	113.82	116.24	120.32	123	123.75	127.38	130.34	132.76	134	134	134.51	135.72	137.86	139	139.35	140	140.77	141	145	145	146.22	147.82	149.03	150.24	151.9	153	153.87	157.08	158.87	161	162.42	164.84	171	171	171.55	172	172.97	175.18	177.17	181.4	183.81	185.08	189.69	192.44	193.65	195.72	196.14	198.56	202.45	205.7	206.91	207	208.98	215.16	217.75	221.84	224.21	236.9	244.72	250.4	252.01	253.22	254.86	257.28	263.1	265.06	266.27	270.36	276.76	278.9	279.99	292.48	306.77	311.74	329.1	332.08	345.22	390.18	433.43	449
MERX	20	30	35.7	37	39.4	40.75	42	43	44	46	46	46.85	47.2	48	49	50	50	51	51	52	52	53	53	54	55	56	59	62	63.8	68	70	72.85	74.4	77.55	79	80.5000000000001	83	86.9	93	94	97	97.35	99.7	101.05	105	108	110	111.45	114.6	121.15	123	127.4	131.6	137.65	143.6	147.25	151.6	154	156.6	159	162	165.35	169.8	175	178.4	189.25	195	200	205	208	210	216.85	224.6	234	235	241	243.6	247	255.2	261	265	270.35	276.4	287.35	303.4	311.75	320	329.7	340	346	350	372.7	395.2	432.3	457.9	489.25	563.199999999999	605.95	641.3	710.9	736
Tigger17	29	29.53	30.48	34.72	39.32	45.15	49.36	50.42	51.96	54.08	55.3	55.83	57.8	60.45	63.1	65.75	66.48	67.01	67.54	68.14	69.2	70.91	74.62	77.19	77.72	79	81.12	82.62	83.68	84.74	85.8	87.29	88.88	90.96	93.02	93.55	94.32	96.44	98.28	99.34	100.2	100.73	105.68	115.22	125.4	136	140.14	141.73	144.2	146.85	155	163.06	164.12	166.44	174.92	181.45	183.04	184.21	184.74	188.78	196.2	202.63	208.46	212.34	215.52	219.15	222.86	255.13	286.08	287.14	288.1	288.63	292.04	302.11	329.12	380	408.76	417.77	443.1	477.55	488.8	492.51	513.24	536.56	644.119999999999	746.1	778.96	820.84	897.16	964.3	1012	1052.8	1084.6	1121.62	1162.96	1194.85	1221.88	1496.14	1842.76	2237.79	2639
EUTREP16	12	35.5	44	48.3	52.4	54	55.6	58.7	62	63	63	64	65	66	68.4	70.5	73	73	73	74	76	76.1	77	78	79	80.5	81	81.7	83	84	86	88	88	90.3	91.4	92	93	94	95.8	97	98	100	101	103	105.4	106.5	110	112	114.6	118	119	121	123.2	127.3	129.4	137.5	139	140.7	144	145.9	147	150.1	152	154	157	159	163.6	167.4	172.6	176.9	180	185.1	189.4	192	194.8	198.5	199.6	206.7	216.2	222.9	227	235	242	244	246	249	253.6	257.7	266.8	280.8	283	287.8	304.6	311.5	323.4	337	355	359.1	380.2	418.2	501
LTR4	29	52.43	62.42	64.17	70.56	92.35	110.56	114.82	126.56	151.11	185.7	219.07	285.2	349.27	384.06	396.75	426.48	471.47	486.38	491	491	491	491	491	491	491	501.12	513.17	513.88	514	514.9	517.09	523.48	527.72	530.14	530.85	532.68	534	534	534.69	535	535.22	536.64	537.53	538.48	539.9	540.66	541.74	543	543	543	543.42	544.84	547.52	550.36	553	553	554.41	556.18	556.89	557	557	557.02	557.73	558.44	559.15	559.86	560.57	561	561	562.4	566.69	572.24	573.66	576.16	580.25	586.64	587	587.38	588	588	588.51	589	589	589	589	589	589	589	589.38	590.8	591.61	592	592	592	592	595.2	609.4	614.9	632.66	671
MER87	21	50.74	66.48	74.88	82	85	96.88	99.7	103	106.58	115.6	127.84	133	133.06	137.4	139.6	141.92	144.54	153.32	155	158	172.02	180.04	196.3	216.72	219.5	222.36	228.7	231.36	248.66	256.6	269.98	278.68	287.44	296.88	311.2	319.16	345.86	370.24	373.54	376	378.26	380.12	384.98	386.28	389.7	393.56	397.7	406.56	411.38	414	436.82	449	455.02	463.24	475.3	478	485.34	488.88	491	497	501	507.2	513.06	514.68	517.3	518	518	520	521.56	522	522.02	524.28	525.52	527	528	529	529.74	531	531	532.6	535.22	537.68	539	539	539.7	542.32	543	545.12	548.36	550	550.42	551.04	553.98	558	561.6	563	566.28	571.04	579.18	630
LTR49	10	23	30	31	34	36.8	43	49	53	56	60.6	65	70	74	77.24	81	87	91.4400000000001	96	100.04	104	110.36	120.52	128.68	136	147	155	159.32	164.48	171.64	178	183	189	193.28	204.44	209.2	221	226.92	234.08	246.48	257	268	282	291.88	301.04	317.2	328.72	336	347	353	359	372.16	377.64	380.48	381	385	394.92	401	407.28	420	434.6	452.76	462.92	474.24	489	497.4	506.56	513	518	523	526	529.36	532	534	537	540	541	542	543	544	547	548	550	553	555	557.6	561.76	566	568.08	571	574	577	580	582	585.08	590.2	599.36	611.52	620	644.84	857
MER51D	43	46	48.94	49	49	50	50	51	51	51	51	51	52.76	58.74	62.58	65.1	69.84	71.33	72.82	73.31	74	75	75	79.27	81.52	84.25	85.74	88.15	92.72	94.42	96	97.19	104.12	107.34	109	110.15	111	111	111	112.88	120.6	136.63	143	145.21	150.24	152.3	158.54	159	159	159.01	160	161.98	166.92	171.91	175	175	176	177.86	179.84	182.82	187.2	192.56	194.14	196.87	204.2	217	228.52	262.77	271.24	285.72	297.1	309.9	363.2	384.78	403.38	417.5	447.56	467.11	470.54	476.71	478.2	481.07	505.16	527.73	555.96	572.7	582.94	610.45	618.24	620	621.2	626.54	629.16	631	632	632.55	634.04	638.18	642.04	648.59	734
PRIMA41-int	15	31.41	51.26	60.78	66.52	75.9	87.56	89.82	95	103.67	105	114.86	122.8	130	133.64	141.9	147.08	152.42	163.34	166.97	170	175.46	183.58	197.47	203.36	213.5	219.76	226	230.64	240.62	257.4	272.18	281.16	282	295.46	306.05	316.68	345.62	361.64	374	388.4	415.49	423.38	447.18	455.6	471.35	497.5	525.64	547.24	577.31	583.5	620.51	674.560000000001	699.78	717.06	737.25	745.56	764.46	769.08	785.06	839	879.74	900.72	913	952.92	1015.85	1056.54	1091.26	1133.4	1153.47	1211.1	1236.76	1274.72	1356.94	1421.52	1497	1550.44	1562	1583.14	1595.31	1599.4	1602.51	1636.28	1745.87	1916.88	2122.05	2223.86	2316.73	2437.72	2526.29	2659.5	2751.89	2833	3146.36000000001	3493.2	3612.35	3879.71999999999	4640.91	5105.04	6047.43	8567
LTR39-int	11	32.37	41.54	47	49.32	56.1	58.66	62.35	70.4	74.49	92.1	97.97	103.92	108	108	117	117.76	122.74	124	126.59	128.2	134.62	138.42	143.09	146.64	153.75	161.58	162.94	165.08	167.38	175.6	181.55	184.04	186.3	202.4	207.7	209.96	217.14	227.26	243.27	250	251.04	255.62	259.46	265.2	267.35	273.3	283.36	290	290	290	290	290.72	292	292	294.75	297	297	301	301	304.2	306.42	308.82	312.29	314.08	317.3	321.82	333.09	345.4	348.18	353.5	388.79	430.88	466.54	484.64	510	545.48	604.53	625.9	657.33	692.6	714.53	735.28	762.23	792.12	835.15	850.3	908.07	922.6	957.419999999999	1082.8	1237.62	1362.12	1395.85	1439.46	1490.7	1573.2	1683.68	1917.1	2466.43	2555
X9b_DNA	10	37	43	45	47	49	54	57	59	61	62	64	65	67	70	71	72	74	76	77	79	79	80	81	84	85	88	91	92	93	95	96	98	101	103	107	109	110	112	115	117	119	122	129	131	136	137	142	145	149	153	158	163	166	170	173	175	178	180	182	186	192	193	198	201	205	207	213	217	228	231	234	238	243	249	256	263	265	269	275	278	282	293	298	305	314	322	331	340	347	357	370	379	393	412	440	444	476	497	547	925
MER57B2	12	17	22	28.13	33	36.55	38	39	40	40	41	41	41	42	42	43	46	47.07	52.78	56.49	62	67	73	79.99	103	107	110.46	117.17	128.88	140.59	158.3	169.01	181.16	200	206	224.7	240	249	256.98	277.38	286.4	298	307.46	313	323.24	332.9	338	343.37	351	354	359	362	365	368	369	370.05	372	374	376	376	378	379.31	380	381.73	383	384	384	385	386	387	388	389	390	391	391	392	393	394	395	396	397	398	399	399.93	401	402	403	404	405	408	411	413	415	417	419	421	423	425.87	430.58	443.16	561
LTR54B	10	18	28.32	40	44	49	56.96	64.31	70	79.97	85	92	92	98.29	103.62	108	112.28	120.22	126.94	135	140	146.93	153	160	170.92	176	177.58	183.91	189	193	201	209	214.56	226.89	236	242	253.64	260.21	269.54	272	283	289.53	295	306	316.08	331.85	344	353.51	365	377.34	383.5	390.66	393	399	402	405	408	409	412	413	414	415	416	418.79	420	422	422.78	424	425	426	429	430	432	433	433	434	435	436	436	437.07	438.4	440	441	442	444	445	446	447.71	449	450	451.7	455	456	458	461	463.35	466	475.01	505.36	526.34	555
LTR76	40	46.71	50.12	52.59	57.08	66.95	97.44	117.49	213.6	225.77	242.7	263	277.4	315.48	329.84	331	338.36	349.22	383.96	399	402	408.91	421.6	441.57	445.44	449.75	457.46	461.93	470.72	472	472.9	487	491.8	531.01	578.12	588.95	604.32	609.22	613	615.68	619.4	621.73	622.26	623	624	624	624.76	626	633.2	640.85	644.5	648.06	650.56	652	652	652	652	652	652	654	654.8	655	655.86	657.39	658	659.9	662.96	666	667.12	670	671	671	672.16	673	673.44	678	680	680.81	682.68	684	685	686.86	687.92	689	690.52	693.1	696.16	701	701	702	706.9	709.69	715.04	717	717.82	719.4	722	734.41	750.98	766.23	1556
MamGypLTR2b	10	42	44.66	50.98	58	61	65	67	72.64	75	77	78	79	81.79	83	85	88.28	89.11	90	92	94.6	96	99	100	101	103	105	108	110	113	115	117	120	121	122	123	124.88	127	128.54	131	132	134.03	136.86	139.69	141	142	143.18	145.01	147	149	152	154	155.16	158	160	163	166.48	169	170	172	176	178	180	183	188.12	190.95	192	193	196	198	203.1	205	208.76	211	213	216	219.08	225	228.74	232.57	236	240	243	245.89	252.72	263	269	278.42	287.04	300.74	308	319	325.72	336.19	345	360.85	384.76	411.51	516.74	675.799999999998	828
MER50C	41	44.96	49.88	55.82	56	56.6	57.92	62.34	65	65	68.6	72.04	74.68	75	75.48	76.8	81.48	85.66	87.64	88.54	90.6	95.88	98.56	101.44	106.72	110.5	113.64	116.28	126.6	137.56	140.2	142.84	147.64	162.16	176.68	192.4	214.84	264.58	322.08	322.74	334.6	353.5	370	378.14	381.12	399.6	417.72	435.3	445.2	457.48	472	473.98	476.28	478.92	503.32	517.6	518.92	520.86	522	522	528.6	536.38	544.96	552.96	558.96	561.6	572.08	581.98	587.92	603.58	616.2	616.86	617.52	618.36	619.68	622.5	626.12	630.74	632	633.96	643.2	647.38	649.24	650.56	654.08	658.3	660.28	672.76	689.88	697.14	708	720.42	725.04	733.08	743	743	753.08	771.22	778.48	784.72	790
PABL_B	17	49	49	50	68	77	81.8	92	96	104.9	113	121.6	136	149.6	150	152	157.6	166	171	181	187	189	197.4	202.8	206	207	209	212.1	221.8	224.4	229	235.3	239.2	245.8	250.2	253	257.6	271.1	281.2	291.8	307	311.1	334.8	356.1	386.2	403	410	411.6	430	438.1	455	476.1	481	482	484.2	497	501.8	505.9	520	523	524	527.3	531.2	533	538	551	555	559.5	572.8	584.4	598	617.9	622.2	624.8	630.6	637.5	644	647.1	652.8	655.7	659	661.3	663.6	665	666	666	667	667.1	668	669	670	676	679.2	685.9	689	694.5	704.6	714	716.2	738.9	752
LTR15	12	27.4	32.4	37.9	45.6	64	68.4	93.1	98.8	108	117	122	123	123.3	133.6	143	159.4	178	213	223.6	226	235	259.4	271.3	281	297	302	327.9	363.6	373.6	376	385.1	387	388	394.8	407.5	414.8	442.5	449	458.6	461	464.1	465	467.3	471	471.5	472	473.7	474	474	474	474	475	475	475	475.5	476.6	477	477.8	478	478	479	479	479	479	479	479.6	480	480.8	481	481	483	483	483	484	484	484	484	484.8	485.9	486	487	487	488	489	489.5	490	490.7	491.8	492	493	493	493	493.3	494	494	495	495.7	498.4	503.6	515
LTR38B	21	28.15	31.2	34.9	37.6	45.25	52.6	60.85	78	83	87	89.65	94.8	104.9	108.1	111	122.8	126.65	131.8	141	145	148.25	165.8	170.45	176.8	180	185.6	192.65	210	230.15	244.5	255.85	277.4	295.55	313.1	314	322.6	329.1	351.7	362.85	364	364	366.7	378.9	392.4	400.25	413.4	422.05	424.4	430.7	440.5	462.85	469.8	484.5	487.1	489.5	493.4	498.2	502.4	506.7	513	519.3	522.3	525	528.2	543.75	547.8	553	563.4	567	568	571.3	572	573.95	575	575.25	577	579.55	580.7	582.7	585	585.15	586	587	588.6	590	592.8	595.1	597	598.7	601.5	606	612	613.95	617.2	621.5	625.8	633.2	642	658.85	682
HERV-Fc2_LTR	61	61.37	61.74	62.11	62.48	62.85	63.22	63.59	63.96	64.33	64.7	65.07	65.44	65.81	66.18	66.55	66.92	67.29	67.66	68.03	68.4	68.77	69.14	69.51	69.88	70.25	70.62	70.99	71.36	71.73	72.1	72.47	72.84	73.21	73.58	73.95	74.32	74.69	75.06	75.43	75.8	76.17	76.54	76.91	77.28	77.65	78.02	78.39	78.76	79.13	79.5	79.87	80.24	80.61	80.98	81.35	81.72	82.09	82.46	82.83	83.2	83.57	83.94	84.31	84.68	85.05	85.42	85.79	86.16	86.53	86.9	87.27	87.64	88.01	88.38	88.75	89.12	89.49	89.86	90.23	90.6	90.97	91.34	91.71	92.08	92.45	92.82	93.19	93.56	93.93	94.3	94.67	95.04	95.41	95.78	96.15	96.52	96.89	97.26	97.63	98
MER61-int	10	36.12	49.24	67.12	81.16	89	106	122.28	130.64	154.44	169.2	179.44	199.48	214.52	236.56	257	273.28	286.68	292	305	338.8	361	374.52	385.92	391.96	401	415.28	442.24	463.12	478	495	506.48	531.56	551.28	574.36	593	628	656.92	678.08	700.6	714.2	762	798	816	855.8	871.8	893.72	915.4	932.92	956.96	980	1002.12	1070.08	1113.36	1139.16	1170.2	1271.96	1307.16	1389.64	1461.16	1501.8	1567.32	1599	1644.56	1701.36	1728	1773.84	1825.08	1881.08	1954.88	2012.2	2069.68	2145.16	2196.44	2251.56	2358	2399	2508.08	2602.72	2658.56	2833.6	2901.36	3002.68	3063.32	3144.6	3248.8	3326.52	3457.84	3545.52	3729.04	3871.6	4005.48	4138.68	4315.68	4653.76	4899.2	4991.72	5058.16	5182.12	5539.28	5921
LTR81A	16	34.55	44	49.53	58	60	64	67.57	72	74.59	77.1	79	82	84	87	91	92	95	95	98	100	104	105.22	107	110	112	115.26	118	120.28	123.79	127.3	130	133	137	140	141.85	143.36	146	148.38	150	154	156	159	161	164	168	170.92	174.97	179	182.99	186	187.01	191	195	197.08	202	205	206.07	210	214	217	221	223	227.13	231.64	235.15	237.66	242	245	250.19	254	259	264	270.23	273.74	280	285	289.27	296	301	311.4	316.62	327	343	349.68	359	368.86	377	382	394.39	404.9	417.82	448.76	471.29	509.82	553.7	594.519999999999	668.41	775.940000000001	955.360000000001	1249
UCON44	42	46.26	55.52	57	59	60.15	63	66	68	70	70	74	76	79	80.82	82.45	84	86.42	89	91.97	94	96.23	100	102	104	106	108	111	111	113.54	116	116.53	118.32	120.79	123	125	126.68	128.93	131	133.57	136.4	140	143.46	144.18	147	150	150.98	154	156	158	161	163.39	168	170.39	173	174	175	175	176	178.34	180	181.43	183	185	190.32	192.95	199.58	210.84	217.84	221.47	224	227.73	229.36	230	234	236.25	239.88	241	244.14	249.54	254	258.18	265.66	271.58	276.76	285.65	295.18	303.43	310.44	316.14	324.1	330.66	345.68	352.54	368.88	381.65	438.84	456.21	473.48	511.06	564
UCON89	45	50.64	56.28	59.87	63.16	69.95	77.94	81	81	81.69	83.1	84.17	84.64	86.1	90.8	95.05	95.52	95.99	99.22	102.51	103.8	104.74	105.68	106.62	108.12	110	111.88	113.76	115.8	118.15	120.4	122.28	124.16	126.04	127.92	129.8	131.68	132.78	133.72	134.99	136.4	137.27	137.74	138.21	138.68	139.75	142.1	144.72	148.48	152.06	153	153.94	158.4	163.1	166.28	169.1	171.6	173.95	177.34	181.57	184.2	184.67	185	185	185.64	189.4	193.04	193.98	194.92	195.43	195.9	196.74	197.68	198.31	198.78	200	201.88	204.14	206.96	209	209	209.28	211.16	213.03	214.44	215.85	216.42	216.89	218.08	219.49	221.8	224.62	226	226	226.72	228.6	231.56	237.67	243.24	245.12	247
Chap1_Mam	15	38.83	46	57.41	68.32	70.15	76	78.81	81	83.47	87	89.13	91.96	96.79	103	106.45	109	110.11	113.94	116.77	122	124.43	127	129	130.92	133	135	137.41	139.24	141.07	145.9	147.73	151	152	155	156	157	159	162	165	167.2	170	172	175	176	179	182.18	185	186	189	190	192	194	195.99	200	202	204	205.31	206.14	208	212.8	213	215.46	217.29	221.12	223	224.78	227	229	231	231.1	234.93	237	240	241.42	243	245	248.91	249.74	251.57	253.8	258	259.06	261	264	266	268.38	269.21	272	274	275.7	278	284	286	289.02	292	300.36	313.02	318.34	323.34	334
Helitron1Na_Mam	16	30.75	38.5	42.75	49	57.25	59	60.75	66	67	68.5	71.75	77	81.5	86	89.75	92	94	99	103.75	108	111	113.5	116.5	122	129.25	131.5	134.5	136	141.25	146	151	162	163.25	169.5	171.75	175	177.25	179	179	181	186	187	188.75	190	195.25	197.5	201.5	203	205	211.5	214.5	216	219	219.5	225.25	230	232	236	238	240	243	247	250.5	255	261	262.5	267.75	272	275.5	284	288	295	296.25	299.5	305.5	313	318.75	329.5	337.25	349	364.25	377	394.75	411	421.25	441	460	472	480.75	498.5	506	513	542.75	607.5	621.25	655	688.5	748	844.75	1013
Helitron1Nb_Mam	10	24.58	39	45	46.32	52.8	54.48	57.12	60	60.22	63	64	68	72.54	74.12	76	79.56	82	83.44	85	86.6	89.18	90	92	95.92	97	98.08	102.32	104.24	106	110.4	112.98	114.56	117.42	120	123.3	126	127.46	129.04	134	139	141	143	148.94	150.52	154.2	158.04	162	164.84	167.42	170	171	172.16	174	176	178.9	181.96	186	189.64	190.22	194.4	203.38	209.8	219.86	231	233	238.28	244.86	252.44	261	266	270	272	278.34	282.92	290.5	298.24	308.32	314.24	321.1	328.4	343	378.36	403.28	408.16	414.3	423.76	428.92	452.4	484.1	488.4	548.400000000001	569.6	586	621.840000000001	653.9	703.68	865.32	904.68	965.26	1074
Eutr18	14	26.74	36.44	44.66	52	57.7	60	63.36	68	70.66	73	74	77	78	80.36	82	84	85.58	88	90	93	94.54	96	98.02	99.76	101	103	104.98	106	108	109	111.94	114	117	118	120	121.64	123	125	125	127	129	130	132	134	136	138.04	140	141	142	145	145.74	147.48	149.22	151.96	154	155	158.18	162	164.32	166.4	169	170	173	179	181	183	186.58	191.32	194	196	201.54	204	207	211.28	215.5	220.24	222.98	229	235	239	242	246.68	253	259	264.8	269.64	280.38	286	296	306.8	314	320.08	327.64	344.24	350	358.12	372.12	389.52	432.08	539
X11_DNA	36	39.67	47.68	51	52.68	55.35	60.02	63.69	64.36	65	65	66	67.04	69	71	73	74	78	79	80.73	82	82	83.74	84.82	87.08	88.75	89	92.09	93	94.43	95	95.77	98.88	102	103	104.45	106.12	107.79	109	112	112.8	114	115.14	118.81	121.48	126.3	128.82	130.49	131.16	132.83	134.5	138.17	139.84	141.53	144	144.85	147.52	148.19	150.72	153.06	156.6	162.87	165.54	167.21	168.88	170.55	172.22	174.78	179.68	181	185.5	190	191	197.55	203.06	208.25	215.76	221.18	226.78	232.86	239.6	244	248.94	252.61	254	255.95	279.24	284	292.92	299.63	303.6	307.97	312.92	320.62	336.74	358.65	379.28	387.94	416.98	442.33	448
X23_DNA	35	38.48	42.28	46.92	49	49	49	49.24	51.56	54.32	57.8	62.42	67.64	69.62	71.6	74.5	78.52	83.74	87.2	90.1	93	95.18	95.76	99.74	106.12	108.5	110.4	113.3	115.48	116.64	117.8	118.96	123.48	128.26	133.48	136.9	138.64	140.84	143.32	147.96	151	151	151	151	154.64	158.5	161.4	163	163	163.42	164	164.58	165.48	167.22	169.28	171.6	177.76	184	184	184.66	186.4	187.76	188.92	191.7	194.24	195.4	199.92	208.04	210.44	211.12	214.6	217.18	217.76	218.68	219.84	220.5	221	221	221.24	221.82	224	226.9	233.16	238	238	239.2	241.52	242.92	244.2	247.1	250.2	253.68	256.8	259.7	269.36	286.3	334.44	377.38	413.92	441.64	466
UCON11	29	51.44	73.88	80.32	80.76	81.6	82.92	84.4	86.6	88.8	90.2	91.52	93.12	94.88	97.28	100.8	104.48	109.76	115.04	116.72	117.6	119.92	123.44	126.6	128.8	131	134.08	137.16	138.32	138.76	139.4	140.28	141.64	145.16	148.68	152.2	155.72	160.36	165.64	169.8	172	174.16	175.92	177.68	178.36	178.8	179	179	179.48	181.24	183	187.4	191.8	199.4	208.2	214	216.2	218.56	221.64	224.72	227.8	230.88	234.24	237.76	240.16	240.6	241.08	241.96	242.84	246.96	251.8	254.24	254.68	257.76	267.88	278	280.64	283.28	286.56	290.08	294.4	299.68	307.2	324.8	342.4	346.4	349.04	352.24	355.76	359.28	362.8	367.04	378.48	389.92	392.72	393.6	397.36	403.52	410.76	420.88	431
MER41-int	12	34.09	44.18	60	71.36	78	83.54	90.63	104.72	120.62	129	142.98	153	162.17	182	191	205	214.06	225.62	245.42	260.6	274.89	284	306.07	325	331	353.34	360.43	375.52	385	402.9	418	425.64	449.97	470.12	485.15	504.96	525	532.84	556	584	600.69	619	642.74	662.96	680	698.42	718.46	729	751.41	771	783.59	798	816.54	847.02	882.85	911.12	945.560000000001	984.66	1023.62	1049	1076.92	1106	1128.68	1165.76	1199	1220	1237	1250.72	1307.21	1343.9	1383.39	1413.48	1465.7	1539.66	1586.75	1634.36	1681.86	1730.3	1837	1875.6	1927.16	1989.76	2044.82	2191.44	2276.65	2383.74	2488.83	2604.8	2697.04	2808.3	2942.57	3085.56	3242.14	3458.3	3681.05000000001	3930.64	4519.44	4934.2	5346.83	7288
LTR1F1	51	92.08	96.08	103.06	109	109.2	111	111	111	116.22	148	169	175.32	230.12	246.68	293.6	362.24	369.38	425.44	531.98	621.2	632.42	662.28	674.84	699.48	705	716.52	719	721.12	723.74	725	726.62	727	729	729.68	731	732	733	733.76	734.78	735	736	737.84	738.86	739	740	741.92	742	742.96	743.98	745	746.02	747	747.06	748	748	748	749	749	749.18	750	751	752	752.26	753.28	754.3	755	755	755	755	756	756	756	756.46	757.96	759.5	760	761	761	761.58	762.6	763.62	764	764.66	765	765.7	766	767	767.76	768	769.8	771.64	772	773	773.88	778.6	782.84	795	798.88	854.059999999999	971
X8_LINE	29	29.88	33.44	37.32	38.88	41	41	41	41.76	42.98	44	45	45	46.86	48	48.3	49	50.48	51	52.18	54	55.62	56	57.06	59	61	63.72	64.94	65.16	66	66.6	68	69	70.26	71.48	72.7	73.92	75.14	77.36	79.16	80	81.02	83	84	84	86.7	88.12	89	90.56	91	91	92	97	98	98.88	101.1	103	103.54	107.52	109.98	111.2	113.84	116	118.86	120	120.3	121.52	122	123.96	126.18	127.4	130.62	132	134	135.28	137	141.88	145.94	149	149.38	156	162.64	165.08	168.26	173.96	177.1	187.92	193	195.72	200.16	205.2	210.16	226.2	235.84	239	239.9	242	246	256.28	271.68	291
L2-1_Crp	41	45	49	51	51	51	54.2	57.4	59	59	59	61	63	65	67	69	72.6	76.2	78.4	79.2	80	80	80	80.2	80.6	81	81.8	82.6	83.4	84.2	85	85.8	86.6	87.2	87.6	88	90	92	93.8	95.4	97	97	97	97.6	98.8	100	101.6	103.2	104	104	104	107.2	110.4	112.2	112.6	113	113.4	113.8	114	114	114	115.2	116.4	117	117	117	119.8	122.6	124.2	124.6	125	126.2	127.4	128	128	128	134.8	141.6	149	157	165	176.2	187.4	193.2	193.6	194	197.6	201.2	217	245	273	273.8	274.6	281.6	294.8	308	329.6	351.2	362.4	363.2	364
MER4D0	12	15.98	25.92	30.94	35.92	37	37	38	39	40	41	42.78	44	46	48	50	54.36	61.66	65	66.62	69	73.32	76	80.54	83	94	111	115.38	120.88	133.42	137.4	143.38	151.44	167.38	175.64	182.3	188.56	196	211	221.76	236.8	249.54	259	268.14	275.36	284.2	292.08	303	309.04	317.06	324	331.98	341.84	345	356.76	370.6	390.56	406	416	435.2	459.8	487.26	510.6	520	533.88	558.8	575.72	602.3	614.64	635.34	646.6	670.74	700.64	750.54	768.6	781.5	799.32	812.14	832	835	837	839	843.36	849.34	851	854	857.28	860.26	863	865.66	869.4	873	874.16	877.56	882.12	883.2	887.08	890.06	894.04	901.2	1225
MER30B	34	34	34	34	34	34	34	34.54	40.76	44.92	54.8	59.84	62	64	70.08	73.3	76.04	78	79	79	81	81	81	83	83	83.5	88.32	91.94	95.16	96	96.6	97.82	101	101.78	104.96	108.7	112.92	116.12	126.08	128	128	141.06	148.12	159.92	164.04	167.8	173.24	176	178	178.78	180	181	181	182	182	183	183	183.54	185	185	185	185.42	186	186	187	187	187.52	188	188	189	189	189.62	190	190.06	191	191.5	192	192	192	193	193	193	193	194	194	194	194.92	195.14	196	197.58	198	199	200	200	201.68	202.9	207.72	215	215	215	233
HUERS-P3-int	12	41.44	57.76	85.24	101.8	119.2	143	156.08	168.04	183.92	198.2	224.84	239	249	261.48	284	323.12	360.88	367.76	405.32	426	442.24	479.68	503.68	541.12	554	590.08	609	649.28	669.32	696.6	707.92	723.24	728	745.88	758	776	790.56	805.72	808.32	825	834.04	844.88	856.68	859	870.4	878.44	886.68	887	889.12	900	918.64	934	944.32	965.52	973	995.28	1045.64	1080.48	1107.8	1134	1189.44	1221.4	1287	1303.96	1329.2	1335.48	1371.44	1425.92	1448	1552.6	1632.92	1688.12	1752	1795.84	1864	1978.68	2066.68	2070	2134	2320.6	2585.68	2761.12	2833.04	2892.72	3170.4	3272.28	3560.84	3629.88	4118.24	4425.4	4727.96	4819.2	5021.8	5128.52	5292.8	6070.2	6243.6	7418.36	9120.2	9913
Eutr2B	10	23	23.64	41	44	47	49	50	51	54.88	56	57	58	60	61	62	64	66	67	68	69	70	71.04	74	74.68	77	79	80	81	82.28	83	85.92	89.24	91	92	92	95.04	97	99	101	102	105	107	109.76	111.16	114.8	120	122.04	125.36	127	129	132	133.64	135.96	137	139	142	143	143	144.88	145	146.52	150.68	155.16	157.48	161	162	164.44	168.76	171	174.8	179	181.04	184	185	187	192.96	195.64	199.96	207.56	214.2	227.84	234.48	246.68	256.76	263.4	273	273	279.28	295.32	307.8	318.44	336.44	356.28	406.08	463.400000000001	501.88	655.12	672.6	739.48	1224
HERV35I-int	10	26.6	44	53	56	65	80.4	82	90.2	99.1	107	119.8	123.8	130.7	136	147	151.4	155.9	161.2	171.1	180	184.9	186.8	197.4	207.2	223	232	233.6	242.6	262.1	269	272	277	278.7	283	289.5	308.4	320.6	336.6	348	355	363.9	373	377.7	384	392	408	431	441.4	453.1	460	480.6	507	522.7	531.2	558.5	592.6	608.6	622.6	649.4	670	679.9	692.6	721.7	749.800000000001	777.5	799	829.2	882.800000000001	906.2	949.000000000001	966	1009.8	1053.7	1094.2	1130.5	1175.8	1256.5	1319	1347.4	1401	1427.3	1468	1496.9	1556.8	1612.5	1662	1744.2	1836	1957.8	2016	2225.8	2324	2368.4	2523.6	2676.5	3060.4	3293.9	3617.6	4033.9	6396
LTR37-int	10	23.7	36.4	48	53.8	58	65	67.9	74.6	81.3	85	88	93	98	101	106	110.2	114	118.6	123	129	134	140	143	147	150	155	158.9	162	168.6	173	176.7	180	184.1	188.8	198.5	206	212	214	217	224	231	235	240.1	246	253	261.2	268	274.6	287.3	292	295	300.8	309.2	316.8	329	341.2	351.9	366.2	381.6	397	411.4	429	438	444	455	464.4	471	480	495.3	517	537	553	565	578	593.5	614.6	633.9	659.4	677	689	709.1	737.8	774	793.4	827.5	849.8	884.4	913.2	946.6	995	1036.5	1096.8	1204.3	1287.4	1411	1530.2	1725.4	1956	2349.5	3415
LTR28B	30	56.37	59.48	62.33	71.36	77.7	85.28	105.59	116.72	121.64	136.7	158.68	231.36	314.69	392.7	417.1	427.6	437.58	445.28	486.27	516.6	576.93	614.4	638.04	663	698.75	752.06	776.96	784.6	804.3	817.1	825.88	832.68	837	838.58	840.9	842.96	846.69	848.06	849.86	853.6	854.51	857	858	859	859.65	863.04	866	866	869	869	869.87	870.24	872.61	873	876	877.72	878	878.46	880.83	883	883.57	885.88	888.31	891.04	894.05	895.42	896.79	899	900.53	903.9	905	906	908	909.38	912.25	916	918	919	925.23	926.6	931	934.68	939.13	944.16	948	952.64	957	962.24	967.86	974.6	978.68	983.04	987.41	989	991.45	1001.56	1007.67	1022.08	1037.04	1128
Charlie14a	13	24	33	37	38	43	44.32	49.54	51	51	52	52.42	53	55	56.08	57.3	58	58	59.96	61	61	63	64	65	66	66	67	68	70.16	71	73	74.82	76.04	79.26	82	85	89	94	95	98.16	101	103.02	105.24	108	112	116.9	120	124	125	126.78	134	136	138	139	140	145	146	148.54	151.76	154	155	157	159	163	166.08	168.3	170	172	173.96	177	181	186.1	190.68	199.06	205.28	207.5	209	213	215.32	223	227.8	229	233	243.52	248.96	259.8	264	281.42	290.16	313	328.4	353.04	366.24	386.92	428.32	448	510.28	566.42	595.56	661.619999999999	808
MamRep1894	20	36	47.7	53	56	56.25	58	59	62	63	64	65	66	67	67.9	69	70	71	72	73	73	74	75.7	77	78	79	79	80	80	81	82	83	83	84	85	87	88	89	90	92	92	93	94	96	97	98	99	99.95	100.8	101	102	104	104	105	105	106	106	107	107	108	108	109	109	110	110	111	111	112	112	112	113	114	114	115	115	116	116	116	117	117	117	118	118	118	119	119	119	120	120	121	121	122	123	123	123.9	126	129.2	132	134.6	137.15	148
L1MEg2	17	42.08	55	60	63	66	69	71	74.32	79	81	84	87	89.04	95	99.2	105	109.36	115	117	120.8	125.34	129.88	132.84	135	142	145	147	149	151.66	152.4	156.48	162.28	166.82	167	169.9	172.88	175	178	182.12	188.6	194.14	199.68	205	208.52	214.3	219	225.38	229	241.46	249	254	264	268	273	277.7	283	285	291.32	301	309	315.82	320	327.02	330	335.1	345.28	353	363.16	371.52	381.6	393	398	407.42	414.96	427.5	439.04	449	460	469	478	483.48	496.28	502	512.36	524.8	534	550.88	558	573.06	645.8	676.14	695.04	716.64	780.56	818.9	910.719999999999	985.04	1205.76	1383.2	2367
LTR14	37	74.23	89.38	91	91	92.95	102.74	121.4	150.6	175.24	190.2	193.03	193.76	194.49	199.62	214.95	225.52	233.28	241.36	258.88	307	342.61	361.2	448.8	505.72	535.25	535.98	536.71	537	537.51	539.7	540.63	541.36	542.09	542.82	543	543.28	544	544	544	544	544	544	544	544.12	544.85	545.58	546.31	547	547	547.5	548.23	548.96	549.69	550	550.15	550.88	551.61	552	552	552	552	552	552	552.72	553	553	553	553	553.37	554	554	554	554.29	555	555	555	555	555	555	555	555.13	555.86	556	556	556.15	558.34	559.51	561.92	567.76	568.7	571.58	575	575	575	575.35	576.16	577.62	579.08	705.009999999998	1043
HERVK14C-int	69	69.49	69.98	76.58	83.44	184.8	294.56	340.68	377.92	427.46	479.4	498.97	510.24	516.33	520.74	573.8	646.32	695.08	732.32	750.65	758	785.07	825.74	847.78	854.64	883	932	991.12	1061.68	1115.86	1148.2	1176.55	1198.6	1223.71	1254.58	1279	1288.8	1319.4	1407.6	1480.84	1502.4	1527.2	1566.4	1612.95	1703.6	1793.95	1881.66	1964	1964	1970.36	2282	2593.64	2605.28	2610.67	2969.34	3351.05	3606.92	3848.49	3989.68	4114.14	4192.2	4259.82	4284.88	4297.62	4351.76	4420.85	4442	4442	4475.92	4527.86	4600.2	4685.46	4723.12	4725.08	4727.56	4730.5	4783.36	4888.22	4961.62	4996.41	5097.6	5295.07	5423.78	5434.07	5446.92	5465.05	5512.58	5633.61	5746.6	5834.8	6092.2	7009.48000000001	7839.8	8224.45	8562.48	8566.4	8571	8583.25	8595.46	8606.73	8618
MER66A	29	39	59.76	68.8	79.04	84.6	88.52	95.44	99	101.56	105	109.12	117.32	151.56	165.88	177	191.72	201.64	208.68	218.4	223.8	236.6	241	244.32	252.32	266	278.84	306.84	311.28	316.68	322.6	331.52	334.44	338.36	340.68	346.4	354.24	356.04	360	363.76	368.2	370.72	376	378	378	378	378	379	381.16	386	391	392.92	396.84	397	398	398	399	401.44	403.36	408.28	410.2	412	413.04	415	417	420.8	423.72	425.28	429.56	431	432	435.32	437.24	439	441	441	443	443	443.76	446	447	449	450.44	453	454.28	457.2	463.12	465	466.92	469.88	470	471	472.64	475	475	476.4	479	481	484.48	494.24	596
MamGyp-int	17	49.32	55.66	61.99	67	72.65	76	80	82.64	84	90	92	95	99	102	104.95	112	115.61	121	125	130.6	132.93	135.26	139	141.92	145	150	155.91	161	163.57	167	170	173	179.78	182.22	186	191.88	196.21	202	209	212.2	216.53	219.86	224.19	230.04	235	239.18	246.51	255	261	264.5	269.83	278	281.49	291.46	295	299.96	304.81	310	312	318.4	324.13	329.92	335.79	340.12	352.9	358	366.22	375.88	382.54	394	405.43	411.76	421.09	430.42	442.5	468.16	478	487	499.07	504.4	525.46	546	557.39	582.32	596	606.14	645.55	670	698.37	749.7	794.03	824.96	859.69	877.3	915.35	962.479999999999	1036.11	1167.02	1342.14	2389
MLT1A1-int	10	37.69	52.76	97.83	115.28	144.05	163.9	174.66	192.04	236.07	261.1	319.83	333.52	362.97	384.22	410.95	428.08	436.64	442.14	447.22	464.6	491.98	503.24	520.9	532.52	547.75	567.82	579.05	598.2	607.01	613.9	620.39	649.08	659.36	683.02	697.2	708.28	727.51	746.7	772.43	792	821.58	871.26	893.01	906.24	915.15	937.32	947.29	956	988.08	1006	1028.65	1040.84	1064.57	1088.84	1097.25	1123.84	1153.33	1173.34	1212.27	1262.4	1285.42	1311.86	1338.96	1372.44	1396.8	1429	1461.28	1523.48	1574.92	1629	1652.32	1673.36	1686.37	1724.02	1749.25	1765.48	1804.68	1824	1878.02	1944.2	1949.63	1950	2037.81	2080.84	2116.95	2157.34	2193.04	2223.08	2276.57	2330.4	2368.65	2401.32	2421.95	2439	2461.75	2474.12	2511.48	2545.16	2573.01	2896
LTR46-int	11	67.7	112.18	139.27	164.28	199.95	271.14	303.79	315.8	328.4	353	390.8	411.8	426.9	433.2	442.65	453.84	468.33	477.38	481.79	483.2	485.38	489.16	490.98	501.72	552.75	576.8	583.16	593.24	612.5	644	655.36	663.72	674.43	681.78	687.25	690.4	713.08	755.92	760.57	764.4	775.11	779.38	792.34	871.72	917.15	935.42	953.69	965.48	966.74	977.5	988	988	993.07	1001.04	1002.3	1015.32	1043.04	1068.06	1111.33	1205.2	1244.89	1259.98	1280.77	1357.56	1488.6	1580.2	1645.72	1665.88	1699.67	1740.2	1791.86	1900.04	2050.61	2150.96	2213.5	2219.8	2314.84	2419.42	2484.31	2666	2912.27	3106.94	3575.66000000001	4365.67999999999	5060	5592.26	5754.17	5809.6	5818.14	5819.4	5907.78	6075.36	6505.49	7003.80000000001	7596	7773.48	7821.36	7869.24	7913.05	7954
L1M2a	12	18.64	32.76	37.64	43.52	47.4	51.28	56.16	71.04	73.92	76	82	85.56	92.2	101.32	109.8	125.24	134	140.84	161.92	172.6	179	183.36	190.24	198.12	204	207.88	218.04	231.28	237.04	247	258.28	270.16	286.04	291.92	300.2	317.04	329	340	350.6	359.4	370	376.92	388	399.44	409.2	416.96	434.16	457.96	488.36	507	533.88	550.76	558.64	568.08	580.8	603.28	611.16	627.36	654.76	684.8	706	726.56	745.76	776.32	799.8	822.56	843.92	870	909	931.8	953	1006.44	1055.36	1107.36	1159	1223.52	1263	1319.64	1386.56	1448.8	1527.4	1575.48	1677.52	1750.24	1929.2	2022.92	2126.72	2210.96	2308.44	2381	2460.56	2558.56	2679.16	2830.04	3055.8	3193.8	3582.84	4046.4	5357.2	6274
MER4-int	10	20.61	28.66	41	46	49	50	52	54	56	60	62.71	68	72	77	83	92	104.37	116.96	133.77	149.2	159.81	173.42	184.03	197	209.25	217	228.47	243	251	268	280	302.52	321	340	353.35	371.96	393.42	417.18	437	456.8	475	494	506	520	545.35	559.3	578	598.28	621.89	641	655	680.16	693.33	721	746.55	769.32	794	824.76	844	872.6	903.84	936.64	952.86	984	1005.95	1031.52	1060.74	1089	1110.63	1136	1172.93	1205	1262.59	1331.56	1365.5	1427.36	1477.97	1515.58	1545	1624.8	1670.41	1725.04	1784.3	1877.44	1963.7	2040.38	2110.07	2216.04	2311.29	2439.9	2567.57	2722.84	2826	2899.02	3069.95	3238.56	3443.68	3601.24	3985	6309
L1P4e	36	44	57.04	67.74	72.44	78.25	80	81.53	85	90.11	105.9	108.23	115.32	120.09	122.16	131.9	140	154.81	157.48	164	166.2	185.78	200	202.17	220.84	229.25	235.06	257.88	270.96	301.76	312	321.66	335.84	348.38	352.1	356	361.96	375.51	395.36	404.05	416.6	425.65	430.72	444.97	453.44	470.95	480.58	508	510.56	525.27	543.5	557.01	570.72	572	572	572	577.4	615.2	635.94	656.83	663	682	711.14	727.95	739.52	756.95	769.32	790.17	801.52	838.970000000001	904.4	922.33	964.68	984.56	1028	1051.5	1084.08	1107.22	1131.98	1186.16	1223.6	1246.95	1335.94	1388.33	1400.96	1513	1542.4	1545	1570.52	1618.62	1685.9	1740.15	1781.4	1842.88	1931.1	1983.35	2072	2385.34	2654.78	3203.22	3974
Charlie9	11	34.83	40	46.49	49	52	54	56	58	59	60.3	62	62	64	65	66	66.28	68	69	69	70	71	72	74	75	76	77	78.41	80	82	82.9	84	85	85	87	88	89	90	91	92	93.2	94.0300000000001	97	99	101	103	105	105.01	107	108	109.5	111	113.16	114	116.82	119	120	121	123	124	125	126	128	131.29	134	137	138	144	147.44	148	148	148	151	154	156	160	170.08	173.91	187	189	196	203.46	210.06	212.89	214	216	217	229	248	272.74	301.8	389	491	498	608.02	794.55	804.440000000001	830	837.68	892.380000000001	2605
LTR26D	14	14.95	31.9	38.55	44.4	48.75	55.9	62	68.2	77.1	86.5	95.25	101.2	104.35	108.3	119.5	122	125.2	132.6	138	139	142	142.9	155.05	157	157	164	173.6	185	195.95	205.5	208	208.4	210	210	210.5	213.4	219.75	224.3	228.05	233	250.6	257.5	278.15	285	287	297.7	312.3	336	345.25	363.5	393.9	396.8	420	462.6	470.5	487	501.9	512.3	517	518	523.9	525.8	527.85	529.8	532.75	534	535.65	547	559.75	568.5	572	574.4	575.35	578	581	582.6	585.3	587	588.05	589	592.95	594	594.85	596.6	598	599.7	600.65	601.6	602	603	603.45	605.4	607.4	611.3	615.25	616	617.45	622	662.8	770
LTR107_Mam	18	28.44	37.44	47	54.64	58	59.32	64.08	66	68	70	72.42	75.64	77	80	82	85.04	86.74	89.92	91	92	93.62	95	98	100	101	102	104	106	107	110	112	118	119.52	125	126	128	130.14	133.36	134.58	137.8	141	145	150	154.68	156.9	161.12	163	164	165.78	168	172.22	175	178.66	183	185	187	188.54	194.28	197.96	202.2	211.1	219.64	224	227.08	231.2	237.52	242	250	253.18	258	266.62	269.84	278.06	290.68	304.5	312.6	316.94	323.16	326.38	342.6	344	349	358.78	367.48	376.8	381	384.28	390.72	396.74	409.2	428	434.24	455.3	474.68	487.4	496.12	502.38	521.12	533.68	572
X4b_DNA	13	33	40.92	47	53.76	58.8	61.88	65	68	70	72	74	76	78	79	81	82	83.66	85	87	88	90	91	92.54	94	95	97	99	101.44	103	104.4	106	107	109	111	113	115	116	118	120	121	123	125	125.14	128	129.1	132	134	135.04	137	138	140.98	143	146.94	148	149.9	152	153.86	156	158	160	161	162	166	171	172	175.68	177	178.64	182.62	185.6	187	191	193	196	200	203.48	208.46	213	220.26	225	233.14	239.36	246	248	256	265.28	274	282.48	290.44	306	314.54	327	327	349.96	368	386	416.36	470.32	518.14	640
UCON21	73	73.81	74.62	75.43	76.16	76.7	77.24	77.78	79.28	81.44	83.6	85.76	86.48	87.02	87.56	88.05	88.32	88.59	88.86	89.13	89.4	89.67	89.94	90.21	90.48	90.75	91.12	92.74	94.36	95.98	97.1	97.37	97.64	97.91	98.18	98.45	98.72	98.99	102.12	105.36	108.6	111.21	112.02	112.83	113.64	115.35	117.78	120.21	122.64	123.23	123.5	123.77	124.2	125.55	126.9	128.25	130.32	133.29	136.26	139.23	141	142.35	143.7	145.03	145.84	146.65	147.46	148.81	151.24	153.67	156.1	157.85	159.2	160.55	161.9	165	168.24	171.48	174.12	174.66	175.2	175.74	177.26	179.69	182.12	184.55	188.96	193.82	198.68	203.15	204.5	205.85	207.2	208	208	208	208	212.94	219.96	226.98	234
Tigger20a	13	34.55	46	50.65	55.2	60	62	66.85	69	72	77	79	81	84.3	88	91	94	97.35	100	103	104	107	110.1	113	115	117.75	119.3	122	124	127.95	132	134	137	141.15	144	146	147	151	153	156.45	160	163	165	167	169.2	173.75	177	179	182	183	186.5	188	192.6	196	197.7	202	204	207.35	211	213	215	219.55	224	229	234	235.75	240.3	245	251	255.95	262	269	273	276.15	281.7	287	291	299	306	314.35	324	333	342.2	348	356.2	362	373.3	382	394.4	408.95	420.5	432.1	449.6	467.75	502.9	548	581.4	678.7	723.199999999999	819.45	936
MLT1A-int	15	37.16	50.64	60.74	63.8	74.85	82.74	88.12	95	111.11	118	137.52	143	154.62	181.66	207.8	219.4	234.29	258.44	314.03	333	352.72	376.38	396.17	411.88	425.5	431.54	443.65	452.24	465.82	475	482.45	495.28	500.28	513.86	528.05	542.76	550.46	558.04	566.62	572.2	581.73	596.9	613.94	617.52	636.3	648.68	656.52	667.6	683.71	693.5	709.87	721.08	746.18	755	764.35	770	777.06	788.28	795.22	803.8	822	828.94	842.31	852.56	857.75	889.24	903	922.92	939.02	953.1	966.18	972	982.01	995.14	1012.25	1021.08	1031	1058.86	1074.23	1089.4	1109.87	1128.82	1189.84	1221.36	1250.15	1267.76	1305.92	1461.04	1520.93	1636.4	1662.78	1689.68	1727.99	1834.48	1918.7	2077.04	2150.97	2159	2232.21	2582
Eulor1	48	48.85	50.4	53.75	57.2	60.75	66	66	68.4	72.25	74.5	76.4	79.2	80.1	81.8	82.75	83.6	84	84	84.15	85	86.7	87.7	89.1	91.2	93.5	95	95	97.4	99.3	101	102	102.2	103.05	103.9	107	114	118.45	119.3	120.45	123	124.7	126.4	129.2	131	131.25	132	132	133.6	134	134.5	135.7	137	137.1	138.8	140.5	142.2	143.9	145.3	146.45	149	149.85	150.7	153.2	156.2	158.75	162.7	177.15	185.2	190.9	193	193	195	203.55	212.9	216.25	217.6	220.7	224.9	227.15	228	229.7	232.8	234.55	235.8	238.5	243.1	243.95	244	244.65	246	247.7	249.4	252.25	273.5	286.5	291.2	297.4	306.7	319.3	355
LTR7C	25	62.56	91.04	102.22	204	225.8	306.32	329.56	337.96	361.72	373	382.54	391.44	396.26	398	404.6	407	408.34	409.72	412.14	415.4	417	418	419	419.48	420	421.04	423	424	424.58	426	426.62	427.64	428	428	428	428	428.74	429	429.78	430	430.82	431.84	432	432.88	434	434	435	435	435.98	436	436.02	437	437	438	438.1	439	439	439	439.18	440	440	441	441	441	441.3	442	442	442.36	444.38	446.4	449.52	456.2	460.92	464	464	465	465	465	465	466.6	467	467	467	467	467.7	468	468	468	469	469	470	470	470	470.88	471	472	474.88	485.72	486	1708
MER73	10	19.44	26.44	43.44	46.92	55.4	57.88	61.18	72.2	79.64	99.2	110.28	115.76	121.1	129.36	145.5	155.52	159.16	164.32	171.18	178.4	185	187.84	202.02	210.08	214.5	215	215	215	225.46	240	243.76	247	251.84	255.48	260.8	266.28	276.14	283.36	315.02	322	325.34	333.4	346.92	353.56	356.6	362.12	372.56	385.08	396	410	429.44	444.48	456	461.92	483.5	492	497.18	499.92	505.66	516.4	533.68	555.28	559.86	561.36	568	575	576.58	582.32	584	584.8	587	590.28	591	594	595	598.72	605.94	609.44	611.92	614	616.82	618	619.42	622	622	625	626.38	629	630.86	635	636	642.08	650.82	652	659.9	675.36	718.279999999999	793.16	838	892
L1PBa	10	20.32	37	47	58.64	67	75	84	96.56	108.94	118.6	131	141.92	151	161.24	179.9	185.56	189	192	193	195	195	196	198	201	215.5	230.16	249	267.92	290.14	314	332.38	364	387.78	407	425	450	473.84	490.08	511	532	542.06	571	592	623.16	648.7	689.08	719	741.04	768.02	792	821.3	850.559999999999	889.96	924.92	969	1000.92	1027	1062	1097.76	1133.6	1167.26	1204.92	1242.48	1280.2	1320.9	1356.12	1400.98	1449.76	1508.24	1556	1586.72	1607	1622	1643.52	1685.5	1745.32	1817.28	1867.96	1921.14	1978.2	2061.38	2143.12	2220.02	2274.88	2348.5	2420.76	2532.26	2597.24	2681.18	2783.2	2867.18	3016	3155	3373.32	3622.1	3911.36	4078.72	4469.96	5005.72	6269
LTR06	22	33.64	35.88	43.28	49.28	53.4	56.46	57.79	60.28	63.92	71.3	79.36	84.56	86.61	89.9	95.3	99.56	101.98	103.46	104.86	106.4	107	107.34	109.24	113.4	117.75	120.44	122.19	123	123	123	123.14	125	125.04	128.92	129.95	130.92	133.67	134	134.83	143	148.08	173.42	201.88	212.04	239.65	262.06	276.44	291.4	300.65	304	306.41	311.52	318.05	342.66	381.15	389.56	397.61	405.56	410.69	413.8	417.68	421.7	426.22	428.4	433	433.08	436.96	440.84	442.86	443.9	445.74	446.84	447.81	450.34	451.75	452	452.69	453.66	454	454.6	455.57	456.54	458.53	460.96	462.45	463	463.78	465.36	466	466.9	469.27	470.48	472.21	473	473.3	475.72	481.63	488.72	500.57	519
LTR1E	37	44.81	55.34	84.31	115.12	182.8	219.3	248.04	271.84	337.16	400.2	441.82	482.04	520.24	531.4	562.9	591.48	609.93	622.74	645.07	675	696.19	717.46	723.15	727.76	731.75	736.06	741.61	744.68	746	748.3	750.22	752	752	753	754.35	755.48	759.97	762.78	763	763.4	766	767	767	769.64	770.45	771.26	773	773.88	774.69	776	777	778	779	780	782	783	784	785.98	787	788.6	790	792	792.03	793	793	793.46	794	794.08	796	797	798	798	799.13	802	803	804	804.37	807	809.99	812.8	813.61	816.26	819	820.04	823	824.66	826.47	828	828	828.9	840.55	844.04	846	847	849.9	859	866.85	870.38	876	932
LTR48	13	35.8	53	58	63	70.5	77.4	84	89.2	91	94	105.9	112.8	118	119	123	134.8	144	147.4	154	159	167	172.8	178	183.6	190	196	203.3	216.4	223	230	236.8	243	255.7	270.2	277.5	296.4	302	305	311.3	324	333.9	339	350	358.2	374.5	388.2	402.3	411.6	422	429	431	431	439.1	450	459.5	478.8	485.3	494.2	510	518	523.9	527.8	534.7	540.6	546.5	556.4	558.6	570	578.1	585	593	601.2	611	617.6	626	633.8	638	643.6	650.1	659	665.9	671	673	679	685.5	692.4	698.3	703	708	711	715.9	722.8	726	730.6	734	738.8	746.6	754	763.7	977
X2a_DNA	34	39.22	43	44.33	47	48	48	49	50	50	51	52	53	54	55.54	57	59	61	61	62.09	63	64	65	65	66	67	68	70	71	73	74	75	76	77	78	79.85	80.96	81.07	82	83	84.4	86	87	87.73	88	89.95	92.06	94	95.28	97	97	98	99	99.83	101.94	104	106	107	108	109.49	113.2	115	116.82	117	119	121.15	123	126.74	129.48	130.59	132	133.81	138	139	139	139.25	141	142.47	144	145	148	149	150	151.13	153.24	156	157	158	158.68	160	161	162	164.24	167.23	169	171.45	173	175	178.78	183.78	204
hAT-N1_Mam	17	28.38	33.52	42.14	47.04	52.7	62.28	66.98	69.04	73.42	76.6	78.36	82.12	83	87	88	91.08	92	93	94	96.8	99	100.36	103.48	106.12	108.5	109.88	112	120.48	125.04	127	128.78	129	131.62	138.92	139	141.68	149	154	155	156.2	160.16	162	164	166	167	169	170	173.48	175.62	185	186	186.76	191.28	194.52	196.9	198	202.32	205	205	206	208.18	209.56	211.94	213	214.4	217	217.46	218	219	223.2	225	226.36	228.48	231	232.5	234	236.26	239.92	241.02	243.4	244.78	245	248.54	249	251.9	259.04	263.06	266.44	268	270.2	274.48	281.96	287.68	290.72	292.1	299.36	305	311.2	316.62	326
MLT1E3-int	63	66.84	98.96	167.44	176	176	176	202.4	231	231	231	231	231	231	231	231	231	231	231	233.08	241.4	276.12	317.16	318.44	319	319	319	319	319	319	319.6	321.52	322.48	323.36	325.28	333.2	350.6	456.2	514.44	525.32	539.2	556.16	577.92	601.76	621.6	628	631.76	634.72	640.48	657.4	683	704.76	722.04	733.56	740.6	748.8	760.96	764.48	766.56	774.88	778.4	779.04	779.68	799.2	837.6	876.6	928.84	1003.08	1025.84	1034	1034	1036.2	1039	1039	1042.6	1049	1058.6	1064.28	1064.92	1103.08	1134.2	1138.04	1150.52	1164.8	1174.4	1188.8	1212.12	1326.04	1398.68	1430.04	1483.6	1541.04	1602.48	1640	1664	1664	1694.36	1741.56	1810.04	1986.16	2246
PABL_A	17	53.19	63.46	74.38	79.92	82.65	84	86.11	90	92.14	97.3	104.33	137.8	148.94	158.54	176.9	182.04	186.41	191.12	204.74	216.6	223	226	228.79	230.52	244	264.94	279.71	303.88	311	320.9	349.08	376.08	394.09	411.56	422.55	431.28	444.03	460.96	482.29	544	547.93	552.32	563	566.12	574.25	578.58	583.62	594.04	604.77	606	609	609	612	614	617.3	621	624	626	627.07	629	630	631	632	634.72	636	637.18	640	643.64	646	647	647.83	649	649.29	650	651	651	652	652	653	654	655	655	655	656	656.05	657	657	658	658	659	659	659.16	660	661	663	663.08	665	666.54	671.27	712
LTR28C	28	64.33	69.22	74.33	75	81.65	85.64	93.85	117.36	163.83	191.9	212.63	219.88	231	238.4	259.85	274.88	294.61	327.62	361.88	392.6	435.34	461.24	501	542.76	601.75	611.44	617.97	626.08	629.19	637.2	650.87	666.04	672.63	676.48	684.7	689.96	717.21	737.78	778.87	801.2	814.51	861.44	877.38	886.88	889.95	903.12	919.85	935.84	939	943.5	945.22	954.04	958.83	962.94	967.1	982.32	985.27	989.76	991.98	993.6	996.42	1003.82	1010	1011.16	1017.75	1022.26	1028.22	1034.44	1039.59	1040	1043	1045.84	1052.06	1056	1057.25	1059	1059	1059	1059	1061.8	1063.91	1070	1076.13	1078.72	1082	1083.46	1085.14	1087	1092.16	1097.9	1099.02	1102	1104	1104	1108	1110.24	1116	1120	1133.79	1645
MLT1K-int	38	57.58	61.64	64	71.28	77.1	80.64	84.58	86.04	88.46	89.4	95	95.56	100.22	101.48	104.1	109	109.98	113.84	115	116.8	120.48	123.68	126.86	129	130	133	135.14	141.32	142.52	145.2	150.14	152.08	154	155.92	157	161.36	162	166	167	169.6	172.7	176	177.42	182.44	186.9	196.24	197.18	200	201.06	206	210.76	212.88	216.82	220	223.4	229.64	231.16	235	239.38	242.8	250.7	266.84	276.1	288.16	292.3	312.04	320.84	324.76	340.74	359.2	368.4	373	379.62	393.2	410.5	421.64	431.8	453.2	465.68	488	522.28	528.88	561.04	572.6	601.3	613.04	625.12	630.88	645.22	678.6	694.54	704.36	724.82	763.84	787.7	861.2	913.44	923.84	960.84	1010
MER57-int	11	33.36	48.72	54	67.44	79	90	93.04	103.76	109	109	114	124	131.36	140	149.4	173.28	189	205.44	212	224	240.68	253	276	295.2	307	312	326.72	336.08	348	353.4	374.12	404.56	427.88	448.24	463.6	480.88	497.32	513.36	529	532.4	549.52	562.48	584	623.84	643.2	668.24	703.76	734.28	755	772	778.36	805.72	828.4	866.76	904.2	919.96	941.04	962.64	1010.68	1035.8	1064.96	1087.64	1102	1124	1167	1211.76	1251.24	1291.4	1341.12	1351.2	1375.24	1412.6	1467	1543.48	1607	1651.44	1750	1790.08	1849.88	1925.8	2001.16	2059.88	2125.88	2235.68	2290	2378.88	2498.48	2568.68	2689	2783.6	2835.28	2922.68	3095.32	3259.72	3506.8	3937.92	4289.48	4616.28	5459.4	7657
LTR47A2	33	37.6	42.6	53.2	58	58	58.4	59	59	61	62	68.4	75.6	77.2	79.6	87	87	87	97	100	103	105	106	113	115.2	118	127.4	145.4	158.4	166.8	182	186	189	201.4	212.2	230	233.4	242.8	249.4	253	256	258	264.6	269.4	277.2	292	302	310.8	311	311	320	329.8	335.4	338.2	342.2	344	351.6	358.6	361.4	372	381	387	389.6	394	396	397	399.4	401.8	405.4	408	409	410	410.8	412	415	415	416.4	417	418.4	421.2	423	423.4	424.8	425	425	426	426.4	427.8	428	428.6	430	431.4	437.8	441.4	443.6	449	453.4	464.6	475.4	483.4	692
UCON38	22	45	49.12	51.18	57.2	64	66	67.42	68	69.54	70.6	73	74.44	76.56	77.84	78.9	79	81	82.08	84.42	88	90.26	92.32	95.76	99	100	101	103.24	105	106.74	108	109	110.92	114	116.08	118.2	120	122	123.4	127	128	128	129	129	129.64	130.7	133.76	136.64	139	140.94	143	144	144	145.18	146	148	149.36	151	152.96	154	156.2	157.66	161.72	165.12	166	167	167.96	172.04	175	179	179.4	182.52	185.64	188.38	192.44	198.5	202.12	206	207.68	208.74	211.6	214	217.84	221.98	228.04	231.2	236	236.22	239.28	241.68	243.4	246	247.56	249.58	251.64	263	269	274.74	286.88	314.22	340
Arthur2	13	41.88	50	56	60.52	67	70.28	75.16	77.04	80	84	86	90	93	94.32	97	99	100	103	105.72	108	110	112.36	114	116	119	121	124.76	128	130	131	133.28	136	139	142.92	147.8	151	154.56	156	160	164.2	166	170	173.84	176	182	184	185	188	190	192	197	201.76	208	211	217.4	223.28	231	234	237	242.6	246	250	259	264.32	268	273	278	281	290.72	303	311	316.36	323.24	332.12	339	345	349	356	361	368	378.56	393.16	402	407.92	423	429.68	436	450.88	469.32	482.2	499	516.88	539.52	573.36	636.2	687.4	742.36	887.88	1022.16	2497
Tigger21a	17	25.4	46.96	54.08	56.72	58.6	61.48	69.28	72	74.84	81	82.48	91.32	97.2	99.56	103	108.76	112	115.48	117.92	124.4	126.56	129.92	132.56	135.6	139	141.36	147.36	148.04	149	150.4	153.08	155.52	163.88	167	167.8	168	170.32	173.68	177.04	178.2	181.64	184.12	186	192.44	196.8	202	207.76	211.92	217.32	218	221.68	225.52	234.16	238.72	242.8	244	246.28	251.2	255.24	260.2	271.76	280.8	289.2	299.52	303	311.88	324.24	329.96	337.6	352	354.68	360.92	369.56	374.64	381	387	389.52	395.16	402.6	409.6	412.16	419.32	428.16	439	440.6	454.92	458.32	465.04	469.56	475.2	485.28	496.48	509.24	526.56	536.6	562.12	566.92	589.32	598.96	610
Eutr5	34	46.93	51	56	58	61.65	63.16	66.51	70	73	74	77	79.16	81.18	85	88.9	91	91.81	94	97	98.6	100.53	103	104	106	110	113	115	116	119.88	122.9	125	129	131	133.62	136.55	139	140	141.02	144.27	146.2	150	150.06	151.99	152.92	154.85	156	160.71	163	165	171	173.43	174.36	180	182.22	184	185.24	191	193.88	197.87	199.6	205.73	212	216.77	221	225.45	227	228.93	233.24	236.17	239.1	245	246.96	249.89	257.28	266.75	269.36	275.61	277	279	284	289.33	292	294.95	304.48	312.3	327.94	336	338.84	352.62	374	404.93	421.24	442.29	462.1	488.9	527.039999999999	611.47	651.14	742.43	975
MER50-int	30	37	55.48	67.76	81	100.1	107	113.18	123.92	130.32	133.4	136.84	148.52	169.24	175.36	187.2	209.72	233.16	242.6	251.18	265	334.7	371.4	387.02	408.36	417	432.68	452.8	457	486.84	514.2	524.82	532.4	554	559.44	577.9	628.96	643.76	658.24	686.72	691.8	703.34	734.16	744.64	750	777	816.12	846.78	874.04	903.78	922	947.44	973.96	995.08	1019.84	1043.5	1076.44	1092.26	1160.16	1195.96	1238.6	1278.4	1338.8	1376.96	1450.72	1467.3	1518.84	1542.96	1589.84	1643.38	1708	1778.02	1809.72	1866	1903.88	1926	1944	1986	2021.44	2054.48	2150	2247.56	2275.32	2366.14	2440.04	2501.2	2544.92	2718.04	2838.36	3129.24	3333.6	3620.04	3757	4133.1	4348.52	5054	5583.83999999999	6430.86	6713.64	7007.8	7399
X4a_DNA	19	50.78	51	55.34	57.48	63.7	65	66.46	68	72	72.8	74.74	76	77.28	79	80.7	85	87	88.04	89	90	93.14	95.16	96	98.44	101	103.28	105	105.84	106.62	111	113	113.96	115.74	117	117.6	120.08	121	122	123.42	124	125.96	127.76	129.08	132	133	133.88	136.66	139.44	142	142	146.34	148.56	150.02	155	159.5	161.68	163.46	164.24	167.06	170.8	175	179	179.42	182	183	183.96	187.26	190.04	191.82	192.6	194.38	195.16	197.88	199	200	201.56	207.06	210.52	213.48	215.4	222.18	226.84	229.48	233	235.5	241.48	247	251.28	256	257.2	263.88	267.76	272.7	283.96	293.4	300.52	303.66	313.32	323.64	353
PABL_B-int	11	34.66	44.44	56	59.44	70.55	74	81.85	87.88	89.99	91.3	97.42	103.64	115	116	117.65	120.52	127.74	141.82	156	161.4	171.93	177	180.53	192.04	199.5	214.3	218.94	228.64	243.95	250.3	254.05	258.04	267.89	289.84	298.55	307.64	311.19	332.26	338.87	350.8	361.61	382.62	390	395.52	401.85	414	414.85	422.52	440.68	448.5	453.83	475.24	491.79	519.7	548.3	563.160000000001	609.08	636.28	664.49	691.6	704.26	729.46	760.83	809.32	824.5	836.04	851.81	864.36	917.36	929.9	936.86	975.92	1056.48	1076.7	1129	1199.12	1255.03	1430.48	1527.97	1561.4	1650.52	1677.1	1687.21	1726.12	1817.9	1964.06	2035.69	2095.36	2227.27	2379.5	2530	2562.96	2657.92	2759.26	2876.25	3055.68	3728.66999999999	5558.08	7731.74999999998	8416
Charlie30b	28	41	48	50.39	54.04	58	61.78	64.91	69.04	72	74	76	78.56	82	84	86.95	88	91	92.34	93	94.6	96	97.86	99.99	101	101.25	103.38	105.51	108	109	111	114	115.16	117	120	122.55	124	126.81	128.94	130	132.2	135	137	138	139	140	141.98	145.11	149	150.37	153	155.63	156	158.89	162	163.15	168	171	174	176	179	183	186.06	189	191	194	197	200.42	204.84	206.97	209	212.23	216	217.49	219	223	226.76	232	236.14	241	243	247.06	254.32	263.58	272.92	280.15	294.36	300.31	306	314	326.9	339.49	349.96	370.36	393.66	400	410	444.27	497.4	537.7	838
Charlie10b	10	30.88	35.44	41.16	44.76	48.6	53.64	57.08	60.76	64.96	69.4	74.92	78.64	80.36	81.08	85.6	89	89	90	95.04	98	100.12	102.84	104.56	107.28	109	110.72	111.44	113.16	114.88	116.6	117.64	121.08	124	127	129.2	131	132.64	134	136	136	140.52	146.48	148.96	151	151.8	155	156.68	161.56	163.28	166	169.72	172	173.16	175.88	178.6	180.32	183	185.52	189.96	192.2	194	196.28	197.36	199	199.8	202.52	203	207	210.04	215	216	217	218	219	220	223.44	224	225	226.76	228	228	229	229	229	230	231	232.64	233	233.08	234.8	237.04	239	241	243	245	246	247	252.12	254.96	270
hAT-5_Mam	10	33.06	44.12	49	53.12	58.15	61	62	65	68	71	73	75.36	78.39	81.42	84.45	86	87	89	92	94	96	97	99.69	101	104	105	107	108.84	112	113	115	116.96	119	121	123	126	128.11	130.14	132.17	134.4	137	138	140	142	146	150	153	154.44	157	160	162	165.56	167.59	172	174	176.68	179	185	188	190	196	199	201.89	204.84	206.95	212.98	216	220.04	224	228	233	238	241	243	250	257	263	270	277.37	285.4	292	298.92	306	311.52	320	330.74	339.61	356	364	382.7	397.73	411.76	429.58	451.46	483.25	542.04	642.19	702.459999999999	728.88	967
MER66D	22	38.2	43.16	45.24	48.16	50	51.24	53.28	55	55	57.4	60	62.96	67.56	70.56	73.4	76.64	77.68	80	84.28	86.6	88.84	89	90.92	95.88	101	101.08	103.32	108	109	109	118.72	121	124.64	131.36	149.2	164.56	201.48	204	206.68	217	226.48	240.2	282.04	299.8	328.4	347.24	351.64	353.92	358.92	369	378.12	390.48	403.84	414.48	419	422.48	426.52	444.28	447.36	449.4	453.44	456.48	457	460.24	463	463.64	471	473.72	475.76	478.4	483.84	484.88	487.92	499.96	504	505	505.08	507.84	515	516	519.48	522	523.6	529.08	532.4	539.64	545.44	548.52	552.56	559.4	565.48	569.68	578.92	587.76	598.8	609.88	628.44	634.6	655.76	691
LTR87	11	26	39.38	49.69	59.92	63	67.38	72.61	76	82.14	90.3	91	97.8	102	106	107	110	112.91	115	117.74	122	125	132.06	140.29	143	143.75	147.98	151.42	158.44	161.67	168.9	171	180	187	196.64	206.05	209	213.02	218.74	233.94	238	244.43	247.66	254.67	262.12	273.7	283	286.81	292.08	304.27	311.5	320.92	326	337.38	350.84	362.95	376.88	381.11	394.34	398.57	405.4	412.09	418	427.47	438.44	450.95	455.36	468	473.64	480.87	489.1	493.33	498	499.79	501.04	507.25	510.48	513.71	520.88	526	529	532.63	538.86	543	546.64	552.55	555.78	560	563	565.94	573.1	577.93	581	582.39	585.62	590.7	597	607	607.54	622	1165
HERV1_LTRd	70	78.97	87.94	96.91	105.88	114.85	123.82	132.79	139.8	142.4	145	147.6	150.2	152.8	155.4	158	185.8	229.35	272.9	316.45	360	403.55	447.1	490.65	495.08	496.25	497.42	498.59	499.76	500.93	502.1	503.03	503.16	503.29	503.42	503.55	503.68	503.81	503.94	504.63	505.8	506.97	508.14	509.31	510.48	511.65	512.82	514.1	515.4	516.7	518	519.3	520.6	521.9	523	523	523	523	523	523	523	523	523.18	523.57	523.96	524.35	524.74	525.13	525.52	525.91	526.2	526.46	526.72	526.98	527.24	527.5	527.76	528.02	528.28	528.54	528.8	529.06	529.32	529.58	529.84	530.05	530.18	530.31	530.44	530.57	530.7	530.83	530.96	531.18	531.44	531.7	531.96	532.22	532.48	532.74	533
Tigger3	10	23.46	30.92	40	46	49	52	56	60.68	64.14	68	72.06	79	83	87.44	92	96	101	104	108	114	118	125.12	130	134	138	141	146	150.88	157	162.8	169	172	179	186.28	194	200	205	208	214	221	225	233	244	247.24	253	257.16	263	268.08	271	274	279	281	286.38	292.84	300.3	311.76	322	339.36	354.14	376.6	386.06	402.04	412.98	431	439	447.36	456	463	468	479.2	485.66	497	508	514	531.5	546.92	567.42	577.88	590.34	607.6	624.78	646	657	672.28	694.3	712	718.08	731	748.94	786.2	821.440000000001	853.6	879.12	982.2	1120.4	1237.96	1726	1867.36	2622.26	3356
LTR80B	10	43.08	54.08	63.24	67.16	71	74.72	78	81	83	84	86	87.48	89	91	94.6	97	99.68	104.72	107	111	116	119	124.92	134	140	149	156	160	162.32	166.4	174.96	187.84	196	198	203.8	205.44	211.96	224.56	231.12	237.8	244.28	253.08	261	264.76	267	272	283.64	286	294	300	311	319	331.12	338.8	351.4	362	370	375.96	383.36	386.8	393	399.48	411	414.56	421.6	425	430.68	437.44	444.76	454.8	457.84	461.88	469.68	476	485	486	488.24	497.24	502.32	507	510.72	516.84	519	520	524	526.44	528	535	544	547.2	551	556	558	558	563	566	568	576	582.92	599
MLT1E2-int	38	60.43	75.72	93.56	101.2	109.25	111.78	146.58	166.48	181.4	202.5	213.43	226.88	243.21	257.48	271.4	304.8	328.7	392.16	410.35	419.6	425.46	437.18	458.8	461	461	461.76	465.55	469.92	482.55	493.2	502.27	516.28	544	549.04	575.25	592.36	593.81	594.94	632.42	639.4	645.99	657.2	668.59	671.16	674.55	682.84	692.43	705.92	713.11	721	728.26	739.64	743	757.14	764.75	794.76	867.56	877.54	878.67	916.6	929.72	939.16	973	979.72	999.4	1009.48	1014.84	1019.36	1020	1039	1039.23	1055.12	1083.96	1107.7	1121.75	1132.56	1146.04	1150.7	1164.18	1189	1201.19	1302.42	1352.95	1356.76	1379.35	1407.16	1433.12	1477.36	1491.42	1510.8	1553.69	1590.76	1654.23	1711.3	1765.5	1876.64	2068.69	2334.34	2429.14	2606
MLT1B-int	11	34	52.4	69.71	75	77	83.42	91	109	120.65	140.4	162.27	182.84	204.23	223.98	244.55	251	261	271.6	287	304.8	324.73	339.94	352.77	363	378.75	397.82	408.39	411.96	427.59	450.5	459.67	472.72	479	490.76	496.85	504	508.27	513	517.46	524.8	529.37	533.94	544.53	554.08	561	564.88	579.58	592.08	611.72	624.5	638.07	653.64	656.63	678.24	686.05	693.92	705.47	712.06	718.89	737.4	754.77	761	767.55	781.48	788.45	803	816.76	830.52	843.33	854.5	865.47	878.28	892.61	910	918.25	946.96	963.45	977.14	1000.12	1013.2	1032.74	1060	1079.41	1136.2	1159.45	1175.08	1239.88	1287.92	1334.49	1390.4	1466	1520.96	1605.5	1693.16	1823.15	1962	2088.16	2122.46	2147.59	2362
Eutr16	13	31.76	45.14	52.71	60	64.95	68.14	71	73.52	79.71	83.9	86	87	90	93	96	100	103.23	105	110	112	113.99	117	118	120	124.75	126	130.13	132.32	136	138	139	141.08	145	148.46	151.3	155.84	158	166	170	174	175.79	180.98	183.17	185.72	189.1	194.74	195	197	202	204.5	209	211	213	213	216.45	219	224	228.02	232	236.8	242.59	244.78	246.97	252	256	263.16	267.73	272	278.55	288	293.94	308.04	315	323.24	334.5	345	356.26	360.82	367.01	378.2	392.17	400.58	410.54	424	431.15	437.36	456.12	463.72	478.82	487.6	508.87	515.48	537.67	546.72	551.05	560.2	575.15	608.02	645.67	776
Zaphod5b	35	35.73	39.22	45.47	54.96	56.65	59.28	63.77	68.88	70.57	71.6	73.21	78.32	82.45	85.22	85.95	88.04	89.41	90	90	91.2	93.65	97.06	97.79	100.08	102.25	102.98	103	105.2	109.53	116.1	117	120.96	128.45	132.1	133.55	134	134.04	136.96	139.41	141.2	141.93	143.32	145.17	147	147	148.74	150	150.04	150.77	152.5	154.92	157.84	160.07	162.26	164	164	165.83	167	167.21	169.4	171.59	174.82	179.93	182.88	188.05	193.72	196.64	199.56	201.37	202.2	203.66	206.8	209	209.16	215	217.48	218.21	218.94	219.67	220.8	222.13	222.86	223	226.2	233.05	233.78	234.51	235.24	235.97	240.2	243.72	246.8	250.45	253.48	272.15	304.16	305.62	309.78	339.73	412
MER57E1	12	19	28.84	37	41	43	49.52	54.72	70	78.92	84.2	90.56	97.56	102	108	116.2	122	123.32	126.28	132.48	138.6	144.16	150.36	154	158.12	168	173.92	181.92	189.88	196	202.4	215.76	219	227.04	234.28	242.6	253.68	267.56	272.96	278.44	280.4	288.72	293	296.28	299.72	305.2	309.16	312.12	315	316.04	317	319	320	321.88	324	324	326	327	328.68	330	330.6	332.56	333.52	335.48	337	338	340	342	344	344.24	346	347	348	349	350	352	354	355	357	359	360	360	362	363	364	365	365.56	368.52	370	370	372	375	377	379.84	384	386.4	390.32	398	411.08	417.48	476
UCON33	32	45	45	50.76	56.28	57.6	59.84	60	63.36	67.76	68.6	72.56	77.36	78	78.48	80.6	85	88.08	92.76	94.08	95	95.72	96.12	99.72	101.68	103	107.64	110.92	112	114.56	116	117.84	122.24	123.56	124.88	130.2	133.6	143.56	148.16	149	152.2	153.12	154	154.76	157	159	163.44	167.04	168	171.4	173	176.6	181.92	185.88	188.4	192.6	193.92	195.24	196	197.76	199.2	200	202.52	203.16	204.48	206.6	211.24	213.88	217.28	223.4	228.4	231.88	234.04	235.36	237.36	245	246	248.56	254.8	258.84	262.8	269.52	272.44	277	277	278.4	281.56	285.52	293	295.88	300.6	302.24	304.88	306	308.08	309	311.16	313.32	321.72	326.4	328
MER41C	13	34.1	41.1	45	56.2	64.25	73.3	78	89.4	94.45	100	101.55	103	108	113	117.5	120	120.85	122.9	125	130	135	142	146.15	148	163.25	173	176.35	185.4	196	199	201.55	208	212.95	216	224.5	228	234	239.9	241.95	252	256.05	261	266	274	284.25	293	303	305.4	316	326.5	337.1	346.2	356.65	382	397	414	414	419	425.95	455	470.05	496	504	505	509	512	513	514	515	516	517.55	518	519	519.7	521	523	524	526.9	528.95	531	532	533	534	535	535.25	537	538	539	540	540	542.55	548.6	553.3	558.4	565	567.8	573	587.9	603.7	749
EUTREP7	14	28.92	43.44	49.22	55.96	61.4	65.44	68.18	71	72.66	74.4	76.14	78.88	80.62	83.36	86.1	89.68	92.74	96.64	101.12	103	104	106	107.02	111.76	112.5	113.24	118.98	119	122.46	127	132.94	134	135.42	136.16	137	138.64	142.76	146.12	148.72	151	154.34	156.08	161.64	164.12	166.3	171.04	174	177.56	182.26	184	189.22	192.96	197.22	201	204	211.32	214.36	221.6	224.66	228	229.14	232	246	253.72	260	262.84	269.16	274.64	282.12	288.8	295.54	307.28	310.04	318.28	327.5	333.48	337.98	339.72	343.46	344.4	348.88	350	355.26	358.16	359.9	361	362	366	366.86	371.6	375	376.16	379.82	382.68	386	390.16	398	404.04	409.78	424
L1M2b	20	34.14	42.14	46.57	53.08	57.9	60.14	62	66.64	71.42	76.8	84.36	89.28	95.76	106.32	117.25	123.12	128.46	134	141.49	157.2	160.99	168.98	182	193.36	223.5	239.76	257.52	266.32	269.51	279.8	321.03	335.24	362.89	386.22	398.85	403.68	421.09	428.32	443.15	460.6	463	481.78	492.61	522.8	528.55	557.92	565.79	582.36	600.48	611	622.45	626.88	635.07	638.26	648.15	664	669.15	676.08	684.26	691	718.36	752.02	758.91	760.32	764.05	770.54	783.11	838.56	876.65	893.3	922.76	956.24	1005.54	1066.08	1113	1131.12	1166	1166	1167.03	1178.6	1188.46	1208.48	1223.31	1239	1271.25	1306.76	1427.36	1444.6	1518.06	1644.9	1809.67	1867.88	1929.75	1974.22	1998.35	2036.12	2140	2207.54	2693.66	3253
UCON37	40	57.92	60.46	66.19	67	67.65	68.76	71.11	74.52	76	79	79.03	80	89.49	90.44	93.9	95	96	97.14	98.87	100	100.33	103.06	104	104.52	105.25	106.98	107	109	109.17	111.8	113	115.36	116.09	117.82	120.55	122.28	123.01	124.74	126	127	129.79	131	132.39	134.12	135	136.58	137.62	139.04	142.31	144	146	146.96	150.69	153	155	155	156.61	158	158.07	159.8	166.65	171.26	172	173.72	174	176.18	177.91	178.64	180.74	182	182	184.68	187.58	190	192.25	193	196.21	197	199	202.4	205.13	206.86	208.59	210.32	214.05	215.78	217	219	222.88	223	224.86	229.48	234.67	241.62	243.35	249.16	251.81	254.7	264.16	275
LTR10F	13	44	56.52	70.56	76.12	83.6	89.8	112.44	131.08	151.4	184	219.08	281.6	324.64	375	401.4	410	412.84	418.04	427.88	436.2	439.96	440	440	442	444	444.76	446	446	448	451.8	457.24	461.96	465.08	466	467.2	469.36	470.12	471	472	472	473	473	474	475	475	475.96	477	477.96	479	481	481.76	487.04	489.28	490.04	491.8	492	493	494.08	495.84	497	497.36	498	498.88	499	500	500.16	501	501.68	503	503	503	505	505.48	507.24	508	514.04	519.64	525.28	527	527	528.56	529	530	531	533	534	536.12	544.16	547.64	551	555.32	568.12	575	575	576.6	601.56	629.559999999999	672.360000000001	740.640000000001	1531
MamRTE2	56	57.44	58.88	62.08	65.44	66.8	67.76	70.16	73.04	76.88	81.2	83.56	84.52	85.24	85.72	86.2	86.68	87.16	87.64	89.32	94.6	99.32	101.24	103.32	107.16	111	111.48	111.96	112	112	113.2	114.64	115	115	115.96	117.4	118	118	118.48	119.44	120.6	122.04	124.28	128.12	131.24	132.2	133.08	133.56	134.08	135.04	136	136.48	136.96	142.72	148.96	152.4	155.28	158.16	161.04	162	162	162.28	162.76	163	163	164.8	169.12	174.4	181.6	187.48	189.4	191.4	193.8	196.04	196.52	197	197.96	198.92	200.32	201.76	202.4	202.88	206.96	212.24	214.32	214.8	219.2	226.4	232.4	237.2	242.2	247.48	265.88	310.52	351.8	383	414.44	447.08	489.24	636.119999999999	783
MSTD-int	11	36.86	94.72	124.74	160.8	203	234.4	269.02	292.76	310.48	329.6	366.38	382.96	401.54	421	430	441.32	459.24	474.92	485.68	502.4	513	522.92	535.9	560.12	580.5	593.08	614.22	621.32	635.82	645.8	655.66	666.56	684.76	700.24	709	733.92	743.82	755	784.7	793.2	804.26	822.12	832.96	846.84	868.7	902.24	921.84	932.56	945.56	971	991.86	1013.44	1029.58	1049	1071.6	1097	1119.04	1134.88	1161.18	1195.8	1223.84	1255.28	1286.08	1321.44	1359.7	1388.84	1408.62	1448.84	1500.34	1531.2	1564.06	1589.28	1639.8	1658.64	1678.5	1736.72	1770.66	1819.24	1853	1877.8	1938.8	1984.12	2003.14	2033.72	2062.5	2164.96	2212.82	2274.76	2312.62	2330.4	2363.52	2378.12	2403.96	2415.84	2432.5	2450	2462.26	2478.28	2516.26	2694
Looper	10	17.3	21.2	29.7	36	38.5	43	46.2	50.4	52.7	57	59	62.2	65.9	69.2	76	77	81.1	85.4	92.7	96	98	100	105.9	109.6	116.5	119	124.1	128	132.7	138	143	145.6	148	150.2	152	154.8	158	160	161.7	164	167.3	170.2	175.9	178.2	184	188	192	196.4	203.7	213	223.3	229.6	239.7	247.2	256.5	266	281.1	291.8	296.7	302	313.2	319.6	326.8	340.6	350.5	358.8	365.1	379.4	388.7	402	407.9	420	436.9	443.2	465.5	481.4	493.4	513	523.4	537	553.6	571.8	603.2	625.2	637.5	680	719.1	735.8	764.8	821	876.5	901	923.2	940.400000000001	1010.5	1156	1235.8	1392.6	1478.2	1558
LTR22B2	31	31	31	31.68	33.24	34.8	35.34	35.73	36.48	38.04	39.6	41.16	42.72	44.56	47.68	50.8	53.44	55.78	58.06	59.23	60.4	64.8	72.6	80.4	82.44	84	85.98	88.71	91.44	106.57	124.9	142.51	157.72	172.93	186.58	199.45	211.2	213.15	215.1	229.02	253.2	277.38	292.82	308.03	317	317	317	320.3	324.2	332.17	350.5	368.83	393.04	419.56	445.66	469.45	493.24	509.9	521.6	533.42	549.8	566.18	575.36	576.14	576.92	577.7	578.48	579.13	579.52	579.91	580.6	581.38	582	582	582	582.5	583.28	584.03	584.42	584.81	585.4	586.18	586.96	589.59	592.32	594.15	594.54	594.93	595.32	595.71	596	596	596	597.89	600.62	603	603	603	606.08	611.54	617
Eulor12	48	49.18	51.26	55.39	57.72	58.9	59	59	59	59.93	61.7	62.98	64.08	64.67	65.26	65.85	66.88	68	68	68.42	69.6	71.95	74.9	78.42	81.32	82.5	83.68	84.86	85	85.11	85.7	86.58	87.76	89.88	92.24	94.6	96	96	96.42	97.04	99.4	101.19	101.78	103.11	104.88	105	105.14	105.73	106	106	107.5	109.63	113.76	116	116	116.45	117.04	117.63	118	118	119.2	120.97	121	121.85	124.8	127.05	128.82	129.53	130.24	131.42	132	132	132.48	133.14	134.32	135	135	135	135.02	135.61	136.4	137.58	138	138	139.12	140.3	141.48	142.66	143.84	144.51	145	145	145.28	145.87	147.38	149.05	149.64	150.69	152.46	165.71	184
LTR6A	27	28	28	28	28	28.85	29	29	29	29	29	29	29	29	29	29	31.88	43.12	96.12	110.68	183.800000000001	311.71	454.56	510.91	512	513.5	515.42	516	517.76	518.93	519	520	520	521	521.78	522	523	523.29	525	525.63	526.8	528	528.56	534.31	537.48	542	542	543.99	547	548	548.5	549	549	550	551	551	551	552	554	556	556.2	558	559.54	560	561	561	561.22	562	562	562	562	563	563	568.05	577.32	594.5	602	605.09	606	607.86	632.6	640.54	641	642	642.28	643	644	644.79	645	646	646	646	647	647	647	647.15	648	648.49	649	649.83	657
LTR66	19	33.62	39	42.58	45	48	50.44	53.34	54	55.58	57	57.82	58	59	59	60	60	61	61	61	62.4	63	63	64	64	65	65	65.74	67	67	67.6	69.22	70.84	72	76	78	79	79.94	82	83.18	85	87.42	94	97.3	105.28	106.9	123.56	129.98	153.88	165.38	169	183.24	186.92	194	210.48	239.8	255.88	267.34	271.88	282.58	305.6	375.78	399.12	416.18	450.48	471.6	501.32	536.32	545.32	549.56	561.8	570.02	571	571	572.76	574	578	579	581	583	585.6	587	590.84	595	596.16	603.5	608	609.88	618.56	621.18	633.6	647.26	653	656.32	664.56	676.6	685.04	696.68	719.84	760.94	988
MamGypLTR3	17	39.74	48	52	53.96	58.7	61	63.18	68.92	70.66	73	75.14	79	80	82.36	85	87	89	91	93	95	99	101	102.02	104	106	109.24	110	111	114.46	117	118.94	122.36	126.42	129	129.9	130.64	132	133	135.86	138.6	143.34	147.08	149	150.56	155.3	163	164.78	166.52	169.26	174	177	180	183	186	190.4	194.44	200	203	208	213.4	216.14	223	226.24	229	235.1	237	241.58	244.32	250	252	256.54	259.28	266	270.76	275	279.24	283	288	296.46	303.2	316.94	333.76	350	357.8	375.7	391.64	401.38	414.6	447.02	468.8	486	498.16	527.46	561.8	596.2	633	638	665.04	719.2	789
MLT1F1-int	37	46.45	54.2	65.2	75.4	99.5	109.8	131.35	140.2	148.75	172.5	192.45	204.6	209.55	216.3	233.5	251.8	265.4	278.8	288.2	305	320.8	326.6	341	348.2	352.5	356.1	360.9	367.8	412.25	427	456.95	476.4	501.85	514.3	530.5	552	565.1	573	582	584	590.15	610.2	618.45	629.4	641	641	649.05	667.6	679.05	690	702.85	705.4	717.05	728.5	736.5	748	757.1	798.1	820.3	825	827	827.9	846.35	862.2	869.25	881.6	898.35	906	910	934.5	968.5	1002.4	1024.3	1078.6	1101.25	1147	1185.95	1213.1	1235.1	1270	1307	1331.7	1336.2	1348	1368.75	1390.9	1415.05	1441.6	1586.05	1655.5	1734.45	1764.2	1795.05	1804.8	1860.25	1957.4	2074.85	2180.3	2210.5	2236
X2b_DNA	10	15.04	16.68	29	34.72	36	39.04	40	41.72	43	43.4	44.24	45.08	46.92	47	47	49	50	50	50.96	52	53	54	54	55	56	56	56	56.52	57	58	58.04	59.88	61.44	62.56	63	64	64.08	65.92	66.76	67	68.44	70	70.12	71	71	71.64	72	74	74	76	76	76	77	77.36	78.2	80	80	81.44	83.56	84.4	85.72	88.24	91	92.76	94	94.88	97.84	100.24	103.92	113.6	119.28	121.96	124.32	125.32	128	137.04	141.04	143.52	144.72	150.2	153.04	154.88	158.16	159	159.4	160.24	161.08	162	163.52	165	166.88	169	169.12	170.96	171	174.92	178.48	181.32	182.96	196
MER51C	34	45.71	47	47	50.12	53.85	58.42	59.99	82.24	105.04	119	124	124.84	126.82	132.9	135.75	145.24	154.59	178.78	186.81	191	197.88	205.62	209.32	220	227	230.82	231.39	239.68	257.59	277	286.38	343.68	371.68	378	380.85	383	385.27	396.58	405.15	414.6	429.66	450.4	465.61	488.8	509.05	520.22	522.58	526.36	529.79	537.5	540.42	547.28	552.42	561.8	564.35	568.68	569.49	570.12	573.26	574.2	575.77	577.36	581.82	586	587.1	591.48	594	597.8	604.32	607.9	608.47	611	611	615.72	620.5	621.32	622.89	625.46	626.03	627.6	628.17	629.74	632.31	633.88	634.45	635.02	636.59	639.16	640	641.6	643	645.32	650.03	662.28	678.35	698.96	715.16	722.3	754.43	786
LTR35A	35	36.42	40.36	45.26	46.68	47	47.52	48.94	57.84	62.78	64	64	64.52	65.69	67.82	74.5	81.96	89.21	91.34	94.45	102	119.75	123.86	125	125.12	127.25	129.84	134.89	146.96	149	149.3	150.22	165.84	195.65	232.18	258.45	298.72	326.54	327.96	332.83	338.2	343.33	345.46	353.42	360.72	362.85	384.12	398.33	404.48	408.74	412	414.84	417.68	433.75	444.36	447	447	450.76	456.08	460.34	471.2	479.86	484.12	488.38	494.84	502.95	512.18	514	515.12	517.96	521.5	523.41	524.36	526.49	528.62	531.25	534.8	535	535	535.81	542.2	544.51	545.44	546.86	547.64	548.35	549.24	552.08	553.96	556.71	563.1	568.27	571	571.18	575.44	580.15	586.88	599.66	611.28	620.9	628
MER97b	10	10.72	17.4	33.04	51.64	60	64.32	67.08	70.52	74	76.8	80.92	89.64	91	98.08	99.8	101	104	104	106.36	111	112.24	114	115.56	120.68	131	132	136.88	139	145.16	147.6	149.64	163.12	166	170.96	179.2	180	180.64	181	184.08	185.8	188.52	191.48	193	195.36	198.6	202.36	205.84	206.56	216.12	221	229.6	232.32	236.32	242.4	248.8	254.92	267.44	280.28	285.4	296.6	319.28	342.92	352.8	361.56	371.2	383	385	386.92	389.72	415.6	477.12	493.12	522.56	528	531	543.52	549.88	591.16	595.52	605	643.32	649	664.2	676.36	691.8	699	705.76	732.76	756.84	792.4	798.6	815.08	852	896.08	923.4	939.8	963.92	990.28	1027.52	1135
Eulor9A	30	33.88	39.2	42.66	44.76	52	52.32	54.08	55.76	56	58	62.42	63.64	64	68.16	70.9	73.52	74.74	75	77.18	78	78	78.84	82	82.28	83.5	84	84.94	86.32	88	88	88	88.04	89.26	90	90.7	91	91.14	92	93.16	94.8	96	96.24	97	97	97.9	98.12	99	99.56	100.78	102	105	105.88	108.32	109	113	113.64	115.54	117.52	118.98	119.2	120.42	122.28	123	123.24	127.5	134.12	141.44	143	145.18	147.6	150.62	152.68	157.36	163.56	165.5	168.88	173.76	175.92	186	188.4	191.64	195	196.56	201.48	202.7	209.44	215.84	221.36	226.06	231.4	237.12	243.96	247.92	253.08	266.7	278.36	281.34	285.36	290.34	295
MLT1J2-int	12	25.92	46.68	61.76	74.04	86.6	95.08	99.44	113.72	129.36	149.4	156	164	167	174.52	185	195.6	212.64	218.68	227	238.6	246	250.24	256.64	277.4	287	292	301.04	310.52	319	334	349	357.76	369.08	389	404.6	420.12	439.32	460	479.64	488.8	493.16	506	516	518.96	526	547	559.96	568	577	597	603.84	612.68	623	645.72	653.6	661.04	666.44	682.08	699	711.2	719.6	734.04	743.96	757.64	765.6	775.72	787.92	792.56	813.4	827.8	840.32	861.24	882.48	893.32	912	935.52	955.24	976.04	993.68	1006.4	1026	1033.44	1050.44	1058.84	1108.2	1134.48	1176.16	1202.44	1220.64	1262.8	1296.72	1322.28	1371.52	1449.28	1535.6	1601.16	1687.48	1739.56	1879.12	2127
MER34D	10	19	27.08	34.14	45.44	52.8	55.04	57.76	60.72	73	74	76	78.08	83.68	88.52	98.2	101.88	103.78	107.24	112.46	115	121	126	129.64	135.12	143.5	147	155.18	165.08	185.72	190.8	199.16	217.84	222	226.56	228	240	257.48	264.6	267.52	293.4	304	315.28	320.24	323.92	331.6	338.48	351.96	362.16	375.3	388	402.52	433.72	444.02	457.08	461.7	465.12	468.76	480.48	485.42	498.2	509.96	515.48	523.52	529	534.2	540.44	544.78	546	547	547.8	550.28	552.48	554.82	557.16	559	559.84	562	564	565.86	566.2	567	568	570	570	572	572	573	573	574.26	575	576	577	577	578.96	581	581.64	583.98	590.52	604.94	640
MER51-int	12	26.3	44.3	48.99	56	60.65	65.96	68.31	80	87.82	93.6	96.63	100.96	104	109	114.95	123	137.83	155.94	166.27	175.6	178	191.56	213.49	232.84	240.75	256.54	276.82	287.96	299	304.9	317.38	341.36	356.23	366.22	373	379.88	396.15	414.32	455.09	460.2	475	482.58	491.19	510.68	520.55	534.18	544.53	569.72	576.68	604	628.66	647.8	661.49	677	692.45	702.88	722.62	758.68	775.94	795.6	825.08	844.38	877.96	899.84	938.35	1006.7	1038.44	1081.6	1121.31	1165.8	1208.29	1273.08	1328.15	1373.3	1433	1463.32	1508.15	1548.48	1570.14	1601.2	1636.46	1698.18	1744.11	1854.84	1936.35	2026.88	2105.62	2145.04	2287.78	2369.4	2419.38	2513.4	2697.82	2995.94	3111.45	3438.76	3775.35	4350.92	4692.52	7481
MER65C	11	28.26	41	45	49	52.3	59.12	63	78	84.36	104.8	106.86	107	112.76	123	131	138.16	143	147	152	155.2	158.46	159	165.98	176.96	197.5	201	208.04	217.56	234	247	261.06	268	277.58	284.84	292.3	296.36	298.62	308	312	314.8	322.32	327.84	332.18	335	338.7	343.96	350	361.88	377.22	388	393.26	399.52	404	407.04	409	411	415	420	423.34	426	428	430	431.38	433.64	435.9	436.16	438	439	440.94	441.2	443	444	444	445	446	447	448	448	449.54	450	451	452	452	454	455	455	456	457	457	457	458	459.92	460.18	462	463.7	467	471.44	477.96	491.18	678
UCON55	24	41.12	47.06	49.09	52	53	55.18	56	57	58	60	62	64.36	65	67.42	68	69	71	72	74	76	77	78	79	80	80	82	82.81	84	85	86	87	88	89	90	91	92	92.11	95	96	97	99	100	101	101.32	102	103	103.41	104	105.47	106	108	108.56	109.59	110.62	111	112	114	115	116	116	117	118.86	120	121	122	122	124	124.04	126.07	128.1	129.13	131.16	132	133	134.25	136	137.31	139.34	142	144.4	146	148	150	151	152	155.16	157	159	161.67	166	168.73	172.76	173	174	175	180	182.91	185.94	188.97	195
LTR12B	33	60.44	80.52	91.26	105.08	109.8	153.4	198.4	221.32	228.08	246.2	248.74	264.64	274.1	277.76	283.1	292.36	307.68	325.56	338.84	342.6	354.42	362.28	369.64	372.64	376	377.68	382.26	389.04	390	392.6	398.78	406.4	408.22	410.12	411.9	415.24	417.74	422.68	424.26	426.2	427.94	428	428.62	429	430.3	431.64	432	434.32	435.66	438	441.34	443.36	444.04	446.36	448.4	449	449.38	452.88	455.06	456.8	459.48	460	460	462.28	463.1	464	464.78	470.56	483.38	485.8	490.38	508.36	516.92	521.96	527	528.68	530.72	535.04	536	543.6	551.08	552.88	554	555.12	556.9	559.24	560.58	561.92	566.6	575.2	580.7	601.28	621.86	647.96	661.6	684.64	687.94	11309.4799999999	69120.2399999998	124694
MamTip3B	15	40	46	50.69	54.92	58.15	62	63.61	66	69	71	72.53	75	76	78	80	82	83	85	87	88	90	92	94.29	97	98	99	100	103	104.67	107	107.13	110	112	114	115	116	118	119	120.97	122	124	125	127	128	130	131	131.81	134	136	138	139	140	141	143	144.65	145.88	147	148.34	150	152	156	156.26	159	161	163	165	170	172	176	178	181	184	188	193.04	200	204	206.71	213	216.17	220	229	242.72	249	263	276.55	287.78	310.01	317.96	351.41	373	385.370000000001	405.48	412	432.44	450.55	470.08	543.48	591	610.54	672
MER57D	14	18.45	35.9	42.7	48	53.5	60.1	70	72	77	81	83.9	87.4	94.55	100.6	107.25	112	113	117.2	126.55	134	139.45	148.9	154.1	162	166	169	176.3	188.2	206.05	212.5	216.9	224	230.85	238.6	254.25	264.8	274	278.2	288.1	295	302	305.7	309.7	317	320.5	323	326.15	331.6	335.05	339.5	343.95	347.4	351.85	354	357.5	359.2	362.65	365	366	367	371	371.9	373	373.8	375	375	377	377	380	382	384	386	387	389.3	390	391	393	394	394	395	396	397	398	399	399.25	400	402.15	403.6	405	405	405.95	407.4	410	412.9	421.75	431.4	436.65	438.1	443.2	508
LTR38	15	45	52.52	58.28	72.28	77.9	81.14	85.65	93.68	104.55	110.9	124.18	129.56	135.88	139.66	148.8	158.2	163	166.84	171.22	174.8	177.99	182.36	185	204.84	230.5	252.22	256.78	266.28	275.04	283.5	314.89	319.24	325.97	341.76	347.6	355.68	364.15	374	374.41	382.6	388.74	397.96	401.85	408.36	415.4	420	428.79	434.12	438.55	446	456.21	462.88	465.28	484.78	487.45	492.2	499.66	511.02	512.42	515	518	522.78	524	526.16	528.35	529.54	530.73	532	534.11	535.3	537	537	537	537	538	539	540	541	542	543	543	543.58	544	545	546	546.34	547	549	549.91	550.1	552.29	554.48	555.67	556	558	558.24	559.43	576.82	606.86	659
LTR35	17	19.48	35.06	36.18	38.6	43.3	45	46.89	54.24	55.27	57.8	62.33	70.2	85.73	90	90	90	92.55	96.62	103.7	109.8	111	114.96	118.38	121.16	125.75	136.36	147.91	150.84	157.09	159.8	162.79	163.96	169.94	177.02	178.05	180.52	198.77	206.4	215.51	221.4	239.83	256.26	257.29	258.96	264.5	273.28	278.23	281.76	289.64	296.5	308.13	318.56	322.54	329.96	346	353.68	360.39	367.44	402.11	416.8	442.9	448	449.78	460.12	465.75	466.98	468.47	515.36	524.7	534.8	542.52	546.96	552.76	557.1	561.25	566.2	578.86	583.34	585.48	589.2	592.29	595.38	597.49	599.56	601.55	602.58	603.61	604.64	605	605.7	608.19	609	609	612.28	613.85	614	614	623.4	632.73	648
MER50B	11	39.63	61	71.56	77	90.15	94.78	96.82	99	101	108.3	112.93	115.56	118.19	132	147.8	162	167	173	178.97	181.6	193	207.72	217	221.36	233	236.38	240.05	250	257.27	270.5	285.18	305.32	324.58	359.1	380.05	399.2	413.93	425	435.71	451.2	462.66	472.84	485	497.16	509.35	519	527.61	540.72	556.74	577	596.26	609.76	619.17	637.02	642	644	646.91	650.54	654	655.8	658.43	661	663	665	665	667.58	669.21	671	672.47	673	674	677	678	679	680	681	683	684	685	687	688	689	690	691	692	695	697	697.44	700	703	704	706	713	719	726.7	734	736.33	742	775.33	994
LTR1D	34	54.62	84.64	109.35	144.32	206.3	228.72	239	303.84	338.75	359.6	383.95	412.76	453.16	487.62	514.5	534.12	576	584.7	626.08	691.2	753.72	763	776.54	787	800	808.74	821.41	830.2	835.14	838	839.73	843.12	846.39	848.22	852	853	857.13	866	869.74	879.2	882.12	887.86	891.69	893	898.7	903	904	905	905	906.5	909.33	912.48	915.99	917	920.65	926.44	930.62	932.28	934.97	937	937.63	939	942.29	944	944.95	945	947	947.44	948	949	950	951	951.59	952	953.25	955.08	957	958	959	960	961	962.06	963.89	965	965.55	967	969	970	970	973	974	975.36	977	978.02	979.85	980	984.51	993.04	1012.87	1053
MSTA1-int	122	123.44	124.88	126.32	127.76	163	205	247	289	305.88	310.2	314.52	318.84	334.32	360.96	387.6	414.24	432.24	432.96	433.68	434.4	440	470	500	530	560	564.56	569.12	573.68	578.24	582.8	587.36	591.92	596.48	610.96	630.4	649.84	669.28	681.16	685.48	689.8	694.12	698.12	701.48	704.84	708.2	714.12	732.84	751.56	770.28	789	792.36	795.72	799.08	802.44	816.2	832.04	847.88	863.72	887.4	915	942.6	970.2	1017.24	1083.72	1150.2	1216.68	1299.8	1416.2	1532.6	1649	1746.8	1751.6	1756.4	1761.2	1766	1852.64	1939.28	2025.92	2112.56	2199.4	2286.28	2373.16	2460.04	2489.16	2489.4	2489.64	2489.88	2492.28	2496.84	2501.4	2505.96	2523.64	2567.56	2611.48	2655.4	2692.16	2693.12	2694.08	2695.04	2696
L1MDb	13	25.4	42.8	48.1	57.8	66	69.2	72	76.6	84.3	93	100	104.4	111.1	117.6	120	120	124.9	129.6	133.9	141	141	146.4	152.2	156	158	161.2	169	173.6	177.3	184	187.7	196.8	207	214.8	220	229	235	242	253	259	262.7	271	282.1	286	295.5	299	299	301.6	308	313	323.4	332	338.1	347	360	370.4	379.9	394.6	399.3	405	417.7	425.4	431.1	438.8	447	466	474	478.6	486.6	498	508.1	520	544.1	559.4	574.5	582.2	593.8	616.2	635.3	654	668	694.4	725.2	744.4	778.5	819.8	855.8	893.6	966.600000000001	1014	1059.7	1100.4	1149	1215.4	1272	1403.6	1488.9	1617.4	1835.4	4009
UCON7	39	45.04	49.56	54.9	57	57	57.56	58.82	59.08	60.34	62.8	66.58	67.36	70.76	73.92	77.7	78.16	79.84	81.68	82.94	83.2	85.38	87.72	88.98	90.24	91	92.52	93.02	94	94.54	95	95.06	96.32	97	97	100.1	101.36	102	102.88	104.14	105.4	106	106	106.18	107	107.7	108.96	109.22	110	110.74	112	114	114.52	116.56	119.04	120.3	121.56	125.28	127.56	134.34	136.8	138.86	145.12	146.76	150.56	153.8	160.64	165.68	168	168.94	174.2	179	179	182.92	184	186	188.76	192	194.52	203.16	205	211.18	214.32	215	215.84	217	219.16	224.24	234.68	238.54	249.2	252.98	265.04	269.36	277.6	286	292.72	296.54	307.28	335.94	368
MLT1G-int	34	58.56	63.56	69.6	72.12	77.6	80.84	89.32	99.4	122.32	137.6	150.2	155	181.92	186.96	203.2	219.72	232.56	253.68	270.48	281.8	293	293.4	300.16	305.68	316	349	379.68	402.4	425.88	443.2	458.92	476.28	500.2	512.04	549.6	571.44	592.2	600.28	604.92	615.4	620	622.64	631.04	639.48	645.2	646	650.48	657.44	661.16	676	688.2	744.2	769.72	775.56	789.6	801.68	805.92	810.36	819.08	822.4	833.32	841.68	851.16	872.48	903.6	921.24	967.92	978.84	990.64	998	1013.28	1024.08	1050.92	1079.36	1087	1111.28	1123.12	1129.68	1167.36	1182.6	1219.44	1249.96	1265.16	1306.04	1333.8	1354.96	1378	1391.56	1429.36	1444	1551.08	1610.28	1649.48	1685.04	1790.2	1886.68	1936.6	2047	2196	2343
LTR31	10	43	46.78	52.17	56.56	61.75	71.38	87.65	99.24	103.02	113.9	118.58	123.04	125	132.52	146.25	156.2	174.45	190.08	196.64	212.2	220.33	228	236.79	250.36	252.75	277.68	291.12	307.12	322.62	332	347.54	353.96	362.74	366.9	381.95	386.16	429.04	448.82	450.63	455	460.95	464.9	471	473.48	480	483.94	485.66	488	488.33	492.5	494.89	497.28	498.67	500.18	503	504.84	506	506.62	509.01	511.6	514.79	518	518.57	522.88	524.35	528.74	529	530.56	533	537.6	541.07	544.08	545.94	551.3	556	556	561.03	562.84	567	569	573.59	576.94	580.37	582.76	584	585	587.79	591.32	594.13	598.1	600	603	604.27	605.66	606.05	609.88	612.66	613.44	620.22	643
L1M3c	11	22.69	39.38	47.07	53	58.45	66	74.83	78	85.21	88.9	94.59	103.28	112.97	122.66	127.7	134	139	143.42	147.11	149.8	158.49	166.18	174	180	190.75	200	211.15	219.32	226.03	233	244	253	257	270.46	278.15	284.84	290	296.66	310.91	321.6	332	338.98	345	355	363.05	372	381.86	394.12	399.81	407	416	420.88	430	437.26	442.95	455	462	475	494.42	507.4	523	534	549	564.48	587.55	598.08	609	620.92	631	646.6	657	673.68	682.37	694.06	709.75	725	737.65	757	773.51	798.2	832.450000000001	883.64	909.35	945.84	981	1029.34	1097.09	1162	1194.23	1250.1	1304.37	1408.8	1468.53	1526	1711	1823.4	1982.51	2372.16	2700.2	5746
HERVK22-int	51	66.85	101.1	128.65	136	136	138.8	152.6	156.6	169.3	185	189.45	247.2	318.4	325.5	355.25	363.4	369	372	378.7	392	405.3	460	498.25	541.4	573.25	644.4	653.2	671	686.5	728	754.7	783	821.2	840.4	886	909.6	952.6	1011.8	1078.3	1120	1156.7	1183.4	1209.8	1214.8	1225.5	1233.1	1250	1290	1319.75	1349.5	1386.5	1477	1533.45	1580.2	1640.75	1707.6	1828.85	1913.2	1933.85	2050	2096.95	2218.5	2234	2511	2530	2554	2585.25	2707.4	2796.45	2864	3080.15	3121.2	3229.65	3488.7	3705.5	3815.6	3871.35	4026.3	4102.6	4171	4375.65	4527.3	4710.75	4818	4884.75	4947.1	5010.2	5040.6	5105.35	5414	5554.5	5998.20000000001	6385.5	6545.1	7284	7287	7290.7	7718.2	7752.55	7767
LTR17	16	31.36	45.36	52.04	67.72	76	95.04	117.16	156.72	172.12	198.8	239.36	290.08	309.36	325	338	378.44	440.32	504	584.56	661.4	687.4	701.48	709.32	713	714	716	721.36	728.52	732	734.2	738	740.88	743.72	745	746	748	749.08	751	752	753	753	754	755	755	756	756	757	757	757	758	758	759	759	760	761	761	761	762	762	763	764.24	765.08	766	766.76	768	768.44	771.28	773	774.96	775	775	776	776	777	777	778	778	779	779	779	780	780	780	781	781	781.24	782	782	784	785	787	788.28	790.12	794.88	797.8	801	806.96	822.64	842.28	916
MER83B	11	17	25.5	35.5	44	48.25	51	53	55	55.5	62	70.75	76	78	81	87.75	90	95.25	100	104	107	110.5	120	125	160	166.25	168	179.5	201	209.25	220.5	222.75	223	224.5	231.5	237.75	251	254.25	261.5	265.75	274	278.5	281.5	283.75	284	289.25	299	303.5	313	314.25	315.5	317.5	319	321.25	322	322.75	324	326.25	327.5	328	336	337	338	340.5	344	344	344	344.75	345	345	345	345	345	345	346	347.75	349	349.5	352	356	358	358.25	360	362.5	363	366.5	368	368.75	370	371.75	374	374.75	378	379.75	382	383.5	385	391.75	395	396	499
PrimLTR79	13	16.74	27.4	33	33	46.3	52	52	52	52	53.6	63.4	71.2	92.98	107.04	108.1	109.88	114.9	118.36	121.46	122	122.42	125.48	126	128.28	135.5	136	136	136.52	137	137.4	139	139	140	140	140	140	140.58	141	142.26	143.6	148.7	160	165.58	169.96	172	172.64	173	174	175.32	184	186.36	189.68	192.04	194	194	195.28	208.08	225.2	235.02	251.8	254.48	259.16	261.42	264.28	267.1	270.2	280.02	285.6	294.6	306.4	311.52	330.36	363.52	406.48	435	441.68	449.54	453.56	455.86	462.4	464	464.88	465.44	467.56	468	476.44	482.16	485.76	486.26	487	487.94	489	489.62	490	490.9	493	497.9	500.96	504.32	521
LTR27	29	51.94	61.96	74.94	77.92	131.2	165.4	173	186.04	196.1	208.2	214.34	228	244.48	267.16	291.9	315	325.32	363.56	394.72	418.8	431.9	459.8	481	484	490.5	492.92	498	500	500.42	504	507.38	510	511	512.64	514	516.28	517.26	520.24	521	522	523	524	527.14	529	530.3	537.08	538.24	549	552.02	560	568.92	584.84	590.94	595.76	600	601.88	604.86	606	607	608	611.56	614	614.74	618	619.7	620.68	622	623.64	624	625.6	627	628	628	629	629	629.48	630	630	631	632	632	633	633.34	635	637	638	640.26	644.48	647.22	651	652	653	655	656	657	658.16	660.06	669.28	711.22	813
MER74C	26	38.34	55.08	61.36	69.24	73.2	79	81.14	86.8	93.36	95.8	100.22	101.96	107	112.56	123.7	133.6	142.68	148.36	150.76	156	178.1	184.2	198.46	211.64	221.5	229	233.54	241.68	252.58	260.2	265.24	271.2	288.88	297.68	304.3	315.16	318.74	325.28	329.56	331.8	341.82	346.68	352.58	362	364	370.84	373.94	375.92	381.96	385	394.02	396	398.12	400	401	401.12	405.14	407.32	410	411	411	411	413	416	416.9	419.32	421.34	422	423.76	426.8	429	429.44	432	434.44	436	437	437.54	438.56	439.58	441.2	442	443	444.32	446	446.7	447	447	447.76	449	451	451.82	452.84	454.86	455.88	458.8	459.92	461.94	471.92	483.94	534
PABL_A-int	15	32	41.2	47	47	53.3	61.6	72.06	79.92	86.16	94.4	106.38	115.88	122.18	130.04	137.8	145.76	157.62	168.16	171	173.4	176.02	179	179	181.88	189	198.24	203	206.36	211.98	219.4	234.86	252.72	266.92	291.24	302.4	313.32	327.94	335.68	348.18	376.8	400.62	432.44	449.66	458.56	473.6	493	536.28	573.92	617.9	631	663.34	684.92	728.22	744.48	768.2	782	791.780000000001	849.68	871.32	886.4	924.94	956.32	969	989.76	1014.1	1063.52	1076.7	1102.32	1141.34	1178.4	1204.18	1282.12	1298.72	1337.72	1407.5	1434.72	1545.86	1641	1671.56	1723.4	1781.18	2002.92	2034	2060.16	2114.3	2168.76	2230.4	2287.16	2386.44	2539.4	2837.58	2950.56	3136.84	3341.36	3515.2	3665.92	3811.94	4266.44	4636.54	5640
MER9a2	50	53.79	76.48	96.43	110.8	121.65	150.28	169.22	193.88	281.92	317.4	339.22	403.56	445.09	458.18	469.85	471	486.67	489	493.69	497.6	498.53	499.46	500.39	502.32	504	504.18	505	505.04	506	506	507	507	507	507.62	508	508	508	508.34	509	509	509.13	510	510	510	510	510	510	510	510	510	510.43	511	511	511	511	511	511	511	511	511	511	512	512	512	512	512	512	512	512	512	512	512	512	512	512	512	512	512	512	512	513	513	513	513	514	514	514	514	514.77	517.4	519.63	521.56	523	530.04	539	539.56	541.21	542.28	545.33	651
LTR2B	31	46.88	70.54	100.9	140.2	156.35	167.64	199.02	292	320	331.8	357.86	416.56	434.61	454.16	458	459.52	463	463.98	466	467	467	468	468	468	468	469	469	469.08	471	471	471.41	472	472.63	473.74	474	475	475	476	476	476	476.51	477	477	478	478	478.06	479	479	479	479	479	479	479.83	480	480	480	480	480	480	480	481	481	481	481	481	481	481	481	481	481	481	481	482	482	482	482.36	483	484.16	485	486	486	487	487	487	488	488	489	489	491.79	493.8	496	496.12	497.23	498	498.45	501.24	504.67	505.78	511.56	516
LTR1	47	72.95	88	105.27	122.4	138.8	161.1	184.3	193.52	194	196.8	230.53	248.56	250	253.96	274.45	287.4	302.23	308.84	340.59	352	399.98	451.34	472	481.12	514.5	549.56	555.78	562.64	575.55	591.1	598.78	610.72	668.27	676.76	693.6	706.56	711.03	720.22	726.05	731.6	732	732.98	734	735.36	738.1	740.48	746	751.36	754.31	756	760	760	761.07	762.78	768	768.64	769	771	771.63	775	777.18	778.78	779.97	781.16	783	783	783.73	784.92	787.11	788	789.49	790	792	793.12	796.75	799	801	802	803	806.2	807	810.16	813	815.96	818.15	820	820.53	821.72	822.91	828.2	830.87	835.48	837.67	839	840	846	857	868.72	892.53	1226
MER99	17	28.76	36.88	44.82	50.52	57.4	59.64	64	65.52	69.92	72.2	74.34	77.28	83.22	85.16	87	89	90	92.92	93	94	95.74	97.68	98	99	99.5	100	101	102	103	108	108	109.08	111.04	113	116.7	121.52	127.78	134	140	142	146.16	152	156.94	178.44	182.6	190.48	193.36	202.12	207.36	217	233.94	240.88	256.38	263.76	273.9	292.12	297	314.52	322.76	339.6	359.68	384.48	411.22	456.76	471.8	490.32	505.94	513	514	527.4	537	542.04	545.62	550.68	557	566.64	577.04	584.96	597	600.2	606	607.16	612.02	616.88	622.8	649.32	685.56	700.72	717.64	743	757.4	767.88	775.84	783.36	791	799	816.36	822.84	854.32	903
LTR88c	10	41	47.74	51	55.48	58	60	62	64.96	68	70.7	73	75	77	79	81.55	83	86	88	90	92	93	94	96	98	99.25	101	103	105	106	108	111	113	115	116	118	120	122	123.06	125	127	129	130	132	134	135	137	139	140	142	144	145.87	148	149	150	152	153	154	156	157	159.2	161.57	163	165	167	168	170	172	173	175.53	177	179.27	182.64	186	188	191	194	197	203	206	211	214	218	224.42	228.24	236	244	250.19	254.56	259	264.3	273	284.08	294.41	305.78	321.15	333.56	346	362	391.779999999999	681
FordPrefect	11	42	48.92	58	65.76	72.9	74.88	79.72	84.84	88.82	92.8	97.78	106	109	112.72	116.7	122.68	126.66	131.64	134.24	145.2	149	155.12	161	161	164.5	169.48	171	178.44	185.84	193	196.76	200.36	203.34	205	209.3	212	216	223.48	227	233.6	241	252	255	263.24	272	281.48	294	308.04	319.06	331	345.98	357.96	377.94	389.84	401.7	411.64	422.86	434.56	443.82	459.8	475.9	497.84	516.22	535.44	572.4	590	601	614	620.24	643.8	668	688.56	721.54	731.12	747.5	778.48	781.92	799	828	856	865.28	907.32	954.34	973.32	1035	1088.68	1123.78	1159.8	1221.22	1254.8	1299.78	1348	1378.7	1438.84	1465.5	1495.08	1533.36	1569.32	1603.14	1659
L1M3e	10	27.09	33	36	41.36	47	58	64.26	70	76	81.9	87	91	95.17	102.26	108	115.44	124.12	136.62	142.42	147.8	152.89	156	165.07	174	183.25	190	195.43	204.52	209	212	214	221	226.97	234	237	240.24	244	250	262.53	269	276.69	282.56	290.61	295	300.15	311	319.23	337.32	351.23	357	364	371	383.08	392.86	407.75	419.08	436.65	454	464.55	485	502.49	517.58	538.34	549.52	556.7	576	601.03	620.12	640.84	665.3	682.78	694.44	726	756.28	792.25	823.88	855.79	906.04	953	987	1017.06	1068.66	1104.94	1127.24	1156.65	1259.32	1299.98	1406	1463.05	1521.6	1627.75	1767.96	1864.1	2030.06	2160.7	2323.6	2440.73	2611.92	3281.74	5206
HUERS-P3b-int	11	37.38	54.28	64.14	73.64	84.5	98.84	111.32	122.16	140.42	146.8	150.18	161.68	169.76	173.64	180.4	190.24	200.92	211.52	241.44	250.2	280.84	294.08	317.4	323.24	332.5	368.76	380.26	397.96	441.1	470.4	482.56	507.96	570.24	610.6	652.6	673.36	705.24	719.2	750.46	770.2	794	834.76	846.02	875.6	898.9	918.32	934.3	969.32	1027.58	1053	1075.52	1106.12	1144.28	1175.96	1215.7	1284.84	1388.96	1421.56	1449.62	1514	1635.36	1658.12	1682.34	1766.6	1824.1	1880.24	1908.36	1935.36	2002.88	2031.6	2063.74	2144.32	2190.96	2222.68	2285.5	2383.2	2459.26	2555.56	2642.16	2679.2	2794.56	2961.32	3013.28	3079.12	3155.2	3189.4	3245.3	3260.2	3313.76	3495.6	3564.9	3627.52	3707.7	3774.44	3903.1	3941.32	4045.98	4154.96	4782.4	5044
LTR6B	53	69.66	220.72	266.48	269	270.8	272.76	291.06	297.36	398.86	461.8	472	494.04	501.74	505.6	507	507	507.66	508.64	509	509	510.16	511	511	511.52	514	516.48	517.92	519.44	520.84	522.8	524.76	526	526.34	527.32	529.2	535.08	543.26	544.72	547.22	548	548.18	549.32	551	551	551.1	552	552.06	553	553	553	553	553	553	553	553	553	553.86	554	554.82	555	555	555	555	555	555	555	555	555.64	556	556	556	556.56	557	557	557	557	557	557	557	557.4	558	558	558	558	558	558.28	559	559	559	559.2	560	560	560.14	561.24	563.5	568.24	571	571.16	575.26	588
LTR38A1	26	28.04	34.04	35.56	38.96	51.8	56.36	69.24	77.44	88.4	95.4	97	102.16	112.04	117.28	119.6	121.64	123.84	125.44	128	133.6	136.92	138	138.96	139.48	140	140	141	146.04	152.4	158.8	163	163.64	164	165.36	166	166	166	166	166	166.8	170.28	174.68	176.36	179.64	183	183.92	184.44	192.68	202.68	214	231.24	271.8	300.52	331.44	357	366.64	387.92	392	392.68	395.4	401.72	402.96	410.56	412.56	414	415	417.52	420.08	423.76	428	430.76	437.32	439.96	453.84	466	482.52	486	487.12	489.32	495.4	497.12	499.28	502.32	504.68	506.2	510.6	513.24	516.28	526.56	528.8	531.32	533.68	535.36	537.76	538	538.92	542.76	546.92	548.44	551
EUTREP15	20	30.85	51	61.55	66	67	71.7	79.65	83	85.55	89.5	93	95.6	98.35	105	106	106.4	108.45	113	114	114	116.95	125.2	126.85	127.8	129	132	135.6	141.6	146.65	150	152.9	155.6	161.05	165.3	167.5	170	171.45	175	177.05	179	182.85	184	189.55	194	194.75	201.1	209.95	214.6	215.55	219	223.9	226.8	228.7	233.3	234.5	237	245	245.5	253.1	256	260.95	266.9	276.25	279.8	284.25	288.8	291.95	298.8	302.65	312	315	320.2	325.1	337	339.75	346.4	348.45	355	358.4	372	380.55	387.8	389.85	404.6	412	416.9	424.65	426.2	446.75	454	461.8	514	603.85	616.8	631	647	705.15	746.7	756.6	803
HERVS71-int	102	139.31	143	161.25	175.04	208.15	233.38	247.21	270.24	298.61	396.1	406.6	461.2	609.59	639	639	639	710.91	800.36	830.82	895.4	989.22	994	1130.5	1270.36	1439	1520	1640.17	1766.48	1868.53	2004.5	2165.99	2260	2260	2260	2260	2260	2260	2260	2260	2322.8	2617.26	3171.9	3582.05	3748.12	3864.6	3987.1	4548.08	4729.04	4811.16	5005.5	5324.07	5664.96	5867.8	5949.84	6182.25	6405.2	6682.96	6723	6974.16	7125.4	7191.29	7263.6	7311.65	7319.32	7334.05	7340.36	7345.82	7405.84	7417.95	7426.7	7434.27	7438.56	7440.43	7443.72	7528.75	7768.32	7770	7770	7770	7770	7770	7770	7770	7821.92	8150.15	8715.52	8976.06	9157.08	9157.99	9158	9367.79	9446.52	9623.69	9739.9	9826.2	9931.44	9978.15	10037.82	10186.37	10453
HERVK11-int	33	54.66	56	56	62.72	80.9	90.84	100.3	125.48	129.94	151.5	205.19	313.68	433.36	566.16	636.65	801.88	917.67	980.18	1087.61	1216.6	1237.65	1285.92	1396.31	1486.48	1512.75	1526.22	1550.02	1586.44	1606.39	1716.1	1764.38	1775.16	1781.78	1870.78	1960.65	2088.92	2195.14	2340.8	2455.05	2592	2655.6	2713.72	2890.18	2920.48	2937.95	2961.6	3072.24	3194.04	3253.35	3379	3518.76	3596.6	3611.86	3623.1	3657	3671.4	3754.23	3962.82	3974	3981.2	4245.29	4372.96	4398.85	4493.6	4658.75	4738.76	4823.04	5027.08	5154.9	5213.9	5321	5321	5550.14	5838.82	6063	6308.88	6416.58	6738.3	6929.42	7031.6	7037	7037.18	7045.85	7180.28	7345	7395.16	7479.61	7590.64	7882.04	8126.9	8323.49	8779.24	9141.52	9358.14	9445.5	9597.84	9721.36	9856.68	9860.01	10177
MLT1F2-int	26	37.55	47.42	74.39	82.88	92.65	106.56	124.88	131.72	143.95	168.1	173	181.6	202.84	217.88	229.2	240.12	257.07	263.46	276.49	283.8	294	294	340.64	357.12	365.75	372.84	393.51	405.52	415.95	444.3	453.02	465.32	473.43	488.28	504.5	528.4	564.32	577.98	595	603	612.11	613	629.18	634.96	642	666.84	690.37	699.4	714.32	722	735.05	743.84	766.52	776.06	792.1	802.32	813	840.54	853.34	885.2	898.31	903.02	905.73	910.88	929.15	934	948.14	961.84	965.99	985.1	995.46	1004.36	1009.83	1028.86	1058	1106.12	1125.39	1151.9	1190.54	1207.2	1229.06	1253.42	1268.86	1306.64	1367.7	1453.66	1505.42	1544.04	1622.28	1684.9	1743.54	1788.04	1895.08	2027.98	2093.45	2160.16	2211.22	2260.86	2426.74	2527
LTR90A	38	46.1	49.1	53.45	57	61	64	67.35	69.4	70	73	74.55	77.2	79.65	81	81.75	82.8	84.85	85	87	88	92	93.1	95	97	98.25	101	103.35	105	106	107	108	110.6	113	114.7	116	117	118.85	121	121.95	124	125	126.1	131	132	133.25	134	137.35	140	142	144.5	147	149.2	152	153.7	157.5	159.8	163.85	166.9	170	171	173	175	176	179	180.25	184	186.35	188.4	190	191	193.1	196.2	198.65	201.4	203.75	207.8	210.55	213.9	218.9	222	231	242.3	249.45	254.6	260.75	277.6	286.1	292.4	297.45	299	310.55	319.4	328.65	344.4	350.75	356.4	365.95	380.8	468.95	748
THE1-int	11	25.86	29.92	30.94	34.92	41.9	43	44.86	52.36	61.2	63.8	68.12	78.04	82.74	92	95.4	97.68	99.98	108	110.62	112.2	115.74	125.8	133.24	139	140	140	141.46	143.32	161.1	165.2	169.38	171.72	184.68	188.96	191.6	196.56	200	201.96	207.88	212.8	216	218.48	221.7	228.12	229.3	232.08	233	233.32	241.02	243	243	243	246.76	262.84	264.9	275	289.76	305.68	313.56	337.2	348.78	359.12	375.22	389.36	402.8	427.28	444.24	483.92	491.72	506.6	535.8	568.44	603.12	616	629	658.44	712.78	772	888.46	919.4	966.480000000001	1044.72	1064.08	1119.96	1211.9	1215.4	1250.3	1273	1471.98	1521.2	1524.26	1533.6	1547.28	1567.12	1568.3	1574.32	1580.06	1582.4	1603.06	1616
L1M6B	10	43.58	52.58	56.87	62.32	66.45	69	71	73	74	76	78.19	81	83	84	86	87	88	89	91	92	94	95	97.67	100	101	103	105	107	109	110	111	114	115.57	117.86	120	122	123	124	125	127.6	129	131	133.47	135	136	138.34	142	143.92	146	147	148	151	152.37	155	157	159	160	160.82	163	165.4	167	169.98	171	173.56	176	177	180	182	185	187	187.59	193.88	198.17	200	203.75	207.04	217.33	224	227	235.4	241.49	258.56	268.07	278.08	291	298.88	317	339.64	356.81	377.4	415.95	454.04	483.88	549.52	607.2	669.119999999999	732.69	933.859999999999	1120.12	1815
LTR86B2	15	44.68	48	58	64.04	73.55	78.26	80.97	82.68	84.39	88	89.81	91.52	95.92	99.94	102.3	105.72	108	109.78	111	114	115	118.62	122.99	126.04	133.5	140.92	142.17	144.76	149.36	154.3	157.01	162.44	165.86	170.14	171.85	173.56	178.54	181	184.69	185.4	187.11	188	192.06	199.24	203.9	205.66	209.37	211.08	213	218	223.21	225.92	229.63	233.34	236	247.52	250.47	252.18	253.89	257.8	264.62	275	275.73	277.88	284.6	290.86	296	298.84	313.9	316	317.82	324.48	329	335	346.25	352.84	357.01	361.14	366.18	372.2	378.02	379.22	395.09	403.28	407	411	412.77	414	419	421.7	423.61	427	428.06	433.74	435	439.16	443.87	455.48	461.58	471
LTR69	40	51.52	54.76	56.14	58.56	61.8	67.68	75.96	79.28	87.68	91.6	95.18	96.56	102.64	111.16	127.7	135.24	138.46	143.2	150.44	162.2	173.9	179.6	193.4	198.92	214.5	222.16	227.6	238.2	244.04	250.4	261.68	268.92	286.56	297.6	305.9	308.68	314.26	334.88	341.74	345.6	360.12	367.92	408.76	420.88	442.5	451.32	459.44	462.48	468.34	477	483.38	488.56	501.14	502.52	503.9	505	505.66	506.2	511.42	514.4	516	516.56	518.88	520	521.4	523.16	525	525.84	526.88	530.6	532.96	533	535.22	537	537.5	538.88	539.26	540	542.04	545.2	547.78	549.16	552.7	557.76	560.6	562.68	563	563	563	563.4	568.48	572.92	578.68	583.6	586	586.48	587.86	601	639	645
LTR1F2	34	48.6	69.28	87.64	94	103	109	147.64	170	181.88	201.8	222.2	228.68	271.28	297.2	330.8	363.24	373.36	387.8	408.16	469	548.2	568.2	587.76	634.4	645	659.88	666.64	670.84	683.4	689.4	697.44	702.48	705.12	707.76	709	709.52	710.84	711	711.48	713.6	717.12	718	719.52	723	723.4	724	725	725	725.68	729	729	729	729.96	731.28	732	732	732.24	733	733.88	734.2	735.52	736	737	737.48	738	742.12	743	743.76	745.08	746.8	748.72	750.04	751.72	753.68	758	761.96	765.92	767.96	770	771.8	773	775	775	776.76	778	778	779.68	783	783.48	785.6	787.12	788	790.28	796.4	803.4	809.16	811.08	813.36	818.08	911
Tigger6b	20	36.03	45.38	49	50.84	53.3	55.38	58	64.72	69.57	71.9	76	77.52	80.47	82	82.95	84.68	87	88.42	91	92	95.33	97.06	101.16	103	105.5	112.94	124	128	129	129.9	133	133.36	136.09	137.82	140.55	144.56	164	168.44	173.47	180	195.44	197	203	209.12	214.25	215.58	218.62	221.2	226.77	232	233.69	240.8	250.83	257.1	261	261	263.83	268.34	270.21	274.6	288.42	295.26	303.92	306	308.45	317.54	320	320	330.77	344.4	349.66	362.8	366.87	380.1	385.75	393.2	401.21	411.4	422.03	430.8	440	447.74	486.26	494.6	504.1	509.9	517.55	543.48	568.28	601.2	726.740000000001	796.64	807.12	847.52	873.65	922.599999999999	1169.74	1309.18	1504.62	1567
MER89-int	29	54.06	68	76	81.24	89	93.72	101	105	107.54	113.6	120.66	126.72	134	138.68	142.8	147.92	158.02	164.08	169	172.2	173.52	177.32	184.52	189	191.5	196.56	204.86	207	207	214.2	222.58	226.84	231	234.12	241.1	249	253.44	261.28	268.68	283.4	291.38	294	295	296	301	314	322.82	330	333	333	341.12	352.12	365.54	373	376.3	379.36	387.42	391.48	400.08	410.8	418.32	428.32	453.68	471.2	476.8	486.92	495.08	520.24	554	558	572.52	596.64	620.76	674.44	693	749.8	769.62	806.44	832.96	836	962.04	1010.92	1047.86	1087.84	1168.3	1242.44	1353.88	1409	1457	1485	1541.36	1674.08	1762.16	1921.28	2021.4	2063.76	2112.86	2589.68	3074.58	4110
L1MEg1	11	27	38.48	49.08	54.48	59	61.72	64	68	71.08	74.4	79.32	82.44	85.56	87.68	91	95	98	100.16	105	107.4	111	115	119.76	121	123	126	130	133	137	139.6	142	145.84	149	153	156	158	162.44	167	168	172.6	180.92	184	188	192	195	202.04	209	211	216.88	219	223	226.24	233.36	238.48	245	250	256.84	263.96	274	282	288	294	299	305	310	315	324	331.16	340.28	346.4	353.04	360	363	379	393	402.12	409.48	423.72	437.48	448.6	459.72	467.68	487.8	509.16	529	540.32	566	596.160000000001	617	643.8	666.76	703.04	733	772.800000000001	806.4	852.56	948.96	1074.4	1164.92	2024
LTR2752	32	63.08	67.24	76.72	96.92	122.2	171.48	181.24	198.24	220.6	234.4	239.52	247.4	306.64	319.72	351.4	362.68	373.36	394.16	418.08	456	517.88	559.96	568.6	610.32	683	714.96	788.96	803.04	882.92	906.8	939.16	947	956.88	969.16	978.4	988.96	1005.76	1044.48	1068.68	1075	1085.4	1097.4	1110.04	1116.76	1124.6	1137.56	1151.64	1155.84	1162.88	1166	1172.28	1183.48	1193.12	1194.32	1202.4	1208.12	1220.12	1224.64	1228.72	1236	1240.44	1241.48	1249.08	1253.56	1258.2	1263.28	1268.68	1275.88	1279.28	1301.4	1305.52	1316.28	1333.44	1368.08	1434	1506.12	1576.2	1687.48	1695.72	1717.4	1724.4	1743.24	1749.32	1751	1753.8	1760.88	1771.36	1779.12	1788.04	1793.8	1800.28	1805.4	1807.72	1814	1820.8	1856.56	1860.76	1874.2	1886.8	1965
L1M3de	12	18.98	42.72	46	55	56	59.88	60	65	66.82	69	71	78.76	81	83	86.7	87.68	89	91.28	93	94.6	98.58	104.12	108	117.04	123.5	125.48	127.92	138.44	149.62	168.4	171.38	177	180.34	183	188.9	201.28	205.26	211.48	217.22	224	227.36	235	240.28	247	257.2	272.16	286.12	311	321.02	342	361.86	367	379.88	387.84	405.8	417.88	424.86	445.2	464	483	489	499.04	511	523.6	557.5	575	618.58	653.56	663.48	672.8	711.86	742.68	770	808.8	866	910.84	931.76	966	1009.84	1058	1110	1127.52	1133.34	1162.48	1215.9	1283.6	1318.38	1435.92	1502.8	1562.2	1608.04	1710.92	1785.66	1934.48	2082.1	2301.08	2554.26	2881.12	3236.04	4638
X24_DNA	35	41	43	45	47	49.75	50.3	51.85	52	55	56	57	58	60	61	62	63.8	64	65	66	67	67	69	69.65	71.2	72	73.3	74	75.4	76	77.5	80	80	81	82	83	83.8	85	85	86	87	87.55	88.1	89	90	90.75	92	92	93	94	94	95	96	97	98	98	99	100	101.9	103	103	104	104.1	106	108	109	110.3	112	114.4	116.95	118	122	123	125	126	127	127.8	129	129.9	133	134	135.55	136	137	139	139.75	141.3	143	143.8	147	148	149	151.6	154	155	157.25	163.6	168	169.9	172	190
Eulor2B	57	58.68	60.96	65.44	69.2	72	74.08	75.76	76.48	77.12	78.8	80.96	84.32	86	86	87.6	89.84	91.56	93.56	97.48	101.8	106.84	109.32	109.88	116.6	125	126.68	128.84	132.76	135.96	138.2	139	139	139.96	141.08	142.2	143	143	143.56	144.68	146.6	148.84	150.04	151.16	152.28	153	153	153.32	153.88	154.88	156	158.24	160.48	162.72	164.96	167.2	168.36	168.92	169.48	170	170	170.16	170.72	174.92	182.76	185	185	187.6	190.08	190.64	191.8	194.04	195.32	195.88	196.44	197	197.56	198.12	198.68	199	199	199	199	200.92	203.6	212	218.64	220.88	223.4	226.2	228.6	230.84	233.08	235.4	238.2	244.8	258.24	265.6	268.4	269.44	270
X21_LINE	43	44.76	46.52	49.88	53.84	58	62.4	66.32	68.08	69.84	72	74.2	75.28	75.72	77.76	82.6	87.04	87.48	87.92	90.88	94.4	99.6	106.2	111.12	111.56	112	112	112	112	112	114.4	119.68	124.24	125.56	126.88	127.8	128.68	129.84	131.16	133.6	138	142.12	143.44	144.76	146.8	149	152.64	157.48	161.72	164.36	167	170.96	174.92	177.92	180.56	182.4	183.28	184	184	184	184.8	185.68	187.68	190.32	192	192	192.12	193.44	194.76	195.36	195.8	198.16	202.12	205	205	205	205.88	206.76	210.52	215.36	219.2	221.84	224.32	226.08	227.84	237.6	248.16	252.56	253.44	254.48	255.8	257.12	258.44	259.76	263.24	267.2	278.6	296.2	310.32	315.16	320
LTR1B0	170	178.1	196.6	233.2	253.6	281	319.2	342.9	354.2	393.1	412	427.3	470.6	543.3	581.4	609.5	633.6	639.9	642.8	649.3	679	688.9	694	696.4	698.2	699	700.2	702.6	704.2	705.2	707	708.8	711.4	712.7	713.6	715	716	716.3	717.4	719.2	721	721.9	722	722	722	722.5	725	728.3	729.2	730	730	730	730.8	731	731	731.5	732	732.3	733.2	734	734	734.9	735.8	736.7	737	737.5	738	738.3	739	739	739	740.8	741	741.7	742.6	743	743.4	744	744	744.1	745	745.9	746	746	746.6	747	747.4	748	748	748.2	750	751.8	752	754.1	759.2	762	764	767.9	770.8	774.6	780
LTR43	15	27.67	34.68	40.05	47.68	53	55.04	58.69	61.36	64	65	66.37	73.04	82.13	90.38	94.05	104.44	116.17	120	128.92	140.2	150.07	156.92	163.23	178	183.25	195.84	210.09	216	223.72	228.3	235.54	241	246.11	251.56	265	280	284.58	296	298	298	316.35	325.42	333.62	349.36	358.15	367.92	373.49	376.48	382.49	398.5	410.34	418.84	431.06	445	448.7	455.56	466	474.88	483.53	495.4	503.22	509.54	528.26	536.76	548	559.22	563.89	568.56	570.69	573.9	576.57	579.24	582	583	584	585	586	587	588	589	590.27	592	592.61	594	595	595	597	597	598	599	600	601	602	602.98	605	615	622.97	629.32	640.66	704
UCON40	14	53.8	56.6	62.2	63.6	69	76.8	79.6	80.2	81	83	84.8	86	87.2	89.6	91	93	95	96	97	98	100	101.8	103	105	107	108.4	110.6	116	116.6	118	119.4	121	122	122	125	126.4	129.6	131	132	133	135.4	137.6	142.2	145.6	147	147.4	148.8	152	155	157	164	165.8	171	171.6	173	175.6	180.8	183.2	187.8	191	195	196	197	198.6	201	203.6	208	214	215	218	226.8	229.8	234.4	238.2	246	255.6	262.6	265.2	268.2	271	274	281.4	282.2	286	293	295.4	298	307	309	316	320.8	326.6	343.4	364.6	384	415.4	426.6	431.4	467.2	543
MLT1N2-int	61	63.72	68.24	74	74	74.8	76	76	77.32	79.12	79.8	80.96	82.32	83.68	84.52	85.4	86.76	90.92	94.48	95.84	96	96.28	96.96	98.92	100.64	102	102.68	103.36	104.12	106.16	107.4	108.16	109.52	110.44	111.48	114.2	121.24	128.64	131.36	132	132.2	132.88	139.72	150.52	166.16	186	198.28	198.96	207.96	224.2	248	257.52	269.92	285.48	310.64	321	321.48	325.56	330.96	336	336	336.96	339.92	348.08	365.08	382.6	394.84	403.72	410.2	413.6	419.4	423.84	425.88	431.76	445.56	468	472.76	483.64	501.6	545.8	590.8	631.08	631.76	632.88	638.44	663.6	672.92	679.32	697.68	740.48	792	846.4	875.04	922.880000000001	1016.04	1170.4	1324.52	1466.64	1475	1599.8	1865
MER70-int	40	54	71.36	74.88	78.84	89.2	97.88	99.72	104.2	107.46	113	120.34	121.76	126.44	134	144.4	148	155.3	160.56	164	164.6	166.16	173.12	176	182.6	197	201.96	219.06	228.64	233	243.4	257.38	262.16	268	273.16	334.2	341.4	348.78	359.2	394.44	418.2	425.72	452.96	469.28	472.96	482.9	522.08	528.72	547.12	558.1	576	591.68	594.92	630.88	666	681.6	724	773.74	816	854.62	881.6	905.5	939	940.74	941	952.9	991.64	1037.98	1103.32	1211.8	1276.2	1330	1330.56	1333.62	1513.84	1577.5	1660.96	1712.3	1751.76	1822.78	1861.6	1931.4	1966.36	2094.56	2133.84	2144.8	2149	2149	2162.16	2219.98	2304.6	2418.88	2577.48	2632.9	2915.96	3095.5	3258.08	3502.3	3537.32	3793.48	4732
L1M3d	14	28.31	39.24	48.79	56.72	61.55	66.86	76.34	81	85.79	88.9	101.41	106	111	115	119	120	123	125	129	133.4	143.51	148.82	152.13	156.44	159.75	164	168.74	172.68	176.99	186.6	195.22	201.92	206.23	217	222	230.32	239.35	252.78	257	258.4	263.42	269.02	271.33	277.64	283.85	292.52	308.99	319	331.38	342	357	364.6	373.43	381.48	396	400.08	407	415.94	427.16	440.6	452.91	484.66	497.18	511	532.75	569.500000000001	598.54	613.24	630.39	635.7	647	653	662.52	676	685.25	696.12	719.74	724.9	742.96	795.6	838.11	880	901.19	943.08	970.35	1019.26	1051.91	1114.68	1157.26	1194.9	1262.63	1329.12	1408.98	1555.08	1696	1826.32	2053.42	2511.72	3171.25999999999	5740
LTR5A	39	54	70	91.6	191.8	212	531.6	534	541	578	750	893.8	922.8	956.2	970	988	996.2	998.4	999	999.8	1001	1001.8	1005	1006.6	1007	1009	1009.2	1010.4	1011.6	1012	1012	1012	1012	1012	1013	1013	1014	1014	1014	1015	1015	1015	1015	1015	1015	1016	1016.2	1017	1017.6	1018.8	1020	1021.2	1022	1022.6	1023	1024	1024.2	1025	1025	1025	1025	1026	1026	1026	1026	1027	1027	1027	1027	1027.8	1028	1028	1028	1028	1028.8	1029	1029	1029	1029	1029	1029	1029	1030	1030	1030	1031	1031	1031	1031	1031	1031	1031	1031	1031	1032	1032	1033.2	1034.4	1037.2	1040.6	1216
LTR34	24	31.74	40.48	45.48	48.96	62.7	66	70.36	78.56	84	86.8	95.76	98	103.62	117	120.1	130.28	132	134	136	138.6	142.36	146	146.34	149.92	155	160	168.62	173	176.64	183.8	188	191.68	194.28	201.32	210	211	212.92	222.16	233.62	237.2	239.78	250.36	251	272.08	284.7	298.68	326	329.84	336.42	350	359.32	369.16	378	384.8	404.4	421.8	430.9	451.4	468	476.6	501.52	510.76	533.1	561	564	579.56	586.3	595.88	601	603.6	606	610.76	620.38	627.92	635.5	642	644.32	651.48	653.82	657.4	658.98	662.56	667.14	670.44	674.9	677.88	681	683.16	689.24	694.2	696.56	702.8	708	708.52	713	715.36	720.34	740.36	741.84	746
HERV17-int	41	64.14	100.84	121.68	130	139	142	150.92	158.24	169.08	210	234.32	279.36	301.82	341.16	386.1	410.64	447.52	457.04	481.78	526.6	554.64	584.28	661.94	719.12	755	784.32	819.92	881.68	955.78	1017.4	1075.5	1121.12	1143.48	1163.6	1202	1207.08	1214.54	1224.32	1272.5	1345	1367.18	1416.28	1453.28	1472.16	1479	1486.2	1539.5	1567.72	1673.16	1723	1801.54	1856.2	1921.94	1961.36	2025.1	2085.92	2196.5	2235.32	2297.92	2351	2486.16	2529.48	2597.66	2631.76	2682.1	2762.8	2876.14	2972.08	3049.04	3265.8	3349.76	3453.88	3497.82	3674.8	3812.5	3898.36	4042.44	4133.68	4288.18	4431	4581.26	4816.72	4956.04	5126	5263.8	5412.56	5577.72	5710.8	5878.78	6249	6564.82	6794.68	6973.04	7046.44	7110	7219.12	7478.88	7665.8	7807.72	9911
UCON99	59	60.1	61	61	64	72.25	76	76	77.2	78.85	82.5	86.2	88.4	90.75	93.5	95	95	96.4	98.6	100.35	102	102.55	104.3	111.45	116.2	116.75	118.2	120.4	121	121	121	121.05	121.6	122	122	123	125.2	127.05	128.7	129.9	131	131.55	132.1	132.65	133.6	135.25	136.9	138.55	139	139	139	139	139	139	139	139	139	139	139	139	139	139	139.8	144.2	147.6	149.25	151.8	155.1	158	160.75	161	161.15	162.8	165.2	169.6	175.25	182.4	187.1	190.4	191.9	193	194.65	196.1	196.65	197.2	197.75	198.9	200.55	204.6	209.55	211	212.25	215	221.5	238	251.25	260.6	274.15	290.1	305.15	320
MSTB1-int	36	109.06	130.32	159	176.64	227.9	288.36	302.96	328.48	362.98	382	411.1	435.68	448.24	478.96	520	532	532.34	541.88	552.66	559.8	569.1	583.52	592.22	601.92	607.5	613	624.4	662.92	718.48	725.6	733	736.56	748.94	759.68	762.8	777.36	789.4	812.92	840.8	880.6	890.38	947.44	960.44	989.08	993.9	1018.04	1048.62	1084.44	1091.86	1097	1162.04	1168.72	1186.06	1189	1189	1191.68	1223.7	1239.16	1379.26	1390.8	1400.38	1455.2	1481.76	1533	1533	1534.92	1539	1603.52	1612.28	1619.8	1638.84	1655.4	1720.66	1773.96	1817	1833.08	1852.54	1857.12	1872.16	1896	1908.16	1972.16	2008.58	2103.12	2175.8	2210.52	2242.8	2280.12	2332.06	2354.8	2362	2383.56	2417.16	2433.32	2448.1	2462.04	2469.94	2475.84	2493.94	3516
L1PBb	10	26.24	45.96	50.48	65	79.8	96.76	111.6	124.28	138.08	150.6	153.76	157	164	172.48	178.8	187.36	195.44	207	235.24	253.2	267.44	282	291.04	294.68	299	307.16	312.24	320.96	325	333.8	348.88	363.48	400.92	426.88	443.2	460.84	496.12	530.56	587.44	610.8	620	621	621	634.36	651.6	671.36	690.44	719.2	734.52	778	811.48	821.92	850.72	870.32	886.4	919.84	940.72	956.64	984.2	999.2	1012.04	1021.6	1029.08	1031.24	1036	1043	1048	1067.68	1107.72	1222.8	1299.4	1366.52	1435.96	1490.72	1573	1609.96	1633.36	1669.96	1730.96	1768.2	1888.12	2061.24	2116.12	2178.2	2253.8	2304.88	2410.72	2523.2	2596.92	2681.4	2764.04	2821.04	3079.32	3229.2	3389	3631.68000000001	4256.08	4437.4	4799.56	6496
MER9a3	13	57.8	89.4	155.6	183.8	190	222.2	314.2	332.8	342.2	391	430	439.2	450	451.4	459	461.2	466.2	469.8	474	477	477	478	479	480	481	482	483.2	484.8	486	486	487	487	488	488	489	489	490.2	491	492	494	496	496.2	497	498	498	500	501	502	502	503	503.6	504.2	505	505.4	506	506	507	507	507	507	508	508	508	508	509	509	509	509	509	509	509	510	510	510	510	511	511	511	511	511	511	511	511	511.4	512	512	512	512	513	513	513	514	515	516	518	519	523	525.8	530.6	1057
EuthAT-N1a	52	52.45	52.9	53.35	53.8	54.25	54.7	55	55	55.1	56	56.9	58.6	60.4	61.3	61.75	62	62	62	62	62	64.7	67.4	68.7	69.6	71.25	73.5	75.15	75.6	76.4	80	83.6	84.8	85.7	86.9	88.25	89.4	90.3	91.4	93.2	95	110.75	126.5	130.35	130.8	134.5	140.8	146.5	151	155.25	157.5	159.75	162.4	165.1	166.3	166.75	167.6	168.95	170.2	171.1	172	172	172	175.5	180	183.25	185.5	189.25	196	202.4	206	209.6	212.8	215.95	217.3	217.75	218.2	218.65	219	219	219	219.9	220.8	221	221	222.25	224.5	226	226	226.55	231.5	236.45	237.4	237.85	238	238	238.6	239.95	242.8	250.9	259
MER68C	26	39.8	49	49.8	55.4	57	57.6	62.6	69.8	73.8	76	80.2	84.2	85.8	86.8	92	94.6	97.2	103.6	105.4	107	114.2	115.4	117.8	122.2	126	130.2	132.2	133.8	138.2	141	144.6	150.4	160	167.8	170	178.6	184	185.6	187.4	209	209.6	211.4	217	226.8	233	243.2	248	257.6	272.8	274	275.6	276.8	281.6	287.2	295	298.2	310.6	318.6	324.6	332	334.6	341.8	349.8	357	361	366	368	368.8	370	371	373	375.2	377.6	378.4	379	382	386	386.8	387	391	392.8	394	394.8	395.8	397	398.6	399	400.6	402	402	403	405.2	406.8	410	410	411.6	416	416.8	427	462
LTR3B	54	70.12	94.4	131.6	146.24	153.2	154.44	158.74	165.56	200.22	237.6	276.66	291.52	300.56	347.68	378	390.4	393.08	395.76	402.58	405.8	407	407	407	407	408.5	410.36	412.22	413	413	413.6	414	414	414	414.24	416.1	417	417	417.56	418.36	419.6	420	420.04	420.66	421.56	422.8	423	423.28	424.52	425	425	425	425.48	426.72	427	427	427	427	427	427	427.2	427.82	428	428.06	428.68	429	429	429	429.16	429.78	430	430	430	430.26	430.88	431	431.12	431.74	432.36	432.98	433	433	433	433	433.08	433.7	434	434	434.56	435	435	435	435.08	436.32	438.4	441.5	442	442.14	442.76	443	443
MER76	13	33	40.54	50.62	57.08	62.35	68	71.89	79.16	84.43	91.5	103.97	110.48	117	126.78	133.2	146.28	155.59	162	169	176	192.03	202	206.84	219.48	226.25	232	237	242	246.83	254	259.37	270.28	284.64	293.36	302.45	311.44	329.99	338.78	344.53	350.8	353.14	362	369.61	378.76	386.15	399.42	410.38	414.96	426	437	453.08	471	481.62	501	509.55	513	519	529	536.86	542	550.47	559	567.01	569.28	574	577	579.36	585	591.26	594.9	598	600.88	606.71	610.98	615.25	619.04	625	628	632.33	636	639	640.14	643	646.68	651.9	654.22	658	661.76	664.03	666.3	669	672	675	681	683	683	688	694.92	710.38	808
CR1-12_AMi	54	59.56	69.48	73.92	75.28	76	78.76	81.24	84.8	87.88	91	91	91	94.16	95	98.2	100.12	101	101	104	104.4	105.72	108.08	111.08	113	113	113.32	117.2	119.96	121.96	128.2	134.52	140.24	141	148.04	151.2	153.04	158.2	159.16	161.44	165.4	166.24	171.08	175.76	177.16	179.4	180	182.04	183.36	184.68	187	190	190.64	191.96	194	195.8	200.68	201.96	205	209.4	210.2	211.52	213.68	216	216	216.8	218.12	219.44	223.8	225.16	230.2	239.32	247.08	252.96	262.04	268	271.92	276.64	278.92	281	282.8	291.36	292.24	299.16	304	309	314.72	325.88	345.32	347	347.8	353.72	359.44	369.88	394.08	397.8	420.72	445.24	453.88	512.72	620
MER97a	10	14	29.52	37.84	43	50.2	54.68	62	64.4	73.84	74.6	77.72	87.48	91	97	101.6	108	111.76	116.36	120.44	123.4	131.88	136.72	141	141.48	145	151.04	160.52	163.56	167.08	177.2	184.24	189.96	195.08	196.84	198.2	202	207.24	210	212.64	222	231.16	233.92	245.68	248.44	259.4	265.84	268.16	272.48	276.68	289	299.04	303.52	309.28	318.12	332.6	346.68	358.32	370.08	382	391	398.72	402.12	405.64	435	451.8	458	461.76	469.68	489.96	500.4	504.92	523	534.44	552.44	569	577.52	599.32	616.84	639.08	649.4	668.6	689.52	726.72	749.52	764.8	773.44	781.36	792.28	797	816.6	824.8	832.76	847.68	851.44	855.8	859.96	870.72	877.48	888.68	945
MLT1H2-int	46	57.36	70.54	88.51	103.16	120.25	128.08	132.52	136.72	144.62	151	161.91	175.16	192	197	208.05	215	222.06	230.62	244.71	249.6	254.89	268.92	282	286.16	294.75	316.34	318.86	332.56	348.22	350.7	357.58	360.88	362.97	375.12	385.9	407.96	423.31	434.94	444.04	453.6	458.14	464.56	476.61	484.84	494.15	505	520.45	544.32	572	582	586.59	588.68	591.77	603.58	618.9	651.2	658	667.22	675.31	691.4	697.49	702.16	723.05	736.52	745.7	755.52	763.42	781.72	798	803	823.78	846.88	865.14	891.32	904.25	925.68	937.37	969.4	995.11	1000	1010.41	1040.28	1053.94	1079.6	1101.6	1120	1184.18	1209.36	1237.02	1265.1	1285.66	1321.68	1435.22	1569.74	1604.3	1701.84	1889.95	1956.16	2130.06	2286
LTR27B	47	50.14	52	55.98	62.52	63	65.12	68	90.48	107.88	148.8	165.18	169.36	172.94	186	195.1	199.08	200.46	201	221.96	236.6	237	238.36	239	239.24	241	241	244.78	255.96	271.42	294.4	309.7	338.6	369.62	374.68	390.2	416.72	422.8	466.4	487.64	490.6	494.74	501.76	509.36	516.32	526	538.36	542	546.4	555.24	558	560.76	562.76	565	565.52	567.8	572	573.32	575	575.84	577	578.36	580	580.94	582.32	583.7	584.08	585	585	585.22	586	586	587	587.74	592.6	597	598.76	599	604.12	611.12	618.6	621.78	623.48	630.86	661.68	667.1	673.36	730.9	759.08	800.78	817.2	818	833.36	836.68	840.16	843.7	855.76	865.44	889.24	936.06	1072
LTR47B4	17	39.54	62.08	79.92	83.76	84.9	90.28	103.9	116.08	118.82	121.4	131.36	148.44	191.48	225.88	241	256.92	265.64	271.48	287.02	296.8	299.16	303.36	306	313.8	321.5	322	322	322.44	324.68	327	331.18	339.44	346.08	366.48	393.9	399.08	407.26	408.24	409.22	410.4	412.18	413.48	416	416	416.1	417	417.06	418.12	421	421	421	421	421	421	421	421.88	422	422	422.82	423	423	423	424.48	425.72	426	426	426.66	427.64	428	429.2	430	430.56	431	432.04	433	433	433.46	434	434.42	435	435	435	435.34	436	436.3	437.28	438.52	440.24	441	442	446.18	447.16	448.14	449.12	450.1	451.08	452.06	453.12	456.3	471
LTR19-int	17	28.36	35.12	38.72	42.2	57.2	64.96	72	87.2	97.2	103.2	110.76	120.72	130.64	145.04	154.8	177.36	199.2	228.4	234.28	270.8	275.52	291.24	297.76	312.44	338	355.56	358.84	371.8	396.24	441.4	457.36	468.12	492.48	513.16	524.8	534.48	537.72	574.56	612.12	621	622.92	643.16	668.36	691.68	715.8	761.04	789.8	807.92	835.6	867	909.4	1020.44	1031	1039.08	1053.6	1055.44	1058	1061.88	1073.84	1124.6	1175.32	1183.48	1190.76	1206.36	1222.8	1278.6	1322.8	1364.44	1389.32	1410.8	1482.24	1576.68	1621.16	1665.08	1740	1931.76	1967.72	1982.52	2001.92	2057.4	2138.64	2223.72	2249.36	2318.44	2455	2533.96	2690.2	2749.48	2766.04	3081.4	3282.28	3810.88	3838.32	3848.4	3918.8	4018.68	4459.71999999999	5783.72	6203.8	6346
HERVIP10B3-int	42	44	44	49.6	75	114	116	120.6	139	155	174	199.4	216	240	274.2	304	349	369.6	430.4	443.8	459	495.8	524.2	540.2	551	561	606.6	618	618	618.4	632	734.8	753.8	781.8	796.8	815	899.6	923.6	936.4	981	1018	1025.6	1037.6	1113.6	1157.4	1195	1195	1211.4	1225	1237.6	1259	1299.2	1334.4	1379.2	1540.8	1558	1745.8	1845.2	1903.6	2082.2	2108	2195.2	2235	2238.2	2348.4	2396	2509.6	2622.4	2664	2778.8	2896	2970.6	3076.4	3207.6	3281.6	3315	3835.6	4138.2	4421.4	4576.2	4657	4777.4	4865.4	4923.8	4983	5155	5334.4	5554.4	5741.6	6085.6	6564	6580	7013.80000000001	7646.6	7659	7664	7693.6	7696.2	7731.4	8329.4	8574
Merlin1_HS	25	28.36	31.6	34.4	36.48	37.6	38	38	39.44	41.2	44	46.16	46.72	50.64	57.92	63.2	67.68	70.6	73.08	73.64	74.6	76.28	78.28	80.52	86.72	94	94	94.24	95.36	96.24	96.8	101.32	108.04	111.88	115	115	115.48	117.16	118.84	120.52	127.4	136.36	140.12	143.96	150.68	162	181.6	192.88	197.92	200.32	202	203.68	205.48	207.72	209.48	210.6	220.72	235.84	238.48	240.2	257	274.12	292.04	302.96	306.88	328	356	367.88	378.28	387.24	393	393	402.92	420.28	435	449	456.84	470.08	503.12	532.32	556.4	572.56	584.32	589.84	595.96	623.4	650.36	676.12	689.84	691.52	718	754.4	798.08	842.56	888.48	941.2	1006.16	1085.52	1175.68	1195	1195
LTR108a_Mam	40	40.84	49.16	57.68	63.8	67	67.04	67.88	73.76	78.8	84.2	89.48	91.32	94.68	101.84	105.8	108.32	110	110.24	111.92	116	117	117	118.28	123.72	138	138.84	141.72	154.44	166.08	168.6	171.12	173.64	195.6	211.28	218.2	223.12	233.4	237.6	250.92	258.6	264.08	271.08	279.24	280.92	281.8	284.56	286.48	290.2	301	322	349.72	359.08	363.08	369.68	380	388.2	392.4	403.08	419.88	430	430.96	434.8	443.2	448.56	450.6	452.32	457.36	466.48	469.84	475.6	477.64	478.96	480.32	481	481	488.56	490	490.52	491	491.4	493	493	493.72	494	494	494.24	495.08	495.92	497.52	498.6	499.44	500.56	502.48	505.84	506	507.28	508.48	511.24	516.16	517
MSTC-int	12	53.3	99.16	148.46	176.84	199.7	205.88	265.06	283.44	286	316.6	364.38	385.76	421.68	464.72	469.7	487.2	496.66	510.76	520.34	524.2	527.74	532.56	538	546.52	550.5	564.44	581.84	586.44	608.26	615.6	623	623	623	625.32	632	633.84	638.04	665.8	686.44	688.2	703.18	707.6	723.96	746.24	775.5	794.16	809	822.28	863.64	971	973.96	977.96	978	978	978	992	1067.68	1154	1230.56	1279.8	1313.18	1340.16	1427.7	1461.64	1465	1465	1465	1497	1526.86	1543.2	1604.26	1632.92	1650.26	1671.96	1692	1698.92	1727.06	1740.16	1769.7	1833.2	1879.46	1895.6	1947.1	1982.64	2031.6	2058.12	2105.52	2118.92	2171.92	2211.8	2242.9	2281.96	2307.56	2358.28	2444.5	2450.28	2468.12	2471.04	2511.96	2571
X10b_DNA	37	45.88	47.88	48	50.88	53.7	55.82	59.79	61	64	65.7	66	66	67.61	68.58	70	71	72.49	73	73	74.4	75	76	77	78	78.25	81	81	82.16	84.13	85	86	86	87	88	89	90	91	91.86	94	94	95	98	99.71	100.68	102.3	103	104	104.56	106.53	107	107.47	108	109.41	110	112	112.32	114.29	116	117	118	119	120	121	123	124	126.02	128	130	131	133	133.87	135	137	138	139	139.72	140	141	141	142	143	145.54	147	147.48	148	150.42	151	154	155	157.3	158	160	164	165	165.3	168	170	173	175.09	185
MER83B-int	18	26.93	37.48	47.86	55.44	61.55	63.86	72.17	74	79.16	81.4	85	85.72	91.09	97.68	104.65	126.28	132	134.74	141.89	147.4	150.02	154.82	159.52	163.44	168.75	172.06	176.37	180.68	182.99	184.3	186.22	189.84	193.23	196.62	214.55	229.64	242.23	263.58	293	311.4	331.84	340.4	374.99	383.28	400.2	424.52	431.71	440.4	450.19	459	476.48	483.12	488	506.92	541.45	580.96	627.76	645.94	665.74	674.8	684.91	695.66	705.59	711.2	722.6	742.9	769.4	781.16	799.95	828.5	874.729999999999	972.36	991.63	1047.66	1096.5	1119	1119	1183.8	1233.39	1260.8	1272.22	1290.66	1319.03	1342.12	1370.15	1427.94	1461.22	1472.84	1531.01	1719.9	1766.42	1947.8	1984.79	2122.04	2386.3	2517.88	2790.89	2887.06	3347.47	3468
Eutr2	36	40.58	44.16	46	48.32	50	52	52	52.64	55	58.8	61	64	64.77	66.18	70	70	71.93	73	73	74	75.09	76.38	79.67	80	81.25	83	83.83	85.24	87	88	88.99	90.28	91	92.86	93.3	96.88	98.73	101.04	103.31	104.6	105.89	109	110	111	113.05	114.34	117.26	118.92	120.21	124	125.79	126	128	128.66	130	132.24	133	135.64	136.22	138	138.69	140.96	143.54	146	146	148.56	153.72	156.72	160	160.9	164.59	166	169.34	171.92	175.5	178.12	183	183.62	189.55	193	197.43	210.8	226.56	237.72	241.95	252.52	261.23	264.04	279.34	292.4	311.39	344.12	391.82	427.3	440.1	459.88	551.68	658.959999999999	727.43	830
UCON39	31	42.3	47.48	52.8	61.48	63	64.8	69.26	72.44	74	74.6	75.66	78.16	79.78	80.84	81.9	82.96	83.08	87	87	87.4	89.26	90	90.38	91	92	93.56	95.86	100.4	102.74	103	104.72	105	106.96	107.16	111	111.32	113	113	113.34	114	115.38	118.04	119	119	119.7	120.76	122.64	123	124.88	127	129	129.24	131.18	132	132	132.36	133.42	134	137.78	141	142.98	144	145.56	146	146.9	147	148.04	150.08	151	151.4	153.26	154.32	156.14	158.44	159.5	160	160	160.68	161	165.8	167	167.92	169.96	172	172.1	173.16	174.22	175.28	176	176.8	178	178	179.16	180.64	181	181	184.28	185.88	188.82	193
MER61F	12	12	12	32.25	40	44	62	86	98	98.75	111.5	128.75	138	146	164.5	169.5	184	185.25	193	204.5	208	211	286	366.25	383	403	406	416.5	429	445.25	464	465.5	467	471.25	476.5	481.75	494	498	504.5	520	531	565.5	575.5	583.25	584	584	584.5	585	586	587	587.5	588	588	588.25	589	589	589	589	589.5	590	590	591	591	591	591	593.25	594.5	595.75	597	598	598	598	599	601	602	603	603	604	604.5	605	614	616.5	618.5	619.75	622	622.5	625	626.75	630	633.25	635.5	637.75	640	644.75	654	655.75	660	665.5	691.5	710	726
LTR1A1	18	76.76	91.66	119.42	152.84	176.9	211.26	230.31	268.04	306.39	331.9	361.45	380	393.23	437.98	441.7	450.12	481	494.36	517.05	550.2	605.57	627	638.33	664.96	684.5	700.76	712.69	730.96	736	749	752.67	753.16	757.27	758.46	760	761.84	763	764	765.41	769	770	771	772	773.36	775.55	777	778	779	779.31	780.5	781.69	782	784	784	785	785	786	787	787.21	788	788.59	789	789	790	790	791	792	793	794	794	795	795	796	796.06	797	798	799	799	799	800	801	801.58	802	803	804	805	806	807	809.82	811	813.29	819.48	823.01	824.86	829.2	835.68	847.43	851.62	857.81	1412
MLT1-int	16	34.28	41.56	47.21	48.56	54.35	56	57.49	59.12	63.63	65.4	66	69	69	70	75.05	76.6	82	89.52	92.66	94.4	99.41	104.54	108.44	113	119.5	121.64	127.67	129.92	134	136	136.17	138.68	144.31	148	153.45	155.52	158.59	165	167	168	172	179	185.03	192.08	195	203.44	206.29	212.72	216.43	222	237.71	241.64	269.81	284.56	286.85	301.88	309.95	316.3	323.13	324.6	328.27	334.04	344.23	356.96	371.2	382.44	388.69	397.76	403.49	410.9	411.97	422.32	446	447.72	461.75	468.96	500.51	520.22	539.48	586.2	598.69	625.28	642.43	668.68	682.4	687.16	700.36	709.96	750.15	772.8	808.65	850	852.04	891.18	920	1052.24	1089.07	1135.16	1138	1458
EUTREP4	17	37.86	44.58	45.79	51	53.3	55.58	59.02	62.44	65	67	69	70	71	72	72.95	73.88	74.81	75.74	78	79	79	80.46	82	82.32	83.25	84	84.22	88	89	89.9	91.83	92	93	93	94	95	97	99.34	101	102.2	105	106.06	107.99	109	110.85	113.78	116.42	117	118	120	121.43	125.36	126.58	129.22	130.3	132	134	134	136.74	137	138.73	139.66	140	142.52	143.45	145.38	146.62	153	155.34	158	159	160	165.67	168.82	171.75	174	177.83	179.54	181.47	184.4	190.33	199.04	206.19	211.36	219.4	231.94	236.82	261.68	271.08	274	277.26	294.12	301.49	308.84	334.2	350.879999999999	394.63	421	457.26	551
LTR72B	14	19.61	24.32	30.66	37.64	46.45	55.66	59.54	66.28	73.39	88.2	92.13	95.28	103.58	105.54	106.75	111	117.07	124.98	129.54	135	135	138.42	139.06	141.64	145	146.72	148.47	150.08	151.69	154.3	159.55	186.76	197.52	212.84	220.15	227.92	254.28	256.18	257.79	260.4	262.01	264.86	269.69	293	305.6	331.7	380.03	385	385.89	392.5	407	407.72	417.66	422.76	432.7	444	444	449.14	456.94	459	461	461.82	464	467.08	469	470	470	470	472	472	476.31	477	478.53	479.14	481.5	482.36	483.97	485	485	485.8	486.41	488	488	489	489	489.46	491	491.68	492.29	493.9	495	496.12	497	497.68	500.9	502.68	506.51	509.78	515	525
LTR27E	23	40.69	60.14	79.28	101.24	122.45	140.66	159.49	174.52	176.21	178.8	188.13	197.8	207.91	241.98	259.6	288.84	309.73	336.52	362.33	365	369.49	394.74	436.96	545.52	560.75	582.7	674.36	728.92	738.06	762.2	776.85	796.44	816.08	838.76	846.3	851.36	857	860	866.37	874.4	876.29	882.88	891.67	893	894.1	897.48	899.86	905.12	906.81	909.5	917.19	918.88	922	924.52	933.6	934	934.33	935	936.42	938.8	945.27	948	950	951.16	952.85	954	959.46	961	965.61	967.6	969	970	970.74	973.24	979.25	983.44	996.78	1005.28	1007	1009	1009.89	1014.74	1018.08	1023.88	1025	1029.72	1042.09	1047.88	1050.23	1052.3	1055.79	1061.92	1066.68	1073.44	1085.75	1099.24	1101.86	1106.72	1111.86	1150
L1P4b	10	21.08	43.24	49.1	56.32	62.9	65.72	69.56	78.32	79.86	86.4	88.88	113.68	139.12	147.24	163	174.56	183.54	186.72	194.78	197	201.72	207.88	222.42	226.84	231	251.52	267.48	276	329.9	345	379.96	394.32	428.46	433.16	437	455.76	491.6	575.16	603.44	628.4	642.42	664.04	679.18	703.88	707	707	707	707	710.3	732	733.62	735	735	735	739.9	776.880000000001	850.02	936.64	939.72	992.8	1015.94	1027.48	1063.44	1092.84	1111.3	1135.2	1147.18	1158.8	1176.44	1217.8	1230.12	1251.68	1257	1257	1258	1302.24	1388.84	1455.24	1457	1484	1499.54	1523.56	1525	1532	1532	1532	1568.26	1580.2	1629.66	1664.6	1681	1686.44	2062.88	2138.2	2224.3	2436.4	2512.4	2779.12	3143.92	3892
Eulor9B	11	21.14	31.28	41.42	50.44	53.3	56.16	59.02	61.08	61.34	61.6	61.86	62.24	62.76	63.28	63.8	64.16	64.42	64.68	64.94	65.2	65.46	65.72	65.98	66.24	66.5	66.76	67.02	67.28	67.54	67.8	68.6	71.2	73.8	76.4	78.3	79.08	79.86	80.64	81.14	81.4	81.66	81.92	82.72	83.76	84.8	85.84	87.76	89.84	91.92	94	94.78	95.56	96.34	97.12	97.9	98.68	99.46	101.76	107.48	113.2	118.92	122.48	123.52	124.56	125.6	130.48	137.76	145.04	152.32	154	154	154	154	154.24	154.5	154.76	155.14	156.96	158.78	160.6	164.16	173.52	182.88	192.24	199.7	204.12	208.54	212.96	215.42	216.2	216.98	217.76	221.6	226.8	232	237.2	238.66	239.44	240.22	241
L1M3a	16	37.35	45	49.05	56.8	66.5	73	77	78.6	87.15	97	100	102	103	103.9	104	106	110	116.9	122	129	132.05	138	142.05	148	151.5	156.2	161	163.6	168.15	175	178	181.4	193.55	208.2	213	221	229.7	237.2	245.95	258	264	272.7	279.05	283.8	298	310	317	320	335.15	339.5	355.25	364.6	378	382.9	392.75	407	416.95	419.9	428.65	437	444.35	448	453.05	458	470.75	485.9	513.6	533	568.45	582	613.75	631.6	643.4	657	668.75	684	696.9	716.3	735.25	750	771.7	777.7	780	783.8	795.5	848.4	904.45	940	1014.2	1061	1080.55	1169	1224.4	1337.7	1416.5	1610.6	1718.9	1910.5	2337.6	3852
L1P3b	14	15.64	27.52	34.92	39.08	47	47	48.48	54.6	62.04	67	67.02	67.84	68.66	70.92	79.6	96.68	108.16	111.28	116.64	126.8	140.3	152.28	158.02	159.68	163	166.64	169.4	177.6	181.12	186.8	194.2	200.24	201.06	201.88	208.3	211	221.88	247.16	268.48	281	285.86	287.88	296.02	317.28	330.4	332.72	333.54	335.08	339.7	352	374.14	409.72	428.84	442.76	473.1	473.92	487.32	498.16	507.56	522	550.44	568.48	590.48	610.08	645.9	708.2	736.9	839.320000000001	893.62	918.4	931.22	932.16	935.44	938.04	951	963.32	969.32	1000.48	1061.28	1105	1124.68	1136.6	1168.5	1189	1194.1	1214.76	1254.08	1309.88	1386.14	1434.4	1450.34	1467.52	1493.28	1526.08	1649.9	1692.36	1735.94	1830.96	1960.08	2006
CR1-11_Crp	53	53.24	53.48	53.72	53.96	58	62.8	67.6	72.4	74.64	75.6	76.56	77.52	78.36	79.08	79.8	80.52	81.24	81.96	82.68	83.4	84.12	84.84	85.56	86.28	87	87.48	87.96	88.44	88.92	90	91.2	92.4	93.6	94.96	96.4	97.84	99.28	100	100	100	100	100.16	100.64	101.12	101.6	102.08	102.56	103.04	103.52	104	104.48	104.96	105.44	105.92	107	108.2	109.4	110.6	112.92	115.8	118.68	121.56	123.96	125.88	127.8	129.72	131.16	131.64	132.12	132.6	133.28	134.96	136.64	138.32	140	140.96	141.92	142.88	143.84	145.2	146.64	148.08	149.52	154.32	160.8	167.28	173.76	178.8	182.4	186	189.6	195.04	204.16	213.28	222.4	231.28	238.96	246.64	254.32	262
hAT-4b_Ther	33	41	41	41	47.4	54.7	59.1	62.89	66.48	70	71	72.97	74.24	77	79.56	84.5	94.32	95.59	97.86	104.13	106	107.34	110.94	113	117.44	120	121.08	126	128.56	129.83	131.3	136.22	142	143.91	146.72	150	150	156.97	158	160.53	163	164	165	165.61	167	168.15	170.84	173	176	178.23	179.5	181.77	183.04	184.31	186	193.7	197.36	207.56	217.98	223	224.8	229.41	231.74	236.03	241.28	243.1	253.64	256.09	261.08	264.89	266.9	276.17	282	284.71	288.98	294	299.04	301.79	307.24	318.66	326.2	333.87	340.14	353.51	371.04	378	379.22	385.98	399.16	421.57	445.4	462.85	479.08	492.77	506.94	536.95	549.68	590.26	759.280000000001	846.33	990
MER97d	13	21.88	32.76	37.12	57.48	67.8	70.64	74.52	75.88	81.72	85.8	89.88	94.32	95.68	98.32	107.6	110.76	115	115	116.68	119.8	127.48	132.84	150.28	151.64	154	156.08	158	159.24	162.88	167.2	171.8	176.52	177	196.24	198.8	209.6	215.44	227	228.08	230.4	234.04	237.72	244.44	246.84	248.6	254.36	257	259.4	264.28	268	270.72	272	278.32	282.44	283.8	284.32	288.6	301.56	303.24	310.6	316.92	323.56	329.68	340.08	348.8	359.76	361	363.4	369.36	372.2	373.56	377.68	430.68	435.64	516	535.64	562.52	680.32	693.68	708.4	728.280000000001	788.44	806.92	825.96	857.6	872.64	875.6	886.48	923.28	934	971.92	1053.84	1065.76	1090.48	1097.4	1123.64	1144.84	1161.12	1217.2	1241
LTR22C0	41	85.84	133.28	179.12	220.68	271.6	310.76	335.8	348.8	375.4	403.2	418	418.48	421.52	423.28	424.8	427.44	434.28	435	435.44	436.4	437.92	443.76	446	446.48	448	450.28	451.52	454.24	460.04	460.8	461	461.32	462.08	462.84	463	463	463.12	463.88	464.64	465.8	467.32	468.84	469.68	470	470.2	470.96	471	471.48	472	472	472.76	474.56	476.28	477.04	477.8	478	478.32	479	479	479.6	480	480.12	480.88	481.64	482	482.32	483.84	484	484.44	485.6	487.88	488	489.44	491	491	492.52	493	493.56	495.04	495.8	496	496.96	499.08	499.84	501.2	502.72	504.48	507.52	509.28	510.4	511.64	514.68	515.68	516.88	518.2	518.96	525.48	529.44	554.52	629
LTR68	17	32.49	39.92	44.94	51.92	56	58	59.43	62	62	62	66.17	69	72.37	76.72	83.35	87.52	91.33	95.82	98.31	99	109.29	115.78	119.27	121	128.25	133	136.23	138	138.21	142	144.19	147.36	150.17	151.66	157	161	167.26	173.24	181.22	183.6	190.09	195.16	201.07	204	212.2	223	228	237.52	249.02	255.5	268.98	271.48	277.97	283.38	288.95	296.44	298	300.1	309	316	319.89	330	330	339.72	345	348.34	360.3	369.64	380	387.2	396.95	406.28	409.77	411	414.75	417.24	425.19	431	439.71	453.8	462.38	472	490.69	516.28	537.6	551.14	566.93	575.24	584.22	601.2	621.31	628.32	647.57	659.06	665.1	681.24	698.12	711.12	725.51	835
CR1-L3B_Croc	46	46.36	46.72	47.08	47.44	47.8	48.16	48.52	48.88	49	49	49	49.64	50.36	51.08	51.8	52.52	53	53	53	53.4	54.12	54.84	55.28	55.64	56	56	56	56.08	56.44	56.8	57.32	58.04	58.76	59.24	59.6	59.96	60	60	60.04	60.4	60.76	61.24	61.96	62.68	63.6	64.68	65.76	66	66	66	66.72	67.44	68.08	68.44	68.8	69	69	69	70.2	72	73.8	75.28	76.72	78.12	79.2	80.28	81.12	81.48	81.84	83.6	86.48	89.36	97	106	115	125.44	135.88	144.16	144.88	145.6	146	146	146	146.48	147.2	147.92	154.72	162.28	169.36	172.6	175.84	181.48	191.92	202.36	209.4	213.72	218.04	241.68	270.84	300
LTR12_	18	51	61.58	82.74	98.48	103.45	111.7	162.15	203.28	220.66	269.8	324.9	375.96	393.62	404.3	439.7	449.64	456.86	460.66	469	473.2	479	484.38	498.01	508.88	518.25	524.54	529.83	537	541	547.8	550.99	553.28	555	558.58	561.15	563.44	567	568.02	571.31	574.6	577	582	583.47	586.76	593.05	595	600.63	602	607	610.5	617.58	622	627.11	634	635.95	639	641.53	647	651	652	656	658	660	661.56	662.85	664	669	671	673.02	676	677.59	679	681	683	684	685.04	687	687	688	690	692	696.78	698.07	699.36	701	703.94	705	705.52	707.81	710.1	713	722.36	738.7	758.26	767.65	781.2	793.17	826.180000000001	904	1793
L1P4d	10	39.64	46.32	48.96	57.28	60.6	71.6	78.48	87.28	90.82	100.6	103.26	107.68	115.22	120.72	128.4	138	147.32	152	156.86	184.2	190.16	192.52	193.9	198	202	210.16	213.46	228.88	240.56	246.4	260.84	263.12	267.12	287.12	313	313.76	316.26	341.4	347.48	350.8	384.18	389.88	402.84	430.24	443	477.04	498.38	522.44	532.02	561	573.96	583.68	602.94	608	625.1	641.52	667.3	686.48	707.4	720	750.58	783.28	880.02	903.72	939.4	971.16	984.52	1023.4	1069.08	1121.4	1128.72	1137.76	1155.16	1171.72	1198	1280.56	1332.54	1368.48	1420.96	1492.8	1514.46	1523.8	1576.78	1601.44	1700.7	1871.96	1953.6	2047.76	2114.62	2186.4	2227	2286.96	2345.62	2599.08	2673.7	2775.52	2893.62	3519.12	4170.66	4712
CR1-13_AMi	35	39.03	42.08	46.24	54.12	57.15	60.12	62	62.16	64.63	71.2	73.11	74.24	76.13	77	77.15	78	78.34	80.36	82.57	86.2	91.42	93	93	93.24	95.25	99.52	101.27	102	102.29	103.9	106.31	107.32	109.65	114.02	116.35	117.36	119.11	121.38	123.17	126.6	129.82	131.42	132.86	134	134.9	137.84	140	140	140.49	141.5	145.06	148.52	151.12	153.54	154.55	157.24	159	159	160.18	162.8	164	164	164.63	166.28	167	171.62	174	176.04	177.69	181.5	187.26	193.32	195.73	198.22	201.25	203.52	204.77	205.78	208.37	209.8	214.86	223.38	229.98	233.52	238.25	245.02	259.92	262	265.56	266	269.64	279.2	295.81	297.94	303.7	311.68	324.61	342.64	343	419
PRIMAX-int	31	33.76	39.56	48.05	58.4	62	62.84	66.98	69.56	71.63	73.7	78.72	82.56	83.94	84.66	85.7	87.08	88.46	90.26	92.88	98.4	102.45	105	105	112.28	118	118	118	118.96	121.01	121.7	123.56	126.56	131.39	133.46	135.05	139.88	142.59	144	144	147.6	150	150	152.68	156.52	161	161	170.03	183.68	193.34	196	196.19	196.88	198.14	202.38	211.35	212.64	215.31	220.56	239.88	250	255.16	271.72	288.28	302.6	309.5	325.04	337.23	337.92	342.27	354	374.7	375.68	378.22	384.22	409.75	427.36	439.56	447.84	458.16	475.6	508.72	515.16	521.13	534.24	535.65	554.36	591.38	623.12	653.63	685.8	732.72	832.440000000001	949.48	1048.84	1098.7	1123.24	1123.93	1450.12	1873.2	2370
LTR40A1	11	28.24	38.12	43	45.24	47	51.36	53.84	56	58	62	63	65.72	68	69	70	73	74.52	76.08	79	82	83	88	89.88	92	98	100	104	108.36	115.24	117	122.36	125.92	132.44	140.04	144.8	150.16	154.72	157	159.84	167	169.96	178.04	181	187.92	195.2	200	211.32	219.88	224	231	234	241.12	246.68	250	259.2	268	274	290.96	297	305.6	316	318	324	325.84	330.4	340.88	348.52	351	353	361	365.76	377.28	384	392.44	402	411.12	415	426	434.24	437.8	442	446	451.96	458.04	461.6	468.32	475.72	481.28	492.68	496	498.92	506.04	515.16	526.64	536	548.28	559.32	576.04	590.76	647
UCON86	41	44.25	47.8	51.7	52.6	54.75	59.3	60.55	61	61	61.5	62	62	62.45	63.7	68.25	72	75.1	76.4	77.35	78	79.3	82.7	88.55	89.6	91.25	94.5	99.95	104.4	105.7	107	108	108	112.95	119	119	119.4	120.05	120.7	121	121	124.9	127.3	127.95	128.6	129.25	129.9	130.55	132	135.25	137.5	139.15	139.8	140.45	141.1	141.75	143.6	146.4	151.6	154	154	157.25	159.3	159.95	160	161.75	166.3	168.65	170.6	172.55	174	175.6	178.2	181.7	185.3	187.25	188.8	191.05	204.7	212.05	214	214	217.3	224.45	225	225.5	226.8	228.65	231	234.25	241	251.2	269.4	280.85	290	303	315.6	327.7	336.8	367.95	418
LTR28	58	68.7	89.4	99.9	109.2	139.5	173.8	185.7	211.6	214.7	221	231.3	253.6	271.1	286.6	321.5	393.2	438.5	443.8	452.7	465	476.7	500.8	510.7	565.4	590.5	622	649.5	728	738.7	747	760.4	806.2	831.6	834.4	839.5	851	860.4	865.2	870.5	874	876.9	880.2	882.8	885.4	888.5	894	896.7	903.8	908.5	912	913.6	915.6	919.6	921.2	922.5	923.8	924.4	928	928	930	930.6	932	932	933.4	935	935	935.1	936.4	937	939	940.3	941	941.9	944.2	950.5	952.8	953.5	958.4	960.4	963	964	965.2	968.7	969	970	971	972.1	974.2	978.1	980	984.2	989.4	994.6	995	996.5	1008.4	1015.1	1051	1136.2	1178
L1MEa	10	21.64	32.08	39.62	44.16	49.8	59.24	61	65	65	65.8	71.94	76.96	81.04	85.56	89.1	91.64	95.54	104.72	108.26	109	109	113.88	115.42	118.92	121.5	126.08	129.16	133.36	137	141.2	144	147	149.82	152	154.9	160	163.96	166.52	171.12	173.6	180.14	182.36	189	190	196	199.84	202.38	207.92	214.46	226	237.08	243.32	247	255.8	274	282	285.56	289	299.86	309.4	313.94	320.96	335.06	344.24	356.1	362	368.36	375.44	393.26	402.8	415.36	428.4	444.68	448.92	464	473.08	503	509.32	535.98	548.8	564.74	572.12	592.64	612.36	623.7	642.44	705.72	760.88	782.36	811.4	834.26	871.24	893.86	940.960000000001	985.8	1115.2	1286.08	1412.52	1582	2376
L1M2a1	34	44.33	57.98	73.28	75	75	77	77.66	81.08	87.26	102.5	105	106.68	117.58	126.32	133.8	145.04	149.68	163.68	169.66	196	205.96	213.9	222.44	245.68	288	298.94	312.13	323.88	351.59	358.1	416.85	435.88	455.18	481.38	497.95	515.24	594.09	597.66	603.28	617	624.58	628.92	649.74	669.44	690.15	713.88	717.93	749.72	755.62	766	777.07	790.32	800.21	805.6	819.3	827	861.860000000001	874.44	898.31	907.4	910.95	913	914.94	989.12	1019.15	1028.78	1044.41	1076.6	1103.86	1130.3	1144.86	1152.68	1158.22	1168.12	1170.25	1171.88	1217.1	1297.12	1370.02	1372.2	1378.07	1394.7	1424.87	1464.64	1522.65	1687.04	1780.71	1859.8	1908.31	1947.4	2140.86	2165.48	2175.38	2256.54	2303.3	2575.96	3038.47	3488.92	3770.86	5605
MER132	47	48.8	50.6	52.16	52.88	53.6	54.48	55.56	56.64	61.56	68.4	75.24	76	76	76	76	76	76	76	76	77.4	79.92	82.44	83	83	83	83.36	83.72	84.88	88.84	92.8	95.32	96.04	96.76	97.48	98.2	98.92	99.32	99.68	100.08	100.8	101.52	102.6	104.4	106.2	107.8	109.24	110.68	112.4	114.2	116	117.44	118.88	120.08	120.44	120.8	121	121	121	122.2	124	125.8	127.28	128.72	130.04	130.4	130.76	131.12	131.48	131.84	132.2	132.56	132.92	133.28	133.64	134	135.44	136.88	138.64	141.52	144.4	146.32	147.04	147.76	150.16	153.4	156.64	157.32	157.68	158.08	158.8	159.52	160.24	160.96	161.68	163.4	165.92	168.44	169.84	170.92	172
UCON8	40	46.45	56.1	58.3	61	63	64.9	67.35	70.8	76.25	81	82.55	86.6	88.65	91.7	93	93.8	96.55	98	99.95	101	104.15	107.1	108.15	109.2	110.25	112	113.35	117	117.9	120.5	122	123	123	126.1	127.75	128	128.85	130.9	132.95	133	137	138.1	139.15	141.2	143	145.3	148.35	150	151.35	154	154.55	156.2	159.6	163.4	165	166	166.85	168	169	171	174	176	176.15	177.6	180	182.3	189.5	196.4	199.45	202	203.55	205.6	208.3	210.7	211.75	215.4	217	218.9	219.95	223	225.15	231.8	242.9	251.4	256.25	261.2	267.1	282.2	291.35	307.5	317.95	335.6	342.65	346	362.5	370.8	397.55	409.6	504.5	546
X2_LINE	39	45.4	50.4	58.1	60.8	62.5	65	65.3	66.6	73.4	81	87.8	89.6	90.7	93	94.5	97	99	101.6	109.1	111	113	113	114	115.2	116.5	118.8	121.6	123.6	126.4	131	132.9	134.6	139.8	141.6	142.5	145	145	145.2	146.1	150	152	153.8	154.7	157.2	161	163	168.6	170.4	173.2	176	176.9	178	179.7	185.2	187	189.4	191.3	192	192.2	194	196	199.2	201	202.6	204.5	205.4	206.3	207.6	214.1	215	221.6	222.8	225	226	230	233.4	235.6	237.2	239	241	244.8	249.6	252.7	256	259	263	264.6	268.4	276.6	291	292.9	306	316	320.6	338.5	373.8	393.5	447.599999999999	523.6	691
MARE6	11	39.28	42.52	48	48	48	60.4	70.32	73.16	83.44	85	88.36	90.12	94	94	94	95.08	96	99.84	102.88	107.6	112.48	114.36	116.96	124.24	129	130	131	132.64	134.04	137	141.12	148.32	150.2	158.68	170.4	177.04	178.56	185.76	189	189.4	192	200.64	201.84	204.16	206.2	209.48	213.36	223.44	229.36	233	237.88	239.76	248.92	251	253.4	255.84	258.16	265.12	268.92	272.6	277.04	296.36	302.76	307.28	312.2	314	314.96	317.68	318.72	321.8	324.48	327.36	329.68	337.84	347	363	366.52	372.28	378	382	392.28	395.32	404.24	421.96	452.2	458.72	462	481	516.76	532.6	538.28	554.92	594.6	628.72	664.8	694.32	755.68	778.84	820.32	865
X22_DNA	62	63.61	65.22	66.83	68.44	69.6	70.52	71.44	72.36	73.63	75.7	77.77	79.84	81.91	85.52	89.2	92.88	96.56	98.84	100.22	101.6	102.98	104	104	104	104	104	104.21	104.44	104.67	104.9	105.26	105.72	106.18	106.64	107.35	108.96	110.57	112.18	113.79	115	116.15	117.3	118.45	120.32	122.85	125.38	127.91	130.12	130.81	131.5	132.19	132.88	133	133	133	133	133.22	133.68	134.14	134.6	135.09	135.78	136.47	137.16	137.85	138.54	139.23	139.92	140.61	141.1	141.33	141.56	141.79	142.08	143	143.92	144.84	145.76	146.34	146.8	147.26	147.72	148.27	148.96	149.65	150.34	151	151	151	151	151	151.16	151.39	151.62	151.85	152.08	152.31	152.54	152.77	153
MER125	51	55.39	56.78	59	59.56	67.6	73.68	75.73	77	77.51	79.8	80	80.68	83.07	84	84.85	86.24	88.89	91	91	91.8	93.19	94.58	95.97	97	97.75	98	98.53	99.92	100.31	101.7	104.09	105	105.87	106	106.65	108	108.43	109.82	110.21	111	111.99	112.38	113.77	115	115	115.94	116.66	118	119	119.5	120	123	123.67	124	124.45	125.84	126.23	127.62	128	128.4	129	129.18	130.57	131	132	132	132.13	133	133	135.3	136	137	137.47	138.86	139	140.92	144	144	144.81	147	147	147	148.37	149	150	150	150	154	154	154	155.96	158.88	161.27	162.66	166.05	167.88	169.83	172.22	174.22	176
Eulor6B	44	47.78	52.08	57.12	60.6	64.5	70.8	73.82	75.12	77.01	79.8	83.58	84.56	85.38	86.64	88.8	91	91	92.02	93.91	94.6	95.92	98.44	101.45	104.12	104.75	105.38	106.06	109.84	112	112	116.77	121.16	121.79	122.84	124.1	125.36	127.24	129.76	131.71	133.2	133.83	134.46	135.09	135.72	137.05	138.94	139.61	140	140	141.5	143	143	143.78	145.04	146.3	147.28	147.91	152.32	156	156	157.72	160.06	160.69	162.28	164.8	168.48	176.04	191.16	195.47	196.2	197.46	200.52	204.93	207.48	214	226.6	229	229.28	230.54	232.6	235.27	240.94	253.86	275.28	278.55	279	279	286.92	297.49	301.9	308.29	316.48	318.18	319.22	319.85	321.44	323	323	326.33	332
MER68B	15	39.33	47	51	52	58.55	63.98	67.77	69	74	77	81.21	83.64	88.43	92.08	96.65	97.76	102.87	109.94	116.18	136	143.62	151.26	164	168.28	176	191.72	196.91	219.08	229.38	236.2	241.41	243.52	251	258.96	266.85	269	274.14	277.18	282	285.4	288	293.62	295.73	301.84	312	321.06	326	339	343	354.5	363	371.32	381.98	393.82	399.1	405	418.81	431.38	438.49	445.6	453.71	465.28	470.79	477.08	483.15	485.26	490	491	495	496.7	500	503	508.03	510.14	514.5	518	521	523	524	527	527	529	530.13	534	539	540	547	548	550	551	552	553	555.23	558	559	562.12	567.01	572.78	585.9	620
MER123	65	70.4	75.8	77.35	77.8	80.75	85.7	90.05	93.2	96.15	97.5	98.85	100.6	102.4	103.3	103.75	104.2	104.65	105.8	109.4	113	116.6	120.2	121	121	121.75	123.1	124.6	126.4	128.25	130.5	132.75	134.2	135.55	139.3	144.25	147.4	148.3	149.1	149.55	150	150.45	150.9	152.75	155	157.75	160.9	163.15	163.6	164.25	166.5	168.75	173.8	179.2	181.9	183.25	184.4	185.3	186.3	187.65	189	189.9	190.8	191.7	192.6	193.5	194.4	195	195	195.15	196.5	197.85	198.4	198.85	199.3	199.75	200.2	200.65	201	201	201	201.9	202.8	203	203	203.25	203.7	204.15	204.6	205.25	207.5	209.75	212.4	215.1	217.8	220.5	224.4	229.8	237.4	252.7	268
MER95	11	14.38	15.76	21.7	35.88	49.5	56.36	69.62	79.08	81.84	83	85.34	98.8	101	101	101.7	107.32	111	112.68	118.98	127.2	128.98	131	131.74	142.72	149.5	154.52	156.26	157.64	161.02	164.4	169.56	170.96	185.72	194.92	196.8	201.68	204	212.36	226.28	228.2	230.74	245.44	254.16	275.04	280.7	288.44	295.16	302.08	321.2	347	355.14	357.76	360.28	365.64	373.5	378	378.66	380.08	382.84	384	388.18	389.56	391.88	392.64	394	395.16	397	397	399	399	399.98	400	400.74	401.12	402	403.76	404	404.64	406.02	407.4	408	409.16	410.54	411.92	412	412.68	414	414.44	415	415.2	416.58	417	418.34	421.16	423	423.96	425.86	427.24	431.72	436
Eulor6A	33	39.09	45.18	51.27	54.16	54.45	54.74	55.18	56.92	58.66	60.4	62.52	64.84	67.16	69.42	71.45	73.48	75.51	76.44	77.02	77.6	78.36	79.52	80.68	81.84	82	82	82	85.48	93.89	102.3	110.71	116.32	121.83	127.34	130	130	130	130.02	130.31	130.6	130.89	132.8	135.7	138.6	141	141	141	141	142.26	144	145.74	147.32	148.48	149.64	150.8	151.48	152.06	152.64	153.11	153.4	153.69	153.98	155.89	157.92	159.95	161	161	161	161.01	161.3	161.59	161.88	162.34	162.92	163.5	164.12	164.99	165.86	166.73	167.4	167.98	168.56	169.28	170.44	171.6	172.76	177.14	182.36	187.58	193.4	200.36	207.32	214.28	216.82	218.85	220.88	222.39	223.26	224.13	225
UCON97	52	55.69	59.38	61.23	61.64	62.45	66.14	69.83	71.56	72.38	73.2	74.02	74.84	75.33	75.74	76.6	78.24	79.88	80.38	80.79	81.8	83.44	85.08	86.72	88.36	89.5	90.32	91.14	91.96	92.78	93	93	93.48	95.12	96.76	99.1	101.56	103.17	103.58	103.99	109.6	115.34	118.22	118.63	119.16	120.8	122.44	123.54	124.36	125	125	125	125.64	126.46	127	127	127	130.7	134.8	137.38	138.2	139.02	139.84	140.66	144.12	149.45	154.06	154.47	154.88	157.32	160.6	163.44	165.08	166.72	167	167	168.76	173.27	177.78	188.53	199.6	206.68	209.96	213.57	221.36	229.15	234.34	238.03	241.32	242.96	244.6	255.54	269.48	279.13	279.54	279.95	283.24	286.93	292.24	299.62	307
Eulor5A	40	41	43	50.25	55	61	61.5	62	63	64.5	66.5	67.75	68	71	72	73	73	75.75	78.5	79	83	83.25	85	86	86	88.25	89	89.75	92	92.25	93	95.25	102	102.25	103.5	107.75	110	111	113	115	116	119.25	124	125.75	127	129.5	131	132.5	133	135	135.5	136	136	138.25	140.5	142.75	143	145	145.5	146	151	152	152.5	154.5	156	157.5	159.5	161.5	165	167	167.5	168.75	170	170.75	173.5	175.5	176	179	180.5	183.5	185	185.5	195	205.25	216	224	233	239	241	241.25	245	254	258	269.25	284	289	291	294	300	313.5	320
MER61C	32	45.84	75.32	86.28	94.2	102.5	109	122.44	134.12	155.16	247	267.42	274.52	282.94	300.44	301.9	304.08	309.28	316.28	321	323.2	326.66	328.12	330	331	331.5	333.96	334	335.76	337	338.8	340	340	341	342	344	347	347	347	349.94	354.8	362.72	367.24	375.56	382.24	385.1	386.32	390.24	393	395	396	398.38	400	402.38	403	404	404	405.22	407	409	410	411	412.04	413.98	415	415.9	416.36	417	417	417.74	418	418	419	419.58	420	421	421.96	423.42	424.88	426.34	427	428	428	429	429	430	430	431	431.48	432	433	434	435.32	438	439	440.7	444	445	447.32	456.54	474
HERVK14-int	20	26.08	30.32	48.24	72	72.2	75.96	84.56	97.16	116.36	155.2	183.64	190	198.08	222.08	243.4	281	330.64	435.44	452.72	468	516.36	549.4	590.32	610.48	639	681.24	687	688.6	740.16	756.8	776.48	783.68	800.52	815.24	823	951.88	991.6	1070.44	1139.48	1150.4	1161.12	1170.36	1187.84	1218.12	1226.8	1233.68	1247.52	1259.6	1277.36	1294	1298	1298	1298	1302.96	1310.6	1323.92	1359.36	1383.6	1403.64	1458.6	1497.12	1519.76	1558.28	1572.72	1589.2	1614.64	1736.84	1808.32	1901.68	1965.2	2015.08	2057.76	2058	2058	2061	2129.52	2173.32	2246.48	2265.52	2356.4	2441.36	2529.04	2568.68	2628.36	2739	2959	2969.08	3090.68	3429.12	3730.4	3933.48	4133.08	4414.28	4656.36	4950.2	5301	5982.8	6616.92	6688.08	7646
MER61E	14	34.73	52.84	59	63.64	67	74.46	77	79	81	82.1	84	89.68	95.15	99.22	107.3	109	110	111	114.16	117.4	125.44	134.04	146.72	152.52	161.75	166.66	182.71	197.96	205.56	221.2	257.68	281.16	311.33	323	351.3	389.32	400.69	409.8	424.49	435.6	454.86	466.1	480.39	490.12	497.95	517.72	520	521.68	527	528.5	531.82	535.32	536	537	539.05	541	544.87	546.78	547	550.6	551	552.42	554	554	554.15	555.06	556	557	558	558	559	560	560.43	561	562	564.16	565.07	566	567	567.8	568	568	568	570	570.35	572	574.17	577	579	586.8	661.29	678.16	687.63	691	694.35	699.36	703	710.36	723.9	974
UCON69	59	61.16	63.32	65.48	67.32	68.4	69.48	70.56	72.44	74.87	77.3	79.73	80.24	80.51	80.78	81.35	83.24	85.13	87.02	88.13	88.4	88.67	88.94	89.63	90.44	91.25	92.08	93.16	94.24	95.32	96.1	96.37	96.64	96.91	97.36	97.9	98.44	98.98	99	99	99	99.21	100.02	100.83	101.64	103.95	107.46	110.97	114.48	115.23	115.5	115.77	116.4	119.1	121.8	124.5	126.72	128.34	129.96	131.58	132.4	132.94	133.48	134.02	134.56	135.1	135.64	136.09	136.36	136.63	136.9	139.04	142.28	145.52	148.76	152.5	156.28	160.06	164.26	169.93	175.6	181.27	185.96	189.74	193.52	197.3	198	198	198	198.24	200.4	202.56	204.72	208.64	215.12	221.6	228.08	256.6	294.4	332.2	370
MER133A	47	50.18	53.06	53.59	54.36	55.95	57.36	58.42	59.24	59.77	60	60	60	60	60.42	60.95	61.48	62	62	62.07	62.6	63.26	64.32	65.76	67.88	69	69	69	69	69.37	69.9	70.43	70.96	71	71.02	71.55	72.16	73.22	74.28	75.34	76	76	76.26	76.79	77.32	77.85	78.76	79.82	80.44	80.97	82.5	84.03	84.56	85	85	85.15	85.68	86.21	86.74	87	87	87.33	87.86	88	88	88.45	88.98	89	89	89	89.1	89.63	90.16	90.69	91	91	91.56	92.62	93	93	93	93	93.46	93.99	94	94	94	94.11	94.64	95.17	95.7	96.23	96.76	97	97	97.35	97.88	98	98	109.28	122
HERVL18-int	37	42.84	65.92	68.19	90.16	104.85	109.52	121.43	140.56	175.13	191.6	234.95	306.36	348.28	513.22	536.8	592.32	640.63	667.98	694.01	818.6	870.99	905.24	924.8	949.6	1048.5	1098.14	1180.2	1215.24	1252.37	1353.4	1368.78	1438.52	1514.8	1537.1	1549.55	1622.88	1697.22	1727.14	1830.62	1964	2126.02	2162.32	2201.78	2216.56	2307.8	2330.6	2355.86	2377.32	2389.62	2399	2408.38	2421.64	2452.7	2497.94	2507.45	2522.32	2536.05	2572.38	2663.52	2705	2716.53	2723.56	2741.86	2751.72	2799.85	3033.76	3105.55	3133.32	3160.21	3191.1	3212.49	3407.88	3489.29	3502.58	3688	3822	4062.12	4124.64	4371.53	4406.8	4431.95	4518.96	4731.01	4859.12	5022.3	5308.26	5413.89	5594.32	5810.61	5936.9	6179.08	6241.8	6335.53	6531.08	6598.4	6639.76	6661.62	6673.7	6698.29	6768
MLT1O-int	110	110.55	111.1	111.65	112.2	112.75	113.3	113.85	114.4	114.95	117.8	120.88	123.96	127.04	130.12	133.2	136.28	139.36	142.44	143	143	143	143	143	143	143	143	143	149.24	157.82	166.4	174.98	183.56	192.14	200.72	209.3	217.88	223.52	227.48	231.44	235.4	239.36	243.32	247.28	251.24	255.2	258.2	260.4	262.6	264.8	267	269.2	271.4	273.6	275.8	278.9	283.08	287.26	291.44	295.62	299.8	303.98	308.16	312.34	317.32	323.7	330.08	336.46	342.84	349.22	355.6	361.98	368.36	379.72	404.36	429	453.64	478.28	502.92	527.56	552.2	576.84	605.840000000001	654.46	703.08	751.7	800.32	848.94	897.56	946.18	994.8	1039.47	1044.64	1049.81	1054.98	1060.15	1065.32	1070.49	1075.66	1080.83	1086
MER72B	20	22.83	24.32	27.98	29	29	29	34.43	40.56	44.94	46.3	47	47	52.74	57.1	59	71	72	72	74	76.6	78.43	82.56	88.18	92.76	94.75	102	109.56	120.96	128.07	141.6	146.92	158.52	169.34	178.76	191.2	214.88	242.04	256.54	269.44	278	280.06	285.44	292.76	298.08	309.2	325.54	329.06	339.2	343.01	354.5	381.97	394.92	412.92	417.28	421.65	434.12	445.93	449.98	461.82	470.6	477.63	491.38	509.64	540.84	548.9	553.12	568	586.24	625.62	632.1	648.51	662.8	679.9	685.84	691.25	700	704.55	712.22	717.57	719	719	721	722.78	725.44	726.55	729.38	731	738.08	740.87	743.4	746.06	748.36	749.38	752.04	754	756.36	760.02	761	762.68	790
LTR47B3	39	44.52	69.36	77.8	85.12	89.2	90.52	91.88	94.08	96.28	97.6	101.44	112.24	117.76	121.52	122.8	126.6	129.92	133.24	137.4	141.6	144	144.24	145	145	145	145	145	147.28	152.76	195.2	224.6	234.04	255.24	277.56	279	284.04	321	321	321	321	321	321	336.68	349.48	354.4	362.92	367.72	370.32	375.36	414	418.6	419	421.28	427.44	430.6	433.08	436.32	438.36	439.56	441.2	442.36	445.08	446.92	448.76	449	449	449.64	450.56	451.48	452.4	453.32	454.24	455.32	457	457	457	458.68	459	459.68	460	460	460	460	460.28	461.2	462	462	462	463.76	468.8	470	470.64	471	471.96	475	478.64	483.84	498.08	576.839999999999	1357
Eulor9C	32	35.06	36.96	44	44	44.6	46.36	47	48.92	51	51	51.66	52.72	55.34	56	56	56.96	58.02	59	59	59.2	60.26	61.32	62	62	62.5	63	64.24	65	65.74	66.8	67	67	67.98	70	70.1	71	71	71	71.34	72.8	74.46	75	75	75.64	76.7	77	77.82	78.88	79.94	80	84	84.12	85.18	86.48	88	88	88.84	90	90.54	91	91.66	92	92	92.84	93.9	94.96	96.04	98.08	99	99.2	100	100	100	100	101	102	103.24	104	104	104.8	106.72	107	107.98	109.2	114.1	115.16	117.54	123	123.34	124.8	142.56	168.76	183.7	190	193.5	195.76	197.64	208.56	210.94	246
LTR18A	89	95.16	103.48	110.24	113.72	120.65	167.26	198.9	213.64	255.22	289.1	302.94	305.2	309.03	311.34	314.2	317.6	321.27	323.58	324.63	325.4	326.34	327.88	328.71	329.96	331.25	332.02	332.79	333.56	334	334	334	335.28	336	336	336	336.72	337	337.78	340	340	340	340.34	341.22	342.76	343	343.84	345.38	346.92	347	347.5	348.27	349	349	349.58	350	350.12	350.89	351	352.72	355	355	355	355.51	356.56	358.2	361.28	362.59	363	363.13	363.9	364.67	365	365	365	365	365	365.29	366.42	371.81	374.8	378.96	384.42	386.73	390.4	392.45	394.1	397.95	401.04	404.65	407.3	408.07	408.84	410.22	413.28	423.75	458.4	468.21	476.06	487.52	506
L1M3b	11	25.15	29	35.56	54.56	61.15	76.56	81.64	86	94.35	105	110.93	119	124.19	133	144.45	149.08	153	159.02	165.91	171.4	180.69	194.58	203.49	218.36	226.25	233.52	246	257	262.08	279.3	286.53	298.32	314.79	321.84	329.25	344	361.62	383.76	400.85	416	436.64	445	451.18	457	460	469	478.05	485	492.87	496	503.52	517.76	536.95	562	567	577.28	597.64	609	613.51	625.6	639.72	647.78	670.76	688.48	722.35	738.58	746.21	757.52	768.47	785.2	801.3	822.8	846.98	872	884.5	946.24	981.59	1017.42	1030.77	1059.4	1107.18	1155.66	1207.87	1281.76	1340.65	1408.9	1450.24	1512.08	1646.35	1684.1	1726.66	1843.04	1940.77	2059.64	2139.65	2329	2670.66	3135.28	3640.21	5339
LTR1B	44	97.92	147.84	208.28	246.76	296	322.2	369.32	393.56	426.4	436	496.12	539.4	551.96	634.08	689.2	693.08	695.92	715.2	721.72	733.8	736.48	739.36	741	742	742	745.76	746.76	747.64	748.52	749.8	751.28	752	753	753	753	754	756.12	758	758.32	759	760	760	760	761	762.6	763	763.36	766	767	767	768	768	770	771	771.4	774	774	775	775	776.8	777	778.56	779.44	780	782	782.08	783.96	784	785	786.6	787.48	788	789	789	790	791	791	792	793	793	793.28	794	795.04	796	797	798	799	800	801.32	803.2	804.08	806.96	810.68	815.44	819	822	828.36	837.72	870.2	1739
LTR25-int	15	29	51.16	65.68	80.08	87.2	94.12	107.64	129	152.36	164	177.6	189.24	214.76	231.28	235	254.88	278.84	349.8	364.16	409.6	435.28	469.4	484	496.88	522	550.04	568.04	580.08	598.16	626.6	642.48	673.4	700.16	712.68	724	738.44	762	771.04	783.56	794.8	808.28	833.72	846.08	869.92	874.8	936.12	972.440000000001	1001.96	1016.96	1026	1099.12	1120.28	1159.24	1177.4	1214.2	1230.96	1271.64	1322.16	1336.36	1381	1408.16	1430.36	1450	1469.04	1487.8	1505.96	1534.52	1557.8	1594.76	1704.4	1742.44	1836.76	1889	1920.88	2019	2045.08	2070	2103	2152.76	2275.8	2346.8	2368.48	2414.28	2489.92	2681.6	2740.72	2802.08	2888.12	3059.28	3078	3234.44	3473.64	3691.44	3772.68	3805.4	3831.4	4144.76	4628.16	4770.28	7082
LTR9C	21	24.06	25.6	32.34	43.96	52.4	65	65.84	68.44	74.86	79.6	83.3	89.32	91	91.84	94.7	96.92	100	100.96	112.28	115.2	122.34	131.24	139.04	144.88	150	164.64	176.72	186.48	218.12	252	264.02	266.84	267.98	302.84	323.4	328.76	345.92	379.88	395	403	423.28	434.04	435.58	437.92	464.9	509.44	530.66	534.76	559.44	567	574.24	578.48	582.18	584.2	589.5	595.88	601.42	603.92	607.08	609.8	612.32	613.72	614.78	615.84	616	616.96	621	621.24	624.14	625	625.26	626	629.04	634.44	635	635.56	636.62	638.36	639.74	640.8	641	641.92	642	642.04	643	643.16	644	644	644	646	649	649.52	650.58	651	651	653.28	654.82	658.52	659	673
UCON80	52	53.29	54.58	55.58	56.44	57	57	57.03	58.32	59.61	60	60	60.16	60.59	61.02	61.45	61.88	63.24	64.96	66	66	66.03	66.46	66.89	70.2	74.5	77	77	77	77	77	77	77	78.33	81.34	84.05	84.48	84.91	85.68	86.54	87.2	87.63	88.06	88.49	88.92	90.05	91.34	92	92	92.21	93.5	94.79	95.72	96.58	97.66	98.95	100.16	101.02	101.88	102	102	102.23	102.66	103	103	103	104.52	106.24	107	107	107.1	107.53	107.96	108.39	108.82	109.5	110.36	111.55	113.7	115.85	117.2	118.49	119	119	119.12	119.55	119.98	120.41	120.84	121.27	121.7	122.52	124.24	125.96	128.52	131.1	132	132	133.26	137.13	141
MARE10	41	44.9	47.12	48	48	48	49.36	50.92	53.68	59.02	59.8	60.58	61	62.68	72.04	76.5	78.48	79	79.04	79.82	81.8	83.76	85.64	88.76	91.16	96	100.56	102.24	105.36	107.24	108	109.26	114.72	115	115	115.3	116.16	117.72	118.64	119	119.4	120.96	121	122.62	124.64	126.1	126.88	130.3	132	132.66	135	135	135	135.34	136.6	140.5	143.04	144.92	146	146.02	146.8	148.74	150.72	152.14	152.92	154.4	156.44	159.04	162.16	165.28	166.6	167.76	169	169	170.44	173	175.56	177.06	177.84	179.86	182.2	184.9	188.8	191.22	192.52	196	203.96	213.32	216.92	219.68	223.6	229.84	233.8	237.7	241.92	248.7	269.76	276.96	279	285.16	307
HUERS-P2-int	13	34.71	70.82	101.47	129.64	139.55	155.26	170.07	203.92	221.44	226.2	248.23	267.2	315.14	330.56	338.1	342.96	348.09	388.56	412.56	475.6	522.72	536	637.32	677.48	758.5	857.12	873.27	888.48	918.31	932.2	937.48	964.08	995.96	1037.5	1069.4	1104.36	1110	1125.92	1180.7	1296	1352.71	1394.22	1424.65	1459.12	1468.6	1511.66	1558.66	1581.52	1626.34	1688	1718.69	1822.56	1909.92	1941.54	1994.8	2017.92	2032.89	2119.66	2137	2137	2137	2137	2188.31	2270.04	2338.3	2370.38	2443.08	2501.72	2511.02	2595.8	2636.77	2652.44	2655.42	2695.22	2767.25	2887.32	3037.87	3055.42	3081.92	3155	3198.62	3266.24	3408.77	3511.48	3639.2	3749.18	3833.69	3881.6	3992.98	4108.6	4153.42	4237.12	4335.8	4386.5	4420.75	4498.52	4587.45	4590.84	4628.6	4756
MER67D	10	39.08	46	52	57	61	66.48	68.56	75	78	80	83.88	87	91.08	97	100.2	106	111.36	115.44	119.52	124	131.68	139	144	150	156	159	166.16	173.48	180	186	188	192	200.64	205	215.6	226.76	236.92	249	258	263	271.28	278.36	283	291.52	295.2	301	309.52	314.84	320.92	328	334.08	340.16	350.48	362.32	377.4	392.44	400.56	409.28	414.72	420	428	437	444	448	451	455.12	462	467	471	473	476	478	481	484	487	488	490	492	493.32	495	496.48	498	500	501	503	506	508.96	510	513	516	517	519	521.44	525	531	541.68	549.52	555.84	565	590
MER92D	20	37.84	46.42	53.13	59.04	61	61	61.97	65.68	66	66	66	67.04	70.46	72.94	75.3	77.44	81.14	86.12	90.47	93.8	97	100.86	102.33	103.12	106.75	125.9	135.17	138.64	142.59	143.3	145	150.04	152.86	155.28	160.4	171.36	176	178.94	190.83	194.4	197	197.82	205.06	208.48	210.95	212	213	215.08	217.58	221	228.42	230.92	233.26	235	236.05	237.76	241.94	244.44	251.89	253.2	255.62	259	261.19	266.32	270.3	274.58	276.57	278.12	281.99	284.7	289	290	290.83	294.54	296	296	298	299	303.18	307.4	309	310	310.93	312	314	315	315	316.96	323	326.6	327	327.32	329	329	330.9	335.48	338	339.58	348.9	389
MER110-int	10	37.3	54.68	76.38	84.52	86	86	95.66	107.4	114.14	116.2	119.24	126.04	133.98	134.88	145	151.08	156.82	163.28	170.74	177.2	181	187.36	192.16	196	201	206.92	215.42	216.88	222.34	231	235.08	242	247.18	251.64	259	259	262.04	270	273.82	277.4	280.86	284.32	290	292.24	300.4	306.8	325.86	335.08	342.54	353	368.92	383.76	392.76	404.36	412.6	424.52	427.22	437.4	445.28	457.6	477.06	488	493	507.76	535.8	550.32	568.74	579.24	608.7	613.4	626.64	653.72	679.76	727.12	740	781.36	806.72	846.32	859.34	867.4	898.3	958.160000000001	977.34	1009.52	1040.9	1087.12	1127.26	1197.48	1245.64	1323.4	1477.24	1505	1507.56	1534.76	1665.7	1797.36	1865.2	2019.96	2360.04	4667
MER83C	12	37.12	45.96	52.68	56.12	68.2	79.72	85.9	87.12	88.52	92.8	97.54	119.08	139.66	142	142	147.76	175.12	198.84	210.96	219.4	221.94	222.24	226.1	237.2	260	275.76	292.26	312.56	317	317.6	320.34	321	321.62	322.76	323	324.08	326.36	328	328	328.6	329	331.64	334	334.16	335.3	336.44	337	337.72	338	339	340	340	340	340.56	341	341.84	343.96	347.24	349.26	350	350.54	351	351.82	352	352	352.24	353.76	355	355.66	358.4	359	361	361.44	363.36	364	364	365.56	366	366.06	367.2	368	368	369.24	370.76	371	372	372.36	374	374.46	375	375.74	376.88	377.02	378.8	383	383	385.9	390.16	398.74	428
LTR53-int	13	22	26.76	42	44.64	52.6	55.6	68.28	76.52	83	88.4	92	95.28	101.08	107	110	126.88	139.96	145	147	155	169	175.88	184.68	193.28	195	207.6	220.52	231.32	242.28	248.6	251.32	254.16	262.28	272.8	289.8	306.28	326.28	339.36	360	375.2	390.52	398.48	401	411.04	428.8	447.48	452.84	458	486.8	497	508.44	520.48	535.12	543.88	558.200000000001	572.28	588.04	601.36	609.48	625.8	637.6	679.12	692.32	712	738.8	763	777.52	820.8	839.08	851	922.56	936.84	951.68	1007.56	1082	1162.72	1202.28	1268.2	1320.08	1345.8	1423.96	1467.04	1514.6	1582.52	1614	1789.8	1882.6	1931	1982.08	2026.6	2109.88	2192.92	2366.04	2591.48	2645.8	2886.12	3060.68	3120.56	3901.28	4282
HERVP71A-int	53	79	80	80.87	111.56	125.05	147.3	171.36	216	242.06	295.6	351.11	352	353.56	374.92	442	446	446	456.8	518.52	525	525	535.78	634.23	636	636.25	638.52	647.27	683.52	725	725	725	726.96	733	733	733	767.52	807.4	847	847	847	848.41	886.78	899.72	902	902	902	924.46	951.72	963.96	988	1036.42	1062.68	1081.42	1155.62	1212.3	1244.08	1285.67	1364.98	1420.77	1482.2	1495.44	1531.18	1573.3	1615.12	1636.1	1663.2	1734.02	1760.8	1782.94	1859.2	1880.1	1908.96	1988.23	2163.14	2269	2292.4	2316.09	2356.6	2373.9	2455.6	2525.81	2545.94	2580.11	2768.08	2787.65	2910.86	3021.61	3068.4	3132.02	3164.3	3176.73	3214.52	3805.37	4607.9	5271.25	5798.04	6192.91	7609.1	8411.53000000001	8573
Charlie3	22	35	39.16	45	48.76	54	58.48	65.52	69.76	79.44	91.6	101.92	108.64	116.12	123	128.2	153	183.84	209.48	235.56	255	262.8	278.76	289.28	301.56	330	339.08	350.72	352	355.44	362.6	364	365.52	367	369	373	375.92	384	387.36	393.08	406.2	426.76	438.72	446.96	450.68	453	456.56	459.92	463	465.64	466	469.72	475.44	483.16	486.44	488.8	493.16	496.52	499.88	551.96	583.2	593.84	609	644.08	677.08	719.6	753.08	807.04	870.92	916.320000000002	938.6	958.24	997.88	1026.92	1130.68	1162	1235	1283.96	1370.12	1498.44	1630.4	1669.44	1707.08	1787.92	1832.32	2014.8	2170.84	2242	2366	2531.32	2577.2	2595.76	2610	2613	2631.88	2647	2663.08	2678.84	2697.4	2711	2757
Eulor3	70	73.6	77.2	80.32	81.76	83.2	85.44	88.68	91.92	94.68	97.2	99.72	100.96	102.04	103	103	103	103.12	103.48	103.84	104.2	104.56	104.92	106.96	109.48	112	115.24	118.48	121.08	121.44	121.8	122	122	122	122.72	123.8	124.88	127.56	130.44	133	133	133	133.48	134.92	136.36	137.6	138.68	139.76	141.96	144.48	147	149.16	151.32	153	153	153	153.64	155.08	156.52	157.72	158.8	159.88	160.32	160.68	161.04	161.4	161.76	162.24	162.96	163.68	166.8	171.84	176.88	178.84	179.92	181	185.32	189.64	193.08	193.44	193.8	194.16	194.52	194.88	197.64	201.6	205.56	208.24	210.76	214.12	224.2	234.28	243.16	249.64	256.12	264	273	282	289.32	296.16	303
MER101B	21	42.08	47.04	50.12	59	60.6	64.36	68.64	71	71	74.6	79.44	82	83.76	89	92.8	96	99	105.36	107.76	111.4	114.92	117.44	120.92	126.44	134	143.52	147.08	150.56	154.24	162.6	166.12	169	181.32	183.68	192.2	195.16	200	203.8	209.84	212	213.32	216.68	218.36	220.76	226	229.92	232.88	236.88	239.48	243	247.52	250.08	263.12	270.08	273.4	278.72	289.56	295.48	298.68	302.2	305.72	318.92	342.68	358.4	385.8	397.2	412.84	433	436.88	439	440.92	445.44	447.96	453	459	462.52	465.04	470.12	477.08	481.6	483.12	484	486.48	497.8	507	516.72	520	522.76	529	544.6	554.64	560	564.72	572.76	581.2	587.92	593.88	599.84	604	634
Eulor6D	48	60.58	65.48	67.32	71.76	76.9	79.88	81	81	84.96	88.2	90	90	94.34	97.72	99.1	99.84	101.16	103.28	106.12	107.6	108.54	109	109.08	112.04	113	113	113	116.6	119.38	121.4	122.88	123.68	126.1	129.32	130.8	131.64	134.28	138.48	141.44	142.6	144.02	146.08	146.82	147.56	148	148.08	149.56	152.08	154.26	155	155.74	156	156.88	159.84	162.1	163.88	165.18	165.92	167.98	169	169.56	172.52	173	173.36	174.1	174.84	175.58	176.32	177.18	179.4	181.62	184.12	187.08	190.04	193.5	196.96	199.92	205.04	209.3	212.4	213.88	216.72	223.46	231	231	240.6	246.76	248.24	249.72	250.6	252.7	256.08	256.82	264.28	273.6	282.08	283.56	286.08	289.56	294
HERVL32-int	15	52.84	70.92	88.44	103.8	113.8	122.2	135.24	147.32	154.36	158.2	159	162.92	178.76	199.48	209	210.52	227.24	249	265.24	280.8	298.08	315.84	329.2	335.52	354	366.32	400.68	412.28	419.24	428.2	434.68	439.8	445.04	467.92	477.2	489.2	525.36	552.64	560.8	580	616.8	625.6	637.76	642.16	645.4	647.48	650.16	655.92	663.2	672	677.28	679.52	719.68	765.92	826.400000000001	891.84	917.44	949.48	1026.04	1049	1089.04	1120	1145.52	1171.68	1205.4	1279.24	1325.88	1365.8	1411.16	1456.6	1496.68	1528.44	1548.2	1553.8	1567	1600.44	1606.52	1649.88	1697.4	1721.4	1725.28	1748.72	1869.2	1895.6	1914.8	1995.16	2074.12	2129.56	2158.6	2172	2212.8	2221.6	2256.44	2755.48	3008.8	3056.24	3162	3361.04	3488.24	3886
LTR58	13	19.57	31.66	43.38	44.84	45.65	46	46.11	46.84	47.57	48.3	49.03	49.76	51.96	54.44	55.9	64.84	72.69	78.56	81.48	89.8	100.28	111.06	111.79	113.56	115.5	116.96	119.84	121.88	130.99	165.3	176.3	183.96	192.08	200.84	218.4	231.84	234.03	236.22	241.23	246.2	246.93	254.26	261.12	266.12	266.85	272.8	277.31	278.32	284.16	337.5	389.69	391.88	405.8	414.1	417.6	420.52	425.88	429	429	429	445.43	465.2	479.8	494.4	536.9	583.8	591.1	594.56	597.48	600.7	605.81	608.68	610.58	612.2	619.5	627.28	633.42	634.88	645.72	651.4	652.26	653.72	655.18	657.92	662.05	662.78	666.06	669.72	671.91	672	674.15	677.8	681.45	693.16	703.15	709.4	713.05	715.08	717.08	720
Eulor8	54	68	73.16	75.58	78.44	81.2	89.16	91.05	96	96.87	98.3	99	100.16	103.36	106	107.35	112.52	115.62	122.18	125.34	127	127.03	128	128.89	131	132.5	133.18	134.61	135	136.88	139	140.66	142	145.38	148.24	150	150	152.73	153.34	154.77	155	155.63	157	157.98	164.52	165	165.78	166.63	170.28	172.07	173.5	176.79	178.08	181.58	183.88	187.65	195	196.53	198.94	201.37	202	205.46	211.62	215	215.52	221.7	223.76	225.81	228	228	238	239.06	243.84	250	250.82	254	254.68	261.11	264.16	266.97	268.6	271.83	276.34	285.76	294.24	298.75	309.82	316.41	322.88	329	332.5	339.86	377.48	399.92	403.94	408.85	413.28	416.13	436.219999999999	511.54	550
Ricksha_b	11	13.16	20.72	36.92	48.6	59.6	62.92	76.72	83.4	92.72	100	105.32	108.84	133.48	139.24	141.2	146.36	159.8	166.64	176.32	189.4	212.44	217.08	219.68	221.68	223	249.28	256.64	260.88	267.84	278	287.68	297.24	299.84	302.44	314.4	331.88	340.52	355.36	417.48	425.8	437.68	439.72	440	445.04	450.2	471.68	481.04	488.12	501.08	508	508.64	513.92	572.24	642.52	651.4	663.52	664.12	667.8	687.32	710.2	734	756.56	768.36	785.68	793	798.24	812.96	825.04	860.8	909.2	942.24	971.8	1006.2	1034.12	1052	1065.12	1072.92	1079.4	1095.44	1111.8	1116.88	1126.52	1145.84	1150.2	1154.2	1158.8	1168.28	1173.48	1184.52	1202	1204.8	1207	1213.16	1221.2	1227	1234.24	1244.16	1249.36	1270.16	1292
LTR22E	18	18	18	18	18	18	18	19	37	45.88	53	67.4	97.8	183.12	306.56	311.6	316.12	321.64	329.56	351.76	386.4	423.72	428.04	436.28	442	442	442	442	442	442	442	442	442.2	445.8	448.44	450.6	452.76	454.92	456.72	458.08	458.8	459.52	460.24	460.96	462.36	463.8	465.12	465.84	466.56	467	467	467.72	468.44	469.16	469.88	472.4	474.96	477.04	477.76	478.96	480	480	480	480.36	481	481	481.52	482.24	482.96	483.68	484.4	485.24	486.68	487.56	488.28	489	489	489.44	490	490	490.6	491	491.04	491.76	492.48	493.6	495.76	496.64	497	497.08	497.8	498.52	500.68	505.72	508.04	510.2	512.12	512.84	519.72	526.96	532
LTR73	42	43.91	58.26	61.78	68	74.25	84.02	92.37	98.08	102.53	112.2	116.72	126.68	131.07	139.46	148.6	159.88	170	170	171	172.2	174	190.32	197.97	204.68	224	229	230.51	232.92	249.39	275.3	280.69	308.28	322.58	339.68	343.55	347	351.43	359.64	360	360	362.31	381.3	392.54	398.16	407.85	415.88	433.66	460.28	481.22	485	485	485	493.9	502.08	508.2	519	520	520	520	523	526.93	529.06	530	531	531.9	537.58	540.42	542	542.97	544.1	546.46	548.36	549.49	551	551.75	552	553	553	553.27	554	555	560	561	561.92	562.05	563	564	565	566	566	566	567.96	569.09	571	572.35	573.96	575.61	579.74	586.09	632
MER57C2	16	24.54	36.24	40.54	52	55	61	63	63	66.54	74.4	79.66	84.72	89.56	94	98.9	105.92	108.06	117.4	127.14	132.2	146.26	160.88	172.28	183.08	194	205.8	219.34	254.4	270.22	285.8	292.58	299.92	312.92	321.08	328.1	332.16	335.22	339.28	343	345.4	347	349.52	351	353	356	358	360.82	364.88	367	370	372	372.12	374.18	375	378	380	381.42	382.96	384.54	385	386	387	387.78	388	389	389	391	391	391.14	392	393	395	395	397	397	397	399	400.68	401	402	403	405	407	409	410	410.16	412	412	412	414.4	417.46	419	420	423	423	426.76	435.82	443.76	456.64	492
X13_LINE	46	52.9	58.28	62.42	65	68.6	70.56	72.66	73.04	74	77.2	79.36	82.12	83.94	85.6	91.1	95.32	99.92	107.72	110.22	111	111	113.08	115.74	117.12	119	121.76	123.26	124.64	127.02	128.4	129.78	130	130	130.92	131.3	132	132.42	139	139.82	140.4	143.16	144	145.68	147.72	148.1	149	156.74	161.48	163.62	165	165.76	167.76	171	172.04	176.6	178.56	181.32	184	184.42	186.6	189.36	191	191	194	194.7	199.24	202.92	204.84	210	211.8	216.92	218.08	223.7	228.36	233.5	236.88	238.52	240.64	241.04	243.4	250.24	253	267.58	280	281.2	286.72	289.36	299.4	307.46	332	341.22	346.92	360.1	385.84	437.000000000001	472.64	491.46	505.08	575.44	629
Eulor6C	55	57.6	60.2	62.8	65.4	68	68.4	68.8	69.2	69.6	70	70	70	70	70	70	70.2	70.4	70.6	70.8	71	72.6	74.2	75.8	77.4	79	80	81	82	83	84	87.2	90.4	93.6	96.8	100	102.4	104.8	107.2	109.6	112	112.6	113.2	113.8	114.4	115	115.6	116.2	116.8	117.4	118	118.8	119.6	120.4	121.2	122	128	134	140	146	152	152	152	152	152	152	152.4	152.8	153.2	153.6	154	155.2	156.4	157.6	158.8	160	162.8	165.6	168.4	171.2	174	174.4	174.8	175.2	175.6	176	176.6	177.2	177.8	178.4	179	179.6	180.2	180.8	181.4	182	182.2	182.4	182.6	182.8	183
LTR35B	43	59.03	65	66.03	71.12	74.15	78.12	81	82.08	84	89.2	95	99	99.39	113.14	116	118.48	122	122.18	125	125.4	128	129.44	131	131	131.75	138.04	141	142.28	145.58	158.9	168.24	173	177.31	184.68	187	191.96	199.74	201.38	207	211	215.82	227.78	233.43	237.32	241.7	246	248.41	250	251	252.5	254	257.04	258.53	272.62	280.1	286.36	291.71	296	297.77	300.2	307.66	310.62	314.63	318.92	323.3	335.88	348.36	370.44	398.49	412.1	424.81	436	438	454.32	466	471.8	480.31	484.78	487.37	490.4	493.62	499.28	506	518.76	545.55	557.72	558	559.76	566.67	568.9	578.73	584.92	585.93	592.64	600.7	604.96	606	628	664.65	697
LTR22B	74	101.56	149.74	188.97	199.36	262.75	284.8	315.46	329.08	331	331	331.31	332	350.25	364.52	425.85	443.08	445	451.24	457.95	458	458.41	460.24	461	462.12	465	465	465.67	466	467	467	467.51	468.72	469.93	470.14	472.05	474.56	475	475	475.19	476	476	476.82	478.03	479	479	479	479	481	481	481.5	482	482	483	483	483	483	483	483	483	483	483.81	484.02	485.23	486.44	487	487.86	488	488	488	488.7	489.91	490	490	490.54	491	491.96	492	492	492	492	492.01	493	493	493	493.85	495	495	495	495	496.8	498.22	500	500.53	501	501.95	503.64	508.85	521.86	534.53	552
L1PBa1	13	35.2	57.6	67.4	84.2	88	99.8	116.6	133.6	150	163	170.4	175	184.2	189.6	193	195.4	197	212.8	244.6	269	290	305	326.2	339.6	359	393.8	423.8	445	461.6	486	499.2	511	522.2	544	585	605.2	637	657.4	677.8	713	796	818.6	852.4	891.2	919	945.4	980.2	988.2	1049.6	1080	1093.8	1128.6	1178.2	1246.6	1311	1337.8	1373.8	1426.4	1443.2	1460	1484.8	1554.2	1583.4	1613.8	1634	1647.8	1664.2	1707.2	1742.6	1800	1823.8	1844	1924.8	1974	1999	2039.4	2095.4	2124	2189	2328	2419	2501.6	2609.2	2655.4	2717	2834.4	2947.6	3127.4	3217.4	3309	3439.6	3756.2	3935.4	4092.4	4164	4408.2	4695	5363.8	5746	6329
UCON2	40	43.7	47.68	57	57.72	61.8	65	65.38	66	67.18	70.8	72.74	74.08	75.42	76.76	77	78.76	81	82.48	86.92	88	89.14	91.92	94.82	95.16	96.5	97	97	97.52	98	98.2	99.54	100.88	105	108.36	111.9	113.24	116.32	118	119.26	121.2	122.94	123.56	125.62	126.96	127.3	129.28	130	132.32	133	133	135.34	136	136.04	138	140.1	141	141.38	142	144.06	145.8	147.74	149	149.42	151.52	152.1	153.44	154.78	156.12	157.92	159	162	162.96	166.46	173.32	175.5	178.52	179.36	181	181	187.4	191.7	196.64	197.22	205.28	213.7	217.96	222.74	225.84	230.26	232.2	234.88	242.28	256.64	276.52	292.2	308.4	335.52	347.24	353.98	417
UCON51	49	49.82	50.64	51.23	51.64	52	52	52	52	52	53.6	60.16	66.72	68.33	68.74	69.45	70.68	71.91	73.9	75.95	77.4	78.22	79.02	79.43	79.84	80.25	80.66	81.98	87.72	93.46	95	95	95	95	95	96.4	98.04	99.34	100.16	100.98	101.4	101.81	103.76	107.04	110.24	112.7	115.16	116.81	118.04	119.45	121.5	123.55	125.6	127.65	130.82	136.15	141.48	143.85	145.9	147.19	147.6	148.09	151.78	155.47	157.24	157.65	158.06	158.47	158.88	160.16	161.8	163.22	164.04	164.86	169.76	175.5	181.56	188.12	194.68	196.56	198.2	200.26	202.72	205.33	209.84	214.35	217.82	220.69	223.24	224.47	225.7	228.79	232.48	235.13	235.54	235.95	237.44	239.08	242.16	247.08	252
Tigger17b	24	33.79	44.36	47	54.84	63.25	66.68	68.69	71.12	72.01	72.9	74.58	76.36	77.57	78.46	81.45	86.24	87.39	90.02	90.91	91.8	92	92.58	93	93.72	95.75	98	98.27	106.28	113.48	116.4	118.18	119.48	121.85	126.3	131.05	137	137	143.56	147.84	152	167.23	194.68	220.51	230	230.15	232.82	251.26	259.32	262.22	264.5	266.39	267	293.35	422.78	434.35	448.44	452.46	456.1	459.02	469.6	490.38	509.06	523.28	526.84	549.95	573.24	625.36	673.84	698.92	716.5	744.8	763.8	794.95	815.78	891.75	930.72	949.6	965.72	975.62	983	1007.09	1007.98	1012.35	1019.84	1023.3	1026.16	1028.86	1031.92	1037.05	1041.9	1049.91	1050.88	1051.77	1058.6	1062.55	1063.44	1067.63	1075.66	1079.76	1094
LTR27D	14	59.48	68.68	75	77.48	83.8	90.32	100.68	104.92	108.08	126	132.32	138.52	149.8	154	167	187.88	196.04	229.4	246.64	258.6	271.68	284.2	290	292.88	308	319	326.2	330	335	337.6	339	371.2	373	374.16	378.2	383.16	402.04	418.72	432.68	441	448.68	470.08	477	481.96	498.4	505.52	520.64	522.52	523.88	531	533.12	535.24	537	538	539	539.72	540.84	541	543	547	548.64	550	551.12	562.68	567.6	576.36	581	584.16	587	589	590	590.64	591	592.76	593	596.12	598.24	599	603.48	604.6	610.44	638.64	644	647.24	658.2	666.24	673.64	682.6	693.72	697.6	701.84	721.36	731.32	750.96	826.6	858.52	863	890.56	919.48	934
AluYk12	16	43.72	51.84	58.79	59.96	60.95	88.26	109.53	119.28	124.55	131.3	138.23	139.88	156.53	162.44	171.5	173.84	174.83	175	181.48	184.6	191.32	195.34	201.39	203	203	204.48	251.72	272.6	277.55	279	289.35	294.68	296.34	297	297.65	298	298	298	298.61	300.2	301	302.16	303	303	303.55	304	304	304	304	304	304.49	305	305	305	305	305.44	306	306	306	306	306	306.38	307	307	307	307	307.33	308	308	308	308	308	308.27	309	309	309	309	309	309.21	310	310	310	310	310	310	310	310	310	310	310	310	310	310.07	311	311	311.04	312.03	313.18	322	322
UCON83	31	46.19	61.38	62.94	63.92	64.9	65.88	66	66	66	66	67.95	70.4	71.37	71.86	72.35	72.84	73.33	73.82	74	74	75.45	77.9	79.54	80.52	81	81	81.46	82.44	83.63	85.1	86.57	88.04	89.17	89.66	90.15	90.64	91.13	91.62	92.44	94.4	96	96	96	96	96.1	97.08	98.18	101.12	104	104	104	105.44	106.91	107.92	108.9	109.88	110.86	111	111	111.4	111.89	112.38	112.87	113	113	113	113	113.96	115.43	116.3	116.79	117	117	117.78	119.25	120	120	120.22	120.71	121	121	121.18	121.67	122.32	123.3	124.14	124.63	125	125	125.1	125.59	126.08	126.57	127.12	128.1	129	129	129.02	129.51	130
Eulor2C	42	50.88	59.76	66.33	67.44	68.55	69.22	69.59	69.96	70.66	71.4	72.07	72.44	72.81	73.18	73.55	73.92	74	74	74.15	76	77.85	80.12	83.08	86.04	88	89.48	90.96	94.6	98.3	101	101	101	101.42	102.16	102.9	105.24	107.83	110.3	112.15	114	115.17	115.54	115.91	117.4	119.25	121.04	121.78	122.52	123.26	124	124.74	125.48	126.22	126.96	127.7	128.44	129.9	133.6	137.3	139.2	139.57	139.94	140.31	140.68	141.15	142.26	143.37	144	144	144	145.35	147.2	149.01	149.38	149.75	150.36	151.47	152.58	153	153	153	155.04	157.26	159.16	159.9	160.64	161	161	161	161.3	161.67	162	162	162	162.15	162.52	162.89	164.82	167.41	170
UCON62	53	53.23	53.46	53.69	53.92	55.35	57.42	59.49	61.56	63	63	63	63	63	64.32	65.7	67.08	68.46	70.68	73.44	76.2	78.96	81	81	81	81	81	82.05	83.2	84.35	85.5	86.13	86.36	86.59	86.82	87.6	90.36	93.12	95.88	98.64	100.8	102.87	104.94	107.01	108	108	108	108	108.4	110.7	113	115.3	117.6	118.76	119.68	120.6	121.52	122.77	124.38	125.99	127.6	129.09	129.78	130.47	131.16	131.85	132.54	133.23	133.92	134.61	135.5	136.65	137.8	138.95	140.06	140.75	141.44	142.13	142.82	144.53	146.6	148.67	150.74	152.09	152.32	152.55	152.78	153.11	155.64	158.17	160.7	163.23	164.64	165.56	166.48	167.4	168.32	169.24	170.16	171.08	172
Eulor11	36	52	53	58	59	65	75	75	84	84	84	85	86	87	92	101	101	102	103	104	106	107	109	115	115	116	116	117	117	118	121	123	124	125	129	129	131	131	134	136	138	138	142	142	147	149	156	157	159	159	160	162	164	164	168	170	171	172	172	174	175	176	177	177	178	185	187	187	189	190	190	194	195	195	198	205	205	208	210	210	211	212	215	215	218	221	223	233	236	243	251	254	267	268	277	290	290	294	322	344	349
LTR5	11	12.3	13.6	14.9	16.24	17.8	19.36	20.92	22.08	22.34	22.6	22.86	23.12	23.38	23.64	23.9	24.64	25.68	26.72	27.76	31.8	36.74	41.68	46.62	47.24	47.5	47.76	48.12	49.68	51.24	52.8	54.66	57.52	60.38	63.24	65.1	65.36	65.62	65.88	67.68	70.8	73.92	77.04	79.08	80.64	82.2	83.76	87.08	90.72	94.36	98	98.78	99.56	100.34	101.2	102.5	103.8	105.1	106.16	106.68	107.2	107.72	108.48	109.52	110.56	111.6	112.8	114.1	115.4	116.7	117	117	117	117	122.52	128.5	134.48	140.54	147.56	154.58	161.6	175.04	209.88	244.72	279.56	313.3	345.28	377.26	409.24	475.24	570.400000000001	665.56	760.720000000001	822.04	868.32	914.6	960.88	968	968	968	968
MLT1G3-int	18	28.45	35.7	43.45	50.4	66.75	71.8	79.1	93.2	99	110	118.65	137	153.3	154	154.25	168.4	189.05	214.5	237.9	249	255.3	266	274.3	291.8	298	318	328	328	334.4	339.5	367.5	389.4	391.95	418.1	423.75	431	445.3	457.1	461.7	478	484	486.4	501.6	528	546.25	584.2	589.05	607	611.85	630	650	652.8	656.85	659.3	671.25	673	683.05	692.5	699.55	707	732.7	757.3	805.35	807.6	821.75	827.8	840.05	851.4	856.75	892.000000000002	946.2	973.8	982.75	1009.6	1028.5	1061.4	1074.55	1081	1129.85	1156	1256.85	1291.8	1337.8	1345	1408.5	1469.5	1538.25	1569.2	1588.55	1606.5	1648.6	1705.6	1752.6	1781.9	1897.5	2027.4	2179.2	2335.6	2465.25	2503
LTR19C	37	54.45	69	70.98	91.36	95.65	107.7	120	121.44	126.54	128.3	129.33	132.16	147.7	168.1	175.5	183.88	190.06	193	196.99	223.4	258.53	271.32	279.59	291.64	305.5	310.56	311.81	313.68	317.48	323.4	334.23	349.4	354.95	390.06	394.15	418.24	444.11	447.52	463.51	467.6	481.36	506.78	509.87	516.16	526.75	531.9	536.64	548.24	560	576	594.65	608.2	619.95	625.1	632.85	664.56	678.71	685.66	697.24	700	706.64	713.16	720.23	722.84	723.95	728.9	732.04	736.16	740.77	751.3	754	754	754.57	757	757	757.28	758.31	759.68	761	761.8	763.43	764.46	765	765	765.55	766	766.61	767.64	770.68	772.7	773.73	774	776.37	787.66	792.55	800.04	807.37	808.94	821.61	853
HERVH48-int	63	70.7	131.32	207.04	267.72	293.9	388.28	464.84	500.12	505.51	509.5	517.58	544.92	608.23	625.94	670.05	707.44	727.73	802.42	867.66	946	1021.06	1034.92	1162.38	1217.36	1236.25	1282.04	1283.58	1284	1292.58	1310.6	1315.22	1332.64	1369.88	1419.54	1460.35	1526.36	1552.47	1565.44	1606.46	1823.6	1885.7	1941.34	2056.51	2165.08	2480.35	2721.64	2837.75	2857	2882.82	2909.5	2932.13	2946.24	2950.86	3061.04	3175	3242.04	3255.13	3270.86	3308.96	3370.2	3447.97	3520.56	3567.95	3609.88	3676.7	3918.48	4118.96	4282.36	4396.69	4406.7	4617.71	5036.04	5449.39	5494.82	5545.5	5562.52	5610.85	5728.12	5729.66	5762.4	5802.13	5847.42	5926.73	5947.56	6038.05	6152.12	6187.54	6391.68	6473.49	6546	6683.55	6733.6	6745.22	6764.62	6849.3	7128.04	7179.77	7210.7	7241.9	7265
LTR30	38	40	51	61	91	113	113	135	137	145	172	178	203	289	426	486	516	528	592	596	630	641	671	675	681	683	688	688	689	689	689	690	690	691	692	693	693	694	694	695	696	697	697	698	698	698	698	699	699	700	700	701	701	701	701	701	701	702	702	702	703	703	703	703	703	704	704	705	705	707	707	707	707	707	708	709	711	711	711	711	711	712	712	712	712	713	713	713	713	713	713	714	715	716	716	716	719	722	729	731	732
MER134	45	46.76	50.8	52	55.64	60.2	62.28	63.8	68.12	70.76	71.8	72.68	75.24	78.32	80.64	82	82.08	82.96	84.68	85	85.6	86.96	88.36	89	89.12	90	92.64	95.28	96.64	102.2	108.6	111.56	113.16	114	114	114	114.68	115.56	117.32	119.96	122.2	123.16	124.92	125	125.72	127.2	128	128.72	130	130.12	131	131.88	132.76	133.64	134.52	135.4	136.28	137	137.04	137.92	138	139.36	142.8	145	145	145.4	147	147	147	148.44	149.6	150	151.44	154.48	156.36	159	162.52	164.52	165.64	167.56	170.6	174.12	177	177	177	181	186.08	192.48	196.44	197.64	199.8	203.4	207.8	208	213.76	222.6	227.48	234.48	248.88	270.12	359
LTR52-int	46	57.2	60	70.12	90.12	96.6	110.2	112.16	117.12	120	121.8	123.84	139.8	150.6	153.48	160.8	169.4	181.88	185.92	188.88	200.4	212.68	218.68	225.84	238.16	247	252.96	265.04	277.72	294.28	302	319.12	329.08	354.56	357.92	372	378	382.96	393.04	398	398	398.12	414.44	439.12	452.52	457.8	458.72	466.44	469.96	480.36	500	516.44	520.52	526.2	545.92	568.8	584.8	613.08	620.24	638.48	651.4	652.84	655	660.04	668.16	673.2	702.16	739.12	780.52	802.96	815.6	832.72	841.8	859.72	878.44	893	949.84	985.76	1005.32	1037.16	1049.2	1055.12	1069.8	1182.96	1247.76	1287.8	1493.36	1536.72	1609.44	1636.12	1663.6	1671.68	1726.4	1762.24	2077.32	2113.8	2180.2	2349.6	2383.68	2991.28	3985
Eulor7	74	74.77	75.54	76.31	77.08	77.85	78.62	79.39	80.16	80.93	82	83.1	84.2	85.3	86.4	87.5	88.6	89.7	90.8	93.16	95.8	98.44	101.08	103.72	106.36	109	111.64	114.28	116.68	118.99	121.3	123.61	125.92	128.23	130.54	132.85	135.16	136.14	136.36	136.58	136.8	137.02	137.24	137.46	137.68	137.9	138.18	138.51	138.84	139.17	139.5	139.83	140.16	140.49	140.82	141.1	141.32	141.54	141.76	141.98	142.2	142.42	142.64	142.86	143.52	144.95	146.38	147.81	149.24	150.67	152.1	153.53	154.96	156.06	156.28	156.5	156.72	156.94	157.16	157.38	157.6	157.82	158.02	158.13	158.24	158.35	158.46	158.57	158.68	158.79	158.9	159.01	159.12	159.23	159.34	159.45	159.56	159.67	159.78	159.89	160
MSTB2-int	155	156.68	159.04	176.64	206.04	235.2	253.28	280.16	317.12	345.68	378	414.48	438.12	470.88	476.28	478.2	486.92	504.84	525.36	527.88	541.6	550.76	557.36	561.96	564.96	570	572.52	590.68	607.32	620.4	649.4	727.32	734.04	740.04	743.12	751.6	766.84	783.08	825.92	845.96	851.6	857.28	864.56	871.28	908.24	934	946.4	954.32	959.64	965.32	988	1018.24	1061.4	1094.08	1146.16	1233	1309.68	1323.96	1340.4	1393.04	1435.2	1443.72	1453.6	1533.4	1542.52	1580.8	1626.68	1655.24	1665.44	1696.52	1712.4	1738.4	1778.84	1813.48	1833.72	1890	1926.12	1941.16	2144.68	2331.52	2336.2	2338.44	2368.68	2391	2406.96	2415.2	2434.28	2490.92	2511.08	2530.48	2540.2	2556.2	2580.84	2601.12	2601.96	2605.2	2608.56	2610	2610.32	2616.44	2645
MER133B	35	39.68	44.36	47.34	48.12	48.9	49.34	49.73	50.48	52.04	53.6	54.87	56.04	57.14	57.92	58.7	59.24	59.63	60.02	60.41	60.8	62.33	65.06	67.79	68	68	68.14	68.53	68.92	69	69	69.36	70.92	72.48	75.34	78.85	82	82	82	82.21	82.6	82.99	83.76	84.54	85	85	85	85.33	85.72	86.11	86.5	86.89	87	87	87	87	87	87	87	87.03	88.2	89.37	90.36	91.14	91.92	92	92	92.13	92.52	92.91	93.3	93.69	94.16	94.94	95.72	96	96	96.03	96.42	96.81	97.2	97.59	97.98	98	98	98.45	99.62	100.79	101	101	101.3	102.47	103.64	104.27	104.66	105.05	105.44	105.83	106	106	106
HERVKC4-int	103	106.57	110.02	110.53	111.52	118.15	124.78	131.41	138.2	145.85	152.6	155.66	158.36	159.89	162.4	167.5	171.48	173.01	174.9	177.45	179.2	179.71	180.88	182.92	190.48	204.25	220.1	237.95	257.48	278.39	299	319.4	336.28	351.07	357.02	358.55	368.72	382.49	387.52	389.56	393.2	397.28	485.36	591.44	631.52	661.1	675.5	688.25	710.12	732.56	745.5	758.19	767.88	777.96	794.28	810.8	829.16	845.49	849.06	857.13	886.2	965.21	1225.82	1423.64	1437.92	1455.5	1481	1502.59	1516.36	1526.14	1529.2	1577.83	1691.56	1775.85	1824.3	1891.75	1978.96	2105.32	2266.48	2343.83	2357.6	2651.92	3127.24	3619.72000000001	4121.56	4751.85	5440.86	5900.1	6272.4	6360	6360	6360	6360	6360	6360	6360	6360	6360.47	6360.98	6361	6361
HERVE_a-int	56	63	65.22	72.44	76	76.85	111.54	164.79	208.56	253.94	295.4	322.91	361.84	408.15	429	433.4	460.92	474.86	501.64	604.78	630.4	640.24	660.98	710	722.32	782.75	819.32	834.98	844	845.46	849.1	850	852.52	856.47	863.74	871.65	885.8	899.45	905.68	950.06	980.4	986	988.16	990	1000	1044.85	1081.2	1093.34	1105.36	1167.11	1210	1221.57	1229.08	1278.6	1498	1597.75	1778.2	1912.73	2027.68	2067.3	2169	2224.33	2430.72	2657.98	2795.56	3028.35	3175.88	3371.79	3502.68	3790.63	3843.8	4379.07	4574.2	4750.54	5095.1	5270.25	5408.72	5601.37	5782.84	6374.66	6829.8	7009	7175.94	7560.35	7782.12	8062.85	8111.34	8232.75	8496	8591.79	8623.2	8695.17	8720.04	8724.69	8732.34	8748.15	8749.52	8759.79	8780.86	8821.76	8866
LTR22	77	87.01	90	101.47	127.56	132.95	147.64	159.12	184	280.25	332.4	359.93	382	420.11	428.58	437.6	444.6	448	448	448	448	458.2	504.4	515.1	518	518	518.46	536.17	541.56	544.31	549.3	551.61	554.56	556.41	557.36	558.9	560.44	561.49	562.26	563.06	564.6	565.57	566	566	566	566	566.42	567	567	567	567	567.27	568	568	568.58	569	569	569	569	569	569	569	569	569.51	570	570	570	570.59	571	571	571	571.67	572.44	573	573	573.75	574	574.29	575.12	576.66	577.6	578.37	579	579	580.36	581.9	583.22	583.99	585.52	586	586	586.21	588.52	590.83	592.76	594	594	598.14	611.96	627.61	633
MER87B	11	28.76	38.84	42.76	48.84	57.4	61	63.72	65	81.02	92.6	101.12	102.76	108.7	111.44	119.3	125.68	127.32	131	136.1	141.2	150.64	156.8	166.32	174.04	175.5	178.44	189.06	198.32	204.68	209	217.38	226.64	243.02	257.56	273.7	290.52	300.04	310.96	316.22	317.6	322.54	329.32	332.28	344.48	348.3	353.56	361.12	365.12	368.06	372	376.94	387.88	390.82	426.04	435.8	442.88	459.16	461.84	465.64	469.2	471.78	473.52	475.48	476	478.4	481.68	482	484	485.62	486	486	486.56	488	490	491	492	493	494.44	495	495	495	496	496	497	497.3	498	499	499	499	499	500	501	503.14	506.12	507	507	507	508.04	512.1	588
Charlie11	41	42.36	54	54	54	54.75	59	60.89	68.96	73.35	77.9	81.98	86	86.39	87	87.9	89.96	92.02	94.08	95.57	96.6	103.3	107.66	109.38	110.72	111.75	120.58	125.43	132.72	138.35	147.1	149.86	154.8	155.99	159.3	174.2	178	178.44	182.28	184.85	191.6	203.38	210.08	216	217.6	221	229.74	245.23	248.32	253.29	257.5	264.36	271.12	276.13	292.64	304.25	310.08	319.81	334.1	348.78	364.8	369.66	375.16	382.23	384.84	387.85	398.78	406.06	412.04	414.05	430.4	452.65	458.92	469.57	473.1	486.5	515.56	519.17	529.44	549.25	571.4	602.5	638.36	659.25	678.76	707.55	754.42	821.36	863.16	877.37	903.4	923.22	941.44	1024.21	1163.08	1194.95	1218	1256.49	1411.34	1520.91	2187
MER88	12	25.11	26.66	29.66	36.72	45.1	47.32	54.16	59.52	70.89	79.5	84.63	87.64	91.15	95.08	108.35	127.92	133.74	139.88	147.18	149	151.48	158.68	167.36	194.12	212.75	216.72	224.76	247.16	252.42	269.4	280.33	295.28	311.45	319.96	322.7	325.88	327.14	329.36	331.29	332	333.53	339.34	343.46	352.4	358.75	369.36	375	375	375.39	377.5	381.44	383.72	385.66	386	391.35	398.16	399.54	402.14	404.49	406.2	409.84	411.82	413.86	417.04	418.15	419.78	422.37	423.96	426.18	427.7	431.24	435.68	437.06	439.14	441	444	444	445.16	446	446.8	447	452.02	453	453	453	453	454.14	456.36	458.58	461.7	463.02	465	465	465.34	466.45	469.8	473.34	475.56	505.37	509
LTR108e_Mam	38	40.3	41.6	43.95	45.2	48.75	51	52	56.2	60.4	62.5	64.35	73.6	78.45	80.2	82.75	88	92.05	94.4	97.4	101	109.8	116.6	118	123.8	131.25	132	135.75	143.8	160.95	162	165.75	170	170.45	183.1	184	185.4	191.05	194.8	200.05	202	204.3	210.5	216.85	229.6	236	240.8	246.85	253.4	264.7	267	280.9	290	294	298.3	301	303.2	313.15	318.1	324	330	335.95	337	337	354	358	379.9	396.25	412	413.7	416.5	419.05	432.2	434.9	444.8	458	464.6	471	471.7	473.7	476	482	484.3	485	488.6	490.25	492.8	499	500.2	505.85	514	519.6	525.4	528.8	533.1	535.5	541.2	546.1	550.1	559.4	563
MER92C	20	30.62	39.32	43	45	45.35	52.82	59.67	63.32	67.15	74.2	77.94	81.24	83.02	84	87.25	93.6	97	98.72	102.13	105.8	114.02	116.94	122	124.4	127.75	132.12	138.29	139.56	148.3	156.2	159.11	168.04	182.01	200	201.8	207.6	214.94	219.26	220	220	220	220	220	221.76	224.8	240.46	258.35	264.92	268.23	272.5	278.31	280.12	283	285.32	287.85	304	308.68	319.96	329.44	351	351.94	353.74	357.09	366.84	374.5	379	388.18	390	397.56	412.8	416.17	417	424.1	435.82	438.25	449.92	463.95	472.24	476.99	479.6	481.74	488.38	503.82	510.44	520.6	530.44	532.98	534	535.09	538.9	544.99	549.68	551.11	552.38	554.95	559.68	571.76	579.6	593.03	613
HERVI-int	46	52.38	58.6	64.4	127.48	237.1	258.4	262.32	275.08	327.88	446.2	508.66	541.72	555.88	585.92	682.2	753.28	797.36	831.32	861.22	867.6	883.7	921.4	977.12	1045.56	1061.5	1074.16	1118.82	1146.44	1149.92	1179.8	1221.56	1264.44	1302.32	1324.36	1368	1431.8	1485.94	1534.32	1538.96	1553.4	1586.46	1600.08	1601.82	1603.56	1609.7	1636.96	1665.52	1695.68	1706.1	1709	1714.8	1748.6	1855.9	1904.64	1905.8	1908.4	1924.74	2057.56	2246.92	2528.8	2656.78	2703.76	2783.14	2881.96	3046.1	3134.64	3142.18	3339.8	3589.5	3604	3634.34	3699.88	3727	3727	3951.5	4176.24	4177.98	4489.56	5240.08	5527.4	5606.28	5857.08	6148.04	6545.92	6859.8	7095.28	7150.44	7159.32	7178.46	7195.8	7209.72	7405.8	7713.2	7960.28	8161.4	8175.32	8247.48	8391.32	8564.14	8748
LTR25	26	43.15	65.02	66	66.08	71	71	72.28	78.16	80.18	87	89.1	102.12	104.65	114.28	117.15	121.72	136.34	138	171.19	173	188.84	195	205.76	220.48	223	226.78	229	229	229.29	239.3	243	249.28	258	279	283.75	292.08	295.37	297.14	305.12	327.2	340.82	344.68	349.29	364.48	377.45	378.46	382.94	394	394.49	395.5	396	396	400.24	411	429	430	443.27	467	481.39	520.2	546	549.1	562.15	574.4	588	599.24	606.67	609.04	616.45	618	620.13	661.24	668	671.48	687.25	696	716.54	725.8	736.69	739.8	747	754.64	756.66	770.6	790.75	794.86	798.48	807.16	816.45	819	825.64	830.6	835	850.58	853.85	857.84	879.79	885	930.57	1094
LTR60	35	35.76	36.52	37.7	39.6	41.5	43.4	45.3	47.04	47.42	47.8	50.16	54.72	59.28	60.32	60.7	61.08	61.46	61.84	62	62	62	62.36	62.74	63.36	64.5	65.64	66	66	66	66	66	66	66	66	66.3	66.68	67	67	67	67	67	67	67	67	67.3	68.44	69.58	70.48	71.24	72	76.18	80.36	83.7	85.6	87.5	88.56	89.32	90.2	92.1	94	100.76	112.92	125.08	154.84	187.9	214.48	216.76	219.04	244.42	286.6	328.78	332.44	333.96	337.16	344	350.84	353.26	353.64	354	354	354	354.32	355.08	355.84	357.8	360.08	362.48	365.52	368.56	405.800000000001	473.82	541.84	553.42	558.36	566	581.2	596.4	626.96	666.48	706
HERVK3-int	31	31	40	54	74.2	76	92	105.25	132.2	171.85	186.5	210.25	240	240	268.4	319	319	336	437.8	537	567	621.7	632.8	660.1	675.4	730.25	750	774.1	866.4	911.4	942	1016.55	1094.2	1113.9	1157.7	1204.25	1251.8	1301.65	1330.4	1342.45	1355	1372.4	1380.7	1426.3	1476.8	1484	1520	1665.65	1709.4	1773.3	1813	1835	1837	1840	1851.7	1882.5	1938.2	1943.45	1963.1	1964	1967	1967	2022.8	2178.15	2215.8	2273.75	2398.1	2446.75	2474.6	2620.55	2691.5	2720.8	2911.2	2999.25	3078.3	3207.25	3384.8	3423.7	3832.7	3937.5	4312	4390.35	4542.1	4577.85	4584.2	4603	4605.4	4686.65	4688.2	4701.65	4895.5	5126.85	5225.2	5322.1	5526.3	5660.5	6447.2	7022	7645.4	7877.35	7929
L1P	10	10	11	14.2	16.6	19	19.6	28	28	29.4	31	34.2	35.2	36	38	39	40.6	42.2	43	44	44	45.6	46	46.8	49.2	51	51	52	52	53	53	53.6	54.2	55	55.8	57	58	59	59	61	61	62.6	63	63	64.4	65	65	66.2	67.8	69	70	70	71	71	71	72	72.6	74.2	75	75.8	77	77.6	79	79.8	80	81	82	82.2	83.8	87.4	88	88.6	89	89	90.4	93	93.6	97.2	99.6	103.4	106	107.6	109.4	112.6	117	117	120	121	125.8	127	127	127	128	129.6	132.4	137	152	156.2	161.8	349.000000000003	2079
hAT-16_Crp	32	34.09	36.18	38.27	40.36	42.45	44.4	46.3	48.2	50.1	52	53	53	53	53	53	53.4	55.3	57.2	59.1	61	62.9	63.54	64.11	64.68	65.25	65.82	67.17	68.88	70.59	72.3	74.01	75.24	75.81	76.38	76.95	77.52	78	78	78	78	78	78	79.87	81.96	84.05	86.14	88.23	91.88	96.44	101	105.56	110.12	113.21	113.78	114.35	114.92	115.49	116.2	118.1	120	121.9	123.8	125.7	127.44	129.15	130.86	132.57	134.28	138.19	143.7	149.21	154.72	160.23	164.36	165.5	166.64	167.78	168.92	170.02	170.4	170.78	171.16	171.54	171.92	195.1	224.36	253.62	282.88	312.14	328	331.8	335.6	339.4	343.2	349.15	361.12	373.09	385.06	397.03	409
LTR108d_Mam	58	59.28	60.56	61.84	78.24	92.8	98.56	101.44	103.12	103.76	104	104.12	106.04	109.88	115.64	121.4	135.56	163.72	171.6	174.48	176.4	177.44	178.48	182.32	187.24	193	196.2	203.88	217.32	223.48	228	231.2	233.92	236.12	236.76	245	257.48	265.16	286.92	322.76	325	328.6	338.2	347.8	355.48	357.4	358	359.52	371.68	378.08	380	386.4	399.24	420.36	425.24	428.8	434.56	442.24	450.32	457.36	462	465.24	469.08	471	471	475.8	479.48	480.76	481.52	482.16	482.8	486.08	490	490	492.16	496	497.28	498.84	500.76	501	501	501	502.44	504.36	506.28	509.4	513.32	518.44	521.96	523.88	527	530.2	533.4	535.04	536.48	538.4	539	539.08	539.72	540.36	541
LTR18C	64	118.6	173.2	194.78	196.04	197	197	197	202.4	208.7	214	218.2	222.64	229.36	236.08	248.2	262.48	275.5	286	296.5	297.4	297.82	299.68	302.62	305.4	307.5	309.6	311.02	312.28	313.18	313.6	314	314	314	314.28	314.7	315	315	315	315.76	316.6	317	317	317.06	317.48	317.9	318	318	318.32	319.16	320	322.1	324.2	325.52	326.36	328.1	332.72	337.34	339.44	341.12	342	342	342.04	342.46	342.88	343.3	343.72	344	344	344	344	344	344	344	344	344	344	344	344	344	344	344	344	344	344.56	345.4	346	346	346	350.94	356.4	360.54	363.48	366	366	366	392.24	426.68	453.76	468.88	484
MER83A-int	20	33.05	37.22	55.08	67.92	77.7	92.22	93.09	93.96	102.3	106.1	126.95	151.24	164.24	167.36	170.1	189.24	200.48	212.24	217	217.4	219.62	226.8	244.06	249.28	270.25	301.8	318.47	329.72	352.06	370.2	380.64	387.72	389.71	390	393.15	404.68	427.08	455.52	492.06	499.8	513.73	523.24	547.73	582.64	592.45	595.04	596.78	598.52	604.67	612.5	621.07	630.64	639.44	642.92	660.85	669.76	678.49	683	711.38	769.4	771.63	779.46	780.81	787.12	808.7	834.5	850.45	858.96	889.080000000001	1007.4	1034.86	1081.88	1114.16	1128.08	1146	1172.04	1186.83	1211.94	1338.64	1391.2	1438.77	1501.96	1555.36	1659.56	1796.15	1817.12	1851.05	1870.6	1926.17	2005.4	2071.1	2265.88	2350.27	2385.52	2418.35	2456.96	2567.75	3132.18000000001	4449.53	5129
MER92A	18	18.5	27	29	33	37	39	47	50	54	57	59.5	66	70	73	73	77	81	83	86	88	92	100	105	115	119	122	128	139	145	150	152	157	159.5	166	169.5	207	214.5	226	244.5	249	251	257	262.5	269	276.5	286	298	304	310	313	317.5	323	327	333	335	336	340	345	345	347	353	364	371	375	375.5	379	381	382	382.5	385	388	392	394.5	395	396.5	398	399	400	400	401	401.5	402	403.5	404	405	406	408.5	409	409	410	410.5	412	414	415	419	422	427.5	429	441	458
LTR10B1	11	35.26	38.56	43	43	43	43.78	44.91	45.12	48	48	48	48	48	48	48	48.16	50	50	50	50	50	50.86	56.94	61.2	71	76.66	81.51	85.2	127.04	151.6	154.08	196.84	239.16	245.36	253.3	258.04	259.81	260.94	279.28	283.2	284	286.3	303.75	336.32	349.25	369.6	383.06	424.96	429.11	431	431.63	433.52	435.78	445.06	448.15	449	449.41	450.54	453.01	459.6	461.93	467.06	468.19	469.32	470	471.16	474.84	476.84	484.76	485.1	486	487.08	489	496.44	501	502.76	503	503.42	506	506	506	506.66	519.64	535.88	538.15	541.9	546.93	549.88	551	553.8	560.81	562.96	564	564.44	568.1	572.48	573	573.74	574	597
Charlie6	12	17.59	36.98	46.77	54	56.95	62.08	64	66.72	69.62	74.7	77	78.08	81.67	86.78	90.85	93	96.03	100.48	107	110.4	112.39	113	116.14	117.48	126.75	132.34	134.93	140.52	144.22	149.7	153	160.52	164.47	168.18	173.3	177.96	185.15	193.84	203.01	209.4	214.19	219.68	230.48	240.68	254.55	263	271	291.24	306.91	313.5	322.36	335.8	343.08	348	352.45	360.16	373.52	378.22	380.62	394.8	403.95	421.74	433.17	442.28	459	493.34	499.59	517.12	525.26	535.5	567.78	596	623.14	627	639.75	676.52	697.17	730.34	754.22	761	809.58	825.42	849.85	868.4	935.9	959.32	990.740000000001	1073.68	1118.24	1157.1	1166.76	1268.96	1325.58	1387.3	1454.85	1522.36	1712.88	2049.7	2484.38	2710
LTR72	21	26.52	35.04	37.12	42	43.2	51.96	59.64	66	68.04	71.2	72.72	74	79.32	84.84	91.8	95.32	108.6	112.36	123.56	142	143.84	150.32	160.64	175.72	190	209.08	223	228.6	237.28	257.4	263.08	272.28	289.44	297.68	306	316.16	325.68	342.4	370.92	398.6	407.64	409.84	421.52	431.28	441.8	443.92	446.44	447	448.96	451	452.52	455.2	463.36	466.32	472.4	476.12	477	478.48	481	484.2	485	487.24	488.76	490.28	491	493.32	494.84	497.36	498	499.4	500.92	501.44	502.96	503	503	503	503	503.56	504	504.6	506	506.64	507.16	508	508	508.72	509.24	510	510	510	512.32	513.84	515	515.88	516.8	519.84	521.44	522	523.48	580
EuthAT-N1	21	56.42	69.16	71	71.08	71.85	72.62	73.39	74.32	75.86	76.7	77	77.24	78.01	78.78	79	81.56	87.18	88.72	89.63	90	90.34	91.88	93.42	95.44	97.25	98.02	98.79	101.24	104.32	107.2	108.74	112.84	116.64	120.44	126.6	132.04	134.98	136.78	139.09	141.4	143.71	145.34	146.44	149.52	151.95	153	153	153	158.11	161	162.81	165.36	172.29	177.48	181.75	185.48	188.56	192.3	194	195	198.85	199	199.51	200.28	201.05	201.82	206.72	211.8	215.13	215.9	216.67	217.88	220.05	223.9	230	234.6	239.32	245.18	247.49	250.4	255.33	261.7	265.55	267.36	268.9	270	270	272.28	279.89	286.9	289.07	289.84	294.88	298	298.45	300.76	301.69	302	305.68	318
X1_LR	72	72.84	73.68	74.52	75.36	76.2	77.04	77.88	78.84	79.82	80.8	81.78	82.76	83.74	84.72	85.9	87.16	88.42	89.68	90.94	92.2	93.46	94.48	95.32	96.16	97	97.84	98.68	99.52	100.48	101.6	102.72	103.84	104.96	106.08	107.2	108	108	108	108	108	108	108	108.02	108.16	108.3	108.44	108.58	108.72	108.86	109	109.56	110.12	110.68	111.24	111.8	112.36	112.92	113.6	114.3	115	115.7	116.4	117.1	117.8	119.3	121.12	122.94	124.76	126.58	128.4	130.22	131.96	133.64	135.32	137	138.68	140.36	142.04	143.12	143.4	143.68	143.96	144.24	144.52	144.8	145.6	147.7	149.8	151.9	154	156.1	158.2	160.06	160.48	160.9	161.32	161.74	162.16	162.58	163
MLT1E1-int	74	89.91	105.82	119.53	128.04	136.55	150.12	167.14	184.16	192.27	199.3	205.7	209.4	213.1	224	242.5	261	274.28	286.12	297.9	309	320.1	327.56	329.04	330.52	342	358.28	374.56	384	393.25	407	432.9	458.8	473.57	479.86	486.15	489.56	492.52	495.66	499.73	503.8	506.34	507.08	507.82	510.8	514.5	519.7	551.15	582.6	604.56	609	613.44	616.2	618.05	619.9	630.15	640.88	659.53	702.82	746.11	766	766	766	770.03	774.84	779.55	783.62	787.69	796.88	812.79	828.7	866.75	913	958	958	958	959.44	963.88	968.32	996.22	1038.4	1080.58	1084	1084	1097.68	1160.95	1224.22	1265.83	1286.92	1308.01	1339.6	1373.64	1418.04	1547.91	1677.78	1803.3	1922.44	2041.58	2142.78	2236.39	2330
UCON23	46	48.7	51.4	54.1	55.6	56.5	57.4	60.8	69.2	77.6	86	86.3	86.6	86.9	88.4	90.5	92.6	94	94	94	94	95.5	97	98.5	100.6	103	105.4	107.9	110.6	113.3	116	117.2	118.4	119.6	121.2	123	124.8	126	126	126	126	127.5	129	130.5	131.2	131.5	131.8	132.3	133.2	134.1	135	135	135	135	135.4	136	136.6	137.1	137.4	137.7	138	138.6	139.2	139.8	140.8	142	143.2	144.1	144.4	144.7	145	145.3	145.6	145.9	146	146	146	146	146	146	146	146.6	147.2	147.8	148.4	149	149.6	150.3	151.2	152.1	153	153.9	154.8	155.7	157.6	160	162.4	164.1	164.4	164.7	165
MER76-int	21	53.36	57.52	65.78	79.08	92	98.16	102.08	108	108.62	109	110.96	112.96	120.04	127.12	134.9	149.32	155	157.64	170.2	177.8	180.56	181.96	214.84	228.32	247	248	248	257.2	262.44	264	264	267.04	273.64	276.96	284.3	304.68	338.54	349.2	376.02	377.8	389.36	407.48	411	418.36	429.9	465.76	526.88	542.64	565.96	586	627.72	637.84	653.24	671.84	702.3	713	715.86	749.52	792.54	811.8	822.84	859	886.8	903.12	915.8	923.52	933.18	938.16	950.46	958.6	1002.68	1028.44	1082.56	1089.2	1102.5	1127.36	1202.22	1255.44	1271.94	1310.2	1375.44	1416.16	1489.56	1499.2	1508.6	1574.8	1663.48	1694.84	1855.26	1936.8	2026.64	2048.48	2053.48	2089.88	2151.3	2286.44	2654.06	2877.92	4253.31999999999	4653
MLT1C-int	67	80	87	99	110	127	133	139	142	143	168	171	185	195	220	223	229	233	234	245	255	282	285	320	321	324	347	358	367	403	421	425	431	442	466	467	488	500	504	506	519	524	528	536	540	552	582	593	606	606	656	665	685	695	705	721	740	741	772	772	779	789	801	806	808	851	882	885	902	954	970	985	1001	1001	1037	1100	1105	1136	1191	1246	1270	1312	1339	1358	1394	1536	1561	1572	1638	1641	1738	1820	1864	1958	1980	2036	2037	2072	2102	2218	2300
LTR14C	44	47.92	66.24	82.04	94.96	136.5	141	141.86	157.12	210.02	244.2	256.24	258.76	261.22	272.08	285.8	309.04	328.56	384.56	414.24	435.4	466.98	511.92	537	538.56	542.5	546.92	549.92	553.2	556	556.8	558	558.36	560.36	563.96	566	566.84	569.26	570	570	570.2	571.54	574.16	575.28	577.12	578.1	579	579	579.04	580	580	580	580	580.94	581	581	581.88	582	582	582	582.8	583	583	583.74	584	584	584	584	584	584	584.6	585	585	585	585	585	585	585	585	585	585	585	585	585.34	586	586	586	586	586	586	586	586	586	586.14	587	587	588.04	600.66	611.8	631.12	637
LTR47B	48	48	48	50.1	52.8	54	54	54	54	54	54	54	54	54	54	54	54	54	54	54	54	57.6	61.2	63.4	65.2	68.75	73.7	79.55	87.2	94.1	95	95.9	101.6	107.9	116.9	127.25	133.6	134.95	138.3	148.65	159	169.8	180.6	188.25	195	222.75	267.3	297.3	298.2	301.75	326.5	351.25	354.8	355.7	357.2	359	360	360	361.2	366.6	372	375.6	379.2	382.1	384.8	386.25	386.7	387.15	387.6	388.1	389	389.9	390.4	390.85	394	398.5	403	407.5	411.1	411.55	412	416.5	421	423.4	425.2	426.25	426.7	427.75	430	432.3	435	437.7	438.8	439.7	441.2	443	444.4	445.3	446.4	448.2	450
Eulor5B	39	40.26	41.52	43.56	46.08	48.8	52.16	55.52	58.88	62.24	64	64	64.16	65.84	67.52	68.9	70.16	71.42	72.68	73.94	74.4	74.82	76.2	78.3	80.08	80.5	80.92	81.68	82.52	83.18	83.6	84.14	87.08	90.02	91.56	92.4	93.12	93.54	93.96	95.52	97.2	98.44	99.28	100.06	100.48	100.9	102.6	104.7	106.16	106.58	107	110.78	114.56	118.86	123.48	127.2	128.04	128.88	129.36	129.78	130.6	131.86	133.04	133.46	133.88	134.9	136.16	137.28	138.12	138.96	142.2	145.56	147	147	147.16	148	148.84	149.34	149.76	152.34	157.8	163.18	166.96	170.74	172.56	173.4	174.12	174.54	174.96	175	175	176.76	180.12	183.06	183.48	183.9	184.96	186.22	190.68	200.34	210
LTR38C	12	44.52	47.04	52.68	56.04	57.6	64.04	80.3	97.24	101.36	108.8	112.86	115.12	119.42	133.96	142.6	145.32	147	153.12	159.76	162	167.84	175.76	178.98	180.2	186	192.56	197.26	211.4	217.7	223.2	242.12	246.88	254.16	263.4	272	273.08	276.24	279.64	281.42	284	285.32	292.44	296.18	297	297.7	298.96	300.66	305.4	321.32	330	334.68	365.16	397.38	427.52	440.9	446.36	449.82	461.68	485.08	500.2	505	515.56	536.5	555.2	560.6	572.48	575.84	579.72	584.76	587.4	589.92	592.44	600.84	605.92	619.5	634.6	644.18	653	653.54	656.4	658.06	659.64	661	661	665.3	677.36	679.24	680.88	681.42	685.2	687.66	692.6	694.18	696.32	698.7	699.96	700.22	701.48	707.92	716
HERV1_LTRa	41	44.36	47.72	51.08	54.44	57.3	58.56	59.82	61.08	62.34	76.9	106.09	135.28	164.47	193.66	218.5	241.6	264.7	287.8	310.9	322	332.5	343	353.5	367.16	394.25	421.34	448.43	475.52	491.09	491.3	491.51	491.72	491.93	492.42	493.05	493.68	494.31	494.94	495.38	495.8	496.22	496.64	497	497	497	497	497	497.8	499.9	502	504.1	506.2	507.26	507.68	508.1	508.52	508.94	509.18	509.39	509.6	509.81	510	510	510	510	510	510	510	510	510	510	510.12	510.33	510.54	510.75	510.96	511.17	511.38	511.59	511.8	512.09	513.98	515.87	517.76	519.65	521.06	521.27	521.48	521.69	521.9	522.44	523.28	524.12	524.96	525.8	529.36	533.77	538.18	542.59	547
MLT1L-int	29	51.1	56.04	57.24	61.88	72.2	74.24	76.7	81.16	82.54	85.4	89.2	97.24	98.26	99.28	100	101.6	106.7	110.72	113.14	116.2	120.94	125	125.92	129.4	135	139.04	142.16	147.36	152.9	159.2	166.96	170.64	171.66	184.24	192.1	204.52	214.18	216	216	216	216	216	216	216	217.8	219.84	221.88	226.8	235.82	238	238.02	239.28	246.36	252.08	253.5	258.72	266.24	280.32	283.26	289	289.44	294.6	306.26	307	308.2	313.24	318.68	323.6	335.32	344	345.26	348.32	356.9	371.24	385.5	402.88	413.62	415.56	416	456.200000000001	485.48	539.48	573.62	592.32	607	621.52	631.92	649.2	678.96	689.2	694.1	695.84	697.72	731.44	746.8	783.88	849.98	1352.24	1450.42	1704
L2-3_AMi	52	52.22	52.44	52.66	52.88	53.1	53.32	53.54	53.76	53.98	57.3	60.93	64.56	68.19	71.82	75.45	79.08	82.71	86.34	88.35	90	91.65	93.3	94.95	96.6	98.25	99.9	101.55	102	102	102	102	102	102	102	102	102	102.35	102.9	103.45	104	104.55	105.1	105.65	106.2	106.75	107.36	108.02	108.68	109.34	110	110.66	111.32	111.98	112.64	114.1	116.52	118.94	121.36	123.78	126.2	128.62	131.04	133.46	135.24	135.9	136.56	137.22	137.88	138.54	139.2	139.86	140.52	141.09	141.42	141.75	142.08	142.41	142.74	143.07	143.4	143.73	144.18	145.17	146.16	147.15	148.14	149.13	150.12	151.11	152.1	153.42	158.04	162.66	167.28	171.9	176.52	181.14	185.76	190.38	195
LTR10G	18	23.53	35.44	51.14	66.76	75.45	108.56	132.72	150.08	169.27	214.3	231.73	244.68	261.64	288.36	332.6	347.4	351	351.66	354.05	358	372.57	400.62	431.85	435.8	436	436	436	436	436	436.7	437.98	439.56	442.05	453.9	465.75	473.2	478.07	485	485	486.2	488.56	491.18	491.97	495.04	497.1	499.02	501.39	503.76	504.71	505.5	506	506.08	506.87	508.32	509	509.96	513.03	513.82	516.44	518	518.19	518.98	519	519	519	519.14	519.93	520	520.51	521	521	521	521.67	522	522	522.04	522.83	523	523	523.2	523.99	524	524.57	525	525	525	525	525	525.31	526	526	527.36	528	528.78	531.05	531.84	532	536.62	545.94	557
Charlie7b_Mars	11	19.12	26.28	30.92	39.72	51.9	58.32	63.42	67.48	71.32	74.8	78.66	82.72	84.62	86.72	90.2	92.28	92.86	93.44	94.04	95.2	96.18	96.76	97	97	98	99.4	102.3	104.96	107.28	110.4	113.88	125.2	135.26	140.48	143.3	143.88	146.76	150.16	152.48	154.2	154.78	157.52	161.58	163.04	164.6	168.08	171.3	174.2	181.3	190	191.16	192.64	194.96	200.48	208.6	211.44	213.72	220.68	225.22	225.8	230.18	236.56	262.92	285.84	289.9	303.2	326.4	335.08	339.18	344.4	349.44	354.08	358.04	361.52	364	367.44	377.88	386.64	393.02	396.6	398.92	402.92	406.14	406.72	415.4	431.64	445.12	457.72	468.16	482.6	504.64	520.92	533.68	545.4	557.2	569.96	580.38	587.92	631.16	688
LTR3	43	51.5	60	60.5	61	120	179	186.5	194	197.5	201	288.5	376	380.5	385	387.5	390	395	400	400.5	401	406	411	411	411	411.5	412	412.5	413	413.5	414	414	414	415	416	416.5	417	417	417	418	419	419	419	419.5	420	420	420	420.5	421	422	423	423.5	424	424	424	424	424	425	426	426	426	426.5	427	427	427	427.5	428	428	428	428	428	428.5	429	429	429	429	429	429	429	429	429	429.5	430	430	430	430	430	430	430	430	430	430.5	431	431.5	432	432	432	436	440	446.5	453
LTR108c_Mam	15	22.98	30.96	36.6	40.8	45.2	50.24	55.28	58.52	61.46	68	78.5	88.04	88.46	88.88	89	89	92.36	102.44	112.52	116.2	119.56	130.12	146.08	159.32	161	162.68	163.68	164.52	173.64	193.8	213.14	216.08	219.02	220.28	220.7	222.8	229.1	235.4	238.66	241.6	247.4	255.8	263.96	270.68	277.4	281.56	284.92	287	287	287	304.22	321.44	328.78	330.04	334.2	347.64	361.08	368.4	374.7	386.6	404.66	421.88	431.12	440.36	447.2	453.08	457.28	458.12	458.96	461.4	463.92	467.4	471.6	475.8	480	484.2	487.04	489.56	491.36	492.2	493.04	493.88	494.72	495.56	496.4	497.36	498.62	499.88	500	500	500	500	500.18	501.44	502.7	503	503	505.08	510.54	516
LTR108b_Mam	15	23.84	32.48	38.72	44.16	45.2	46.6	49.2	51.64	53.72	60.8	75.88	84.48	85.52	90.76	99.6	109.4	119.8	123.72	124.76	126.2	127.76	128	128	138.08	149	150.04	151	151	151.16	152.2	153.48	155.56	157.16	157.68	158.8	160.88	169.44	185.56	195.52	200.2	209.04	220.48	225.8	228.4	230.2	231.76	232.88	233.92	258.96	286	291.72	298.28	314.92	330.12	337.4	346.6	362.2	377.48	392.04	402	404.6	409.84	418.16	425.08	430.8	434.28	436.36	439.52	443.16	447.2	451.36	455.08	458.72	459	459	462.12	465.12	466.68	468.24	469.8	472.68	479.96	485.32	486.36	487.2	487.72	489.44	492.56	495.12	497.2	499.92	503.04	504.36	504.88	505	505	508.08	511.72	513.44	515
ERVL47-int	12	18.1	24.28	33.3	49	50.2	52	52	58.56	63.52	73.4	81.18	92.52	97.32	104.84	124.8	142.36	145.94	160.64	178.06	201.8	217.32	225.2	234.3	251	265.5	288.8	312.26	324.8	333.12	335	346.78	355.24	363.12	368.52	372.1	375.6	385.44	408.72	430.84	436.4	447.82	462.6	484.34	492.56	499.9	504	560.56	595.08	617.18	620	621.82	634.76	647.74	683.96	717.1	740.8	748	748	748.76	769.8	778	778	778	778	785.1	820.4	862.44	956.32	1015.48	1060.4	1099.68	1162.92	1257	1257	1257	1329.32	1366.94	1408.04	1534.78	1535	1535	1535	1642.9	1863.8	2020.3	2356.52	2445.18	2513.72	2659.88	2668.8	2669	2669	2669.26	2687.56	2918.8	3470.64	3745.16	4289.95999999999	5008.32	5574
LTR59	10	13.08	15.4	25.04	62.16	63	64.44	72.08	81.6	85.72	89	92	95.36	99.52	102.8	115.2	129.68	136.04	140.6	142	142	142	142.88	160.48	162.96	166	167.08	169.24	172.36	175.32	178.8	187.2	191.56	195.88	202	202.4	207.4	213.48	214.52	221.16	227.2	230.56	250.36	266.92	284.44	301	310.72	319.04	342.08	354.56	374	378.28	385.8	395.36	398	399	415	454.12	457.32	473.48	504.6	513.52	518.96	523.64	527.56	528.6	531.56	535.72	541.32	545.28	546	546.84	556.68	558	559.92	560	561.08	563.48	569.12	570	570	570.48	572	572.64	574	574.4	576.32	580.88	584	584.56	585	585	585.68	587.44	588.76	591.4	596.2	602.28	603.92	605.92	615
Chompy-7_Croc	39	39.13	39.26	39.39	39.52	39.65	39.78	39.91	40	40	40	40	40	40	40	40	40.08	40.21	40.34	40.47	40.6	40.73	40.86	40.99	41.84	42.75	43.66	44.57	45.48	46.39	47.3	48.15	48.8	49.45	50.1	50.75	51.4	52.05	52.7	53.07	53.2	53.33	53.46	53.59	53.72	53.85	53.98	54	54	54	54	54	54	54	54.02	54.15	54.28	54.41	54.54	54.67	54.8	54.93	55.12	55.38	55.64	55.9	56.16	56.42	56.68	56.94	57.7	58.61	59.52	60.43	61.34	62.25	63.16	64.04	64.56	65.08	65.6	66.12	66.64	67.16	67.68	68.6	70.16	71.72	73.28	74.84	76.4	77.96	79.52	81.53	83.74	85.95	88.16	90.37	92.58	94.79	97
MER136	35	42.02	49.04	56.06	61.88	64.85	67.82	70.79	72.64	73.72	74.8	75.88	80.56	85.69	90.82	95.55	98.52	101.49	104.46	108.08	112.4	116.72	121.04	123.05	124.4	125.75	127.04	127.58	128.12	128.66	129.1	129.37	129.64	129.91	130.36	130.9	131.44	131.98	132.52	133.06	133.6	134.7	137.4	140.1	142.8	146.1	149.88	153.66	157.44	158.46	159	159.54	160.6	164.65	168.7	172.75	175.24	175.78	176.32	176.86	178.2	179.82	181.44	183.33	192.24	201.15	210.06	216.54	218.16	219.78	221.4	222.68	223.76	224.84	225.92	231	236.4	241.8	246.36	247.98	249.6	251.22	253.68	256.92	260.16	263.4	267.74	272.33	276.92	281.33	284.3	287.27	290.24	292.88	295.04	297.2	299.36	302.66	306.44	310.22	314
EutTc1-N1	26	26	26.5	29.25	31	31	31	31	32.2	33.85	38.5	43.05	43.6	44.45	46.1	47	47	47.7	48.8	49.45	50	52.75	55	55	55	55	55	55	55	55	63	71.1	72.2	73	73	73	73	74.4	76.6	77.45	78	80.75	83.2	84.3	85.4	86.5	87.9	89.55	90.4	90.95	94.5	98.8	107.6	115.35	120.3	123.5	124.6	125.35	125.9	126.9	128	130.2	132.9	137.85	141.2	141.75	142.9	144.55	150.6	158.3	159.5	160.6	167.2	179.2	205.6	228	245.6	260.4	273.6	290.4	308	314.05	319.6	322.9	325.4	326.5	330.9	338.05	348	359	401	442.4	446.8	451.5	457	466.75	481.6	491.2	497.8	524.65	556
MER57E3	11	14	17.84	19.26	24.4	26.2	28.52	29.94	34.52	39	40	40.62	41.04	43	45.88	47.3	48	48	48	49	50.4	51	52.24	54	61.08	64.5	66.84	71.34	74.28	80.08	87.6	88.04	92.32	94.86	98.28	108.4	111	114.54	116	122.38	123	125.22	128	129.18	133.96	135	138	138.74	143	147.64	156	160.26	164.68	173.9	186	188.3	192.56	194.94	198.08	201.56	205.2	219.24	223.04	225.46	227.88	242.4	249.72	256	264.28	271	276.8	285.74	298.72	308.6	328.16	331	336.68	341	342	347.54	356	371.06	381.44	406.58	412.28	413.7	416.36	426.62	435.72	447	452.6	456	458.92	469.12	473.96	481.9	485	487.22	488.16	493.32	496
LTR70	10	17.94	20.88	22.82	31.92	36.4	39	48	51.04	54.69	64	73.51	77.92	85.33	88.58	96.1	100.08	114.87	124.84	134.44	141.4	144.61	150.78	164.43	165	166.5	169.2	185.28	193.16	199.04	216.4	220.57	224.68	244.06	254.84	270.8	274.84	282.73	287.86	298.31	315	339.43	346.74	349.89	357	360.15	366.58	376.09	380.36	400.09	410	418.94	477.12	506.38	512.56	531.05	548.88	566.85	598.82	657.289999999999	691.2	702.05	717.82	742.42	807.12	872.05	880.24	892	899.68	902.58	933.9	943.37	964.16	995.93	1005.8	1060.75	1102.6	1124.95	1144.84	1156.04	1194.2	1215.84	1242.12	1256.03	1259.48	1261.9	1267.78	1275.67	1277.36	1280.49	1284.4	1293.08	1330.12	1350.65	1371	1371.65	1372.24	1389.34	1428.96	1502.66	1525
Eulor6E	40	44.8	49.6	54.4	56.8	58	59.2	60.2	60.8	61.4	62	68.6	75.2	81.8	86.4	90	93.6	96.7	98.8	100.9	103	104.8	106.6	108.4	109.2	109.5	109.8	110.4	111.6	112.8	114	114	114	114	114.8	116	117.2	118.3	119.2	120.1	121	121	121	121	122	123.5	125	126.3	127.2	128.1	129	131.4	133.8	136.2	137.6	138.5	139.4	140	140	140	140	140.6	141.2	141.8	143.4	145.5	147.6	149.2	149.8	150.4	151	151.3	151.6	151.9	155.2	160	164.8	168.2	168.8	169.4	170	171.5	173	174.5	177.2	180.5	183.8	187.3	191.2	195.1	199	212.2	225.4	238.6	252.2	266	279.8	289.3	290.2	291.1	292
L1P4c	25	31.3	37.6	40.52	41.36	42.1	42.52	42.94	43.72	44.56	45	45	46.08	57.42	68.76	78.9	88.56	95.42	96.68	97.94	102.4	107.02	116.68	130.12	142.12	148	153.88	156.36	158.04	167.46	187.2	206.22	210.84	215.46	224	234.5	243.8	250.1	256.4	270.68	285.8	305.32	328.84	349.6	353.8	358	362.52	367.14	371.6	375.8	380	381.26	382.52	385.34	389.12	392.3	393.56	394.82	415.88	440.24	477.2	528.02	575.72	593.78	611.84	618.5	620.6	627.6	644.4	661.2	666.4	671.02	678.76	688.84	697.16	698	698.84	707.5	718	724.9	727	729.94	749.68	769.42	797.28	829.2	852	852	852	869.1	888	928.9	989.8	1042.48	1045.84	1049.2	1123.28	1219.46	1630.83999999999	2554.42	3478
HERVK11D-int	134	348.21	562.42	776.63	869.4	926.75	984.1	1011.7	1014.8	1017.9	1025.6	1042.96	1060.32	1076.66	1083.48	1090.3	1097.12	1098.54	1099.16	1099.78	1100	1100	1100	1100	1100	1100	1100.06	1100.37	1100.68	1100.99	1104	1107.1	1110.2	1158.15	1221.7	1285.25	1457.12	1730.54	2003.96	2216.9	2282	2347.1	2415.26	2527.79	2640.32	2752.85	2792.84	2818.88	2844.92	2955.7	3120	3284.3	3433.6	3559.15	3684.7	3801.2	3870.64	3940.08	4009.52	4017.48	4021.2	4024.92	4130.94	4278.81	4426.68	4517.4	4547.16	4576.92	4612.36	4664.13	4715.9	4783.96	5340.72	5897.48	6454.24	6615.5	6681.84	6748.18	6795.62	6829.41	6863.2	6926.47	7043.34	7160.21	7262.16	7263.4	7264.64	7265.88	7268.52	7271.31	7274.1	7277.31	7280.72	7284.13	7569.36	8196.80000000001	8824.24	9312.24	9322.16	9332.08	9342
Chompy-6_Croc	36	36.75	37.5	38.25	39	39.75	40.5	41.15	41.6	42.05	42.5	42.95	43.4	43.85	44.2	44.5	44.8	45.1	45.4	45.7	46	46.15	46.3	46.45	46.6	46.75	46.9	47.05	47.2	47.35	47.5	47.65	47.8	47.95	48.1	48.25	48.4	48.55	48.7	48.85	49	49.15	49.3	49.45	49.6	49.75	49.9	50.05	50.2	50.35	50.5	50.65	50.8	50.95	51.5	52.25	53	53.75	54.5	55.25	56	56.15	56.3	56.45	56.6	56.75	56.9	57.05	57.2	57.35	57.5	57.65	57.8	57.95	58.1	58.25	58.4	58.55	58.7	58.85	59	59.15	59.3	59.45	59.6	59.75	59.9	60.3	61.2	62.1	63	63.9	64.8	65.7	66.8	68	69.2	70.4	71.6	72.8	74
MER9B	38	88.8	139.6	190.4	241.2	292	292	292	292	292	292	292	292	292	292	292	292	292	292	292	292	292	292	292	292	292	292	292	292	292	292	292	292	292	292	292	292	292	292	292	292	327	362	397	432	467	467.8	468.6	469.4	470.2	471	473.6	476.2	478.8	481.4	484	485	486	487	488	489	489.2	489.4	489.6	489.8	490	490.2	490.4	490.6	490.8	491	491.6	492.2	492.8	493.4	494	494.6	495.2	495.8	496.4	497	497.2	497.4	497.6	497.8	498	499.2	500.4	501.6	502.8	504	508	512	516	520	524	530.4	536.8	543.2	549.6	556
HERV30-int	82	90.82	99.64	191.66	334.88	455.6	504.32	553.04	578	599	619.2	638.52	659.08	691.42	723.76	776.2	836.68	890.02	929.08	968.14	1116.8	1270.94	1341.32	1348.88	1368.52	1439.5	1510.48	1590.64	1672.96	1748.62	1815.4	1879.72	1894.84	1909.96	1995.92	2117.3	2208.2	2222.9	2237.6	2350.72	2474.2	2616.6	2776.2	2920.02	2969.16	3018.3	3064.56	3109.92	3139.28	3142.64	3146	3228.32	3310.64	3415.58	3534.44	3652.8	3769.56	3886.32	3953.4	4012.2	4108.6	4246.36	4371	4371	4371	4475.4	4621.56	4734.96	4782.84	4830.72	5071	5320.9	5438.32	5456.38	5472.28	5479	5485.72	5494.14	5502.96	5526	5568	5610.34	5659.48	5708.62	5728.92	5734.8	5740.44	5745.48	5750.52	6637.54000000001	7617.40000000001	8327.1	8791.2	9189.12	9189.96	9190.8	9353.88	9567.66	9705.44	9719.72	9734
MLT1E-int	237	246.9	256.8	266.7	276.6	286.5	296.4	306.3	316.2	326.1	343.9	362.49	381.08	399.67	418.26	436.85	455.44	474.03	492.62	496.99	498.2	499.41	500.62	501.83	503.04	504.25	505.46	506.67	517.32	531.51	545.7	559.89	574.08	588.27	602.46	616.65	630.84	648.25	667.5	686.75	706	725.25	744.5	763.75	783	802.25	812.68	815.76	818.84	821.92	825	828.08	831.16	834.24	837.32	857.05	896.76	936.47	976.18	1015.89	1055.6	1095.31	1135.02	1174.73	1200.08	1200.3	1200.52	1200.74	1200.96	1201.18	1201.4	1201.62	1201.84	1202.96	1206.48	1210	1213.52	1217.04	1220.56	1224.08	1227.6	1231.12	1234.78	1239.07	1243.36	1247.65	1251.94	1256.23	1260.52	1264.81	1269.1	1273.59	1280.08	1286.57	1293.06	1299.55	1306.04	1312.53	1319.02	1325.51	1332
Tigger1a_Mars	20	39.35	58.7	73.99	87.32	98.55	105.86	113.12	118.28	123.44	128.9	134.49	138.48	139.77	141.16	144.6	148.04	152.72	157.88	161.34	162.2	163.18	165.76	168.34	169.64	170.5	172.08	174.66	177.04	177.47	177.9	183.28	190.16	194.19	194.62	195.7	201.72	207.74	218.52	230.56	238.8	242.67	246.36	248.94	251.52	257.6	264.48	268	268	268	268	268	281.68	298.02	316.78	337.85	355.08	355.51	355.94	362.29	369.6	373.46	374.32	378.33	394.24	410.15	449.62	492.19	528.28	559.24	583	583	583	583	583	583	583	583	583	583	583	583	583	583	583	583	583	652.699999999999	725.800000000001	753	753	753	753	753	753	753	753	753	753.14	753.57	754
UCON100	45	48.06	51.12	54.18	57.24	60.3	63.04	65.38	67.72	70.06	72.4	74.74	75.64	76.36	77.08	77.8	78.52	79.48	80.92	82.36	83.8	85.24	86.68	87.14	87.32	87.5	87.68	87.86	88	88	88	88	88	88	88.12	88.3	88.48	88.66	88.84	89.06	89.6	90.14	90.68	91.22	91.76	92.2	92.56	92.92	93.28	93.64	94	94	94	94	94	94	94.08	94.26	94.44	94.62	94.8	94.98	95.16	95.34	95.52	95.7	95.88	96.06	96.24	96.42	96.6	96.78	96.96	97.14	97.32	97.5	97.68	97.86	98.16	98.88	99.6	100.32	101.04	101.76	102.24	102.6	102.96	103.32	103.68	104.2	106	107.8	109.6	111.4	113.2	114.7	115.96	117.22	118.48	119.74	121
LTR43-int	24	52.38	60.22	64	64	64	64	74.98	97.96	101.28	107.4	118.3	126.04	127.99	140	140	140	140.91	151.84	157	160	162.83	174.14	244.51	272.56	286	286	286	286	286.67	298.7	307.63	358.84	371.59	394.96	416.35	494.04	580.02	583.22	584.97	614	614	615.98	618.78	619.36	622.35	623	623	623	623.81	627.5	637.03	640	640	640	640	651.44	668.97	699.8	713	713	726.15	737.24	760.39	766	807.8	863.76	890.82	892	892	892	907.51	939	939	939.02	940	940.96	943.42	946.82	1009.69	1089.4	1203.52	1387.34	1445.9	1460.44	1490.15	1553.36	1621	1621	1623.35	1675.7	1697.93	1788.96	1836	1836	1836	1837.64	2340.69	4109.27999999999	5561.5	5928
HERV1_LTRe	116	116.21	116.42	116.63	116.84	117.4	119.08	120.76	122.44	124.12	127.9	133.99	140.08	146.17	152.26	154.15	154.36	154.57	154.78	154.99	176.8	199.69	222.58	245.47	264.8	269	273.2	277.4	281.6	284.54	285.8	287.06	288.32	289.58	290.84	292.1	293.36	294.62	295.88	296	296	296	296	296	296	296	296	296	296.08	296.29	296.5	296.71	296.92	298.04	299.72	301.4	303.08	304.76	317.96	333.08	348.2	363.32	377.38	381.37	385.36	389.35	393.34	396.7	398.8	400.9	403	405.1	406.6	407.65	408.7	409.75	410.8	412.02	413.28	414.54	415.8	417	417	417	417	417	418.62	424.29	429.96	435.63	441.3	447.3	453.6	459.9	466.2	472.5	483.76	496.57	509.38	522.19	535
HERV-Fc1_LTR1	335	335.63	336.26	336.89	337.52	338.15	338.78	339.41	340.04	340.67	341.3	341.93	342.24	342.51	342.78	343.05	343.32	343.59	343.86	344.13	344.4	344.67	344.94	345	345	345	345	345	345	345	345	345	345	345	345	345	345	345	345	345	345	345	345	345	345	345.75	347.1	348.45	349.8	351.15	352.5	353.85	355.2	356.55	357.9	359.25	360	360	360	360	360	360	360	360	360	360	360	360	360	360	360	360	360	360	360	360	360	360	360	360	360	360	360	360	360	360	360	360	360	360	360	360	360	360	360	360	360	360	360	360	360
HERV-Fc1_LTR2	424	424	424	424	424	424	424	424	424	424	424	424	424	424	424	424	424	424	424	424	424	424	424	424	424	424	424	424	424	424	424	424	424	424	424	424	424	424	424	424	424	424	424	424	424	424	424	424	424	424	424	424.14	424.28	424.42	424.56	424.7	424.84	424.98	425.12	425.26	425.4	425.54	425.68	425.82	425.96	426.1	426.24	426.38	426.52	426.66	426.8	426.94	427.08	427.22	427.36	427.5	427.64	427.78	427.92	428.06	428.2	428.34	428.48	428.62	428.76	428.9	429.04	429.18	429.32	429.46	429.6	429.74	429.88	430.02	430.16	430.3	430.44	430.58	430.72	430.86	431
HERV-Fc2-int	4964	4993.78	5023.56	5053.34	5083.12	5112.9	5142.68	5172.46	5202.24	5232.02	5261.8	5291.58	5321.36	5351.14	5380.92	5410.7	5440.48	5470.26	5500.04	5529.82	5559.6	5589.38	5619.16	5648.94	5678.72	5708.5	5738.28	5768.06	5797.84	5827.62	5857.4	5887.18	5916.96	5946.74	5976.52	6006.3	6036.08	6065.86	6095.64	6125.42	6155.2	6184.98	6214.76	6244.54	6274.32	6304.1	6333.88	6363.66	6393.44	6423.22	6453	6482.78	6512.56	6542.34	6572.12	6601.9	6631.68	6661.46	6691.24	6721.02	6750.8	6780.58	6810.36	6840.14	6869.92	6899.7	6929.48	6959.26	6989.04	7018.82	7048.6	7078.38	7108.16	7137.94	7167.72	7197.5	7227.28	7257.06	7286.84	7316.62	7346.4	7376.18	7405.96	7435.74	7465.52	7495.3	7525.08	7554.86	7584.64	7614.42	7644.2	7673.98	7703.76	7733.54	7763.32	7793.1	7822.88	7852.66	7882.44	7912.22	7942
HERV-Fc1-int	2681	2784.7	2888.4	2992.1	3095.8	3199.5	3303.2	3406.9	3510.6	3614.3	3718	3821.7	3925.4	4029.1	4132.8	4236.5	4340.2	4443.9	4547.6	4651.3	4755	4780.1	4805.2	4830.3	4855.4	4880.5	4905.6	4930.7	4955.8	4980.9	5006	5031.1	5056.2	5081.3	5106.4	5131.5	5156.6	5181.7	5206.8	5231.9	5257	5257.05	5257.1	5257.15	5257.2	5257.25	5257.3	5257.35	5257.4	5257.45	5257.5	5257.55	5257.6	5257.65	5257.7	5257.75	5257.8	5257.85	5257.9	5257.95	5258	5258.25	5258.5	5258.75	5259	5259.25	5259.5	5259.75	5260	5260.25	5260.5	5260.75	5261	5261.25	5261.5	5261.75	5262	5262.25	5262.5	5262.75	5263	5277.9	5292.8	5307.7	5322.6	5337.5	5352.4	5367.3	5382.2	5397.1	5412	5426.9	5441.8	5456.7	5471.6	5486.5	5501.4	5516.3	5531.2	5546.1	5561
HERV1_LTRc	26	33.2	40.4	47.6	54.8	62	69.68	77.96	86.24	94.52	102.8	111.08	113.76	115.74	117.72	119.7	121.68	127.86	142.44	157.02	171.6	186.18	200.76	217.16	234.08	251	267.92	284.84	302.64	323.52	344.4	365.28	386.16	407.04	419.64	428.1	436.56	445.02	453.48	461.3	464	466.7	469.4	472.1	474.8	476.2	476.56	476.92	477.28	477.64	478	479.62	481.24	482.86	484.48	486.1	487.08	487.26	487.44	487.62	487.8	487.98	488.16	488.34	488.52	488.7	488.88	489.06	489.24	489.42	489.6	489.78	489.96	490.14	490.32	490.5	490.68	490.86	491.16	491.88	492.6	493.32	494.04	494.76	495.48	496.2	496.92	497.64	498.36	499.06	499.6	500.14	500.68	501.22	501.76	502.1	502.28	502.46	502.64	502.82	503
HERV15-int	57	81.5	106	180	254	297	340	365.5	391	418.5	446	446	446	463.5	481	611	741	824.5	908	928	948	948	948	948	948	948	948	1052	1156	1160.5	1165	1503	1841	1917	1993	2030.5	2068	2158	2248	2290	2332	2385	2438	2538.5	2639	2755	2871	2871.5	2872	2946	3020	3057	3094	3112.5	3131	3131	3131	3465.5	3800	3906.5	4013	4051.5	4090	4113	4136	4600.5	5065	5196.5	5328	5471.5	5615	5660.5	5706	5716.5	5727	5851.5	5976	6255	6534	6639.5	6745	6758.5	6772	6803.5	6835	7351.5	7868	7938.5	8009	8009	8009	8060	8111	8292.5	8474	8612.5	8751	9197	9643	9691	9739
HERV-Fc1_LTR3	458	458.32	458.64	458.96	459.28	459.6	459.92	460.24	460.56	460.88	461.2	461.52	461.84	462.16	462.48	462.8	463.12	463.44	463.76	464.08	464.4	464.72	465.04	465.36	465.68	466	466.32	466.64	466.96	467.28	467.6	467.92	468.24	468.56	468.88	469.2	469.52	469.84	470.16	470.48	470.8	471.12	471.44	471.76	472.08	472.4	472.72	473.04	473.36	473.68	474	474.02	474.04	474.06	474.08	474.1	474.12	474.14	474.16	474.18	474.2	474.22	474.24	474.26	474.28	474.3	474.32	474.34	474.36	474.38	474.4	474.42	474.44	474.46	474.48	474.5	474.52	474.54	474.56	474.58	474.6	474.62	474.64	474.66	474.68	474.7	474.72	474.74	474.76	474.78	474.8	474.82	474.84	474.86	474.88	474.9	474.92	474.94	474.96	474.98	475
HERV1_LTRb	210	225.36	240.72	256.08	271.44	286.8	302.16	317.52	332.88	348.24	363.6	378.96	394.32	409.68	425.04	440.4	455.76	466.82	469.28	471.74	474.2	476.66	479.12	481.58	484.04	486.5	488.96	491.42	493.88	496.34	498.8	501.26	503.72	506.18	507.12	507.3	507.48	507.66	507.84	508.02	508.2	508.38	508.56	508.74	508.92	509.1	509.28	509.46	509.64	509.82	510	510.84	511.68	512.52	513.36	514.2	515.04	515.88	516.72	517.56	518.4	519.24	520.08	520.92	521.76	522.6	523.44	524.08	524.32	524.56	524.8	525.04	525.28	525.52	525.76	526	526.24	526.48	526.72	526.96	527.2	527.44	527.68	527.92	528.2	528.5	528.8	529.1	529.4	529.7	530	530.3	530.6	530.9	531.2	531.5	531.8	532.1	532.4	532.7	533
CRP1	17	18.28	19.56	20.84	22.12	23.4	24.68	25.96	27.24	28.52	29.8	31.08	32.36	33.64	34.92	36.2	37.48	38.76	40.04	41.32	42.6	43.88	45.16	46.44	47.72	49	49.04	49.08	49.12	49.16	49.2	49.24	49.28	49.32	49.36	49.4	49.44	49.48	49.52	49.56	49.6	49.64	49.68	49.72	49.76	49.8	49.84	49.88	49.92	49.96	50	50.6	51.2	51.8	52.4	53	53.6	54.2	54.8	55.4	56	56.6	57.2	57.8	58.4	59	59.6	60.2	60.8	61.4	62	62.6	63.2	63.8	64.4	65	65.64	66.28	66.92	67.56	68.2	68.84	69.48	70.12	70.76	71.4	72.04	72.68	73.32	73.96	74.6	75.24	75.88	76.52	77.16	77.8	78.44	79.08	79.72	80.36	81
Charlie12	26	27.8	29.6	31.4	33.2	35	36.2	37.4	38.6	39.8	41	41.6	42.2	42.8	43.4	44	44.2	44.4	44.6	44.8	45	46.8	48.6	50.4	52.2	54	54.8	55.6	56.4	57.2	58	59.6	61.2	62.8	64.4	66	74	82	90	98	106	107.8	109.6	111.4	113.2	115	135.6	156.2	176.8	197.4	218	219.6	221.2	222.8	224.4	226	227	228	229	230	231	231	231	231	231	231	231	231	231	231	231	231	231	231	231	231	231	231	231	231	231	231	231	231	231	231	231.2	231.4	231.6	231.8	232	672.199999999998	1112.4	1552.6	1992.8	2433	2494.6	2556.2	2617.8	2679.4	2741
LTR109A2	19	35.08	51.16	67.24	83.32	86.2	86.44	86.68	86.92	88.6	91	93.4	95.8	102.88	114.64	126.4	138.16	146.08	146.32	146.56	146.8	147.08	147.56	148.04	148.52	149	150.68	152.36	154.04	155.72	177.8	203.96	230.12	256.28	266.12	267.8	269.48	271.16	272.96	274.88	276.8	278.72	282.16	288.64	295.12	301.6	307.08	307.56	308.04	308.52	309	309.72	310.44	311.16	311.88	314.4	317.28	320.16	323.04	325.28	327.2	329.12	331.04	332.6	333.8	335	336.2	338.44	342.76	347.08	351.4	355.52	358.64	361.76	364.88	368	369.44	370.88	372.32	373.76	374.4	374.88	375.36	375.84	376.64	377.6	378.56	379.52	383.48	390.44	397.4	404.36	409.48	410.92	412.36	413.8	415.08	415.56	416.04	416.52	417
LTR22C	38	97.7	157.4	217.1	276.8	336.5	396.2	436.2	436.8	437.4	438	438.6	439.2	439.8	440.1	440.25	440.4	440.55	440.7	440.85	441	441.9	442.8	443.7	444.6	445.5	446.4	447.1	447.4	447.7	448	448.3	448.6	448.9	450	451.5	453	454.5	456	457.5	459	459	459	459	459	459	459	459	459	459	459	459	459	459	459	459	459	459	459	459	459	459	459	459	459	459	459	460.2	463.8	467.4	471	474.6	478.2	481.8	483.6	484.5	485.4	486.3	487.2	488.1	489	489.6	490.2	490.8	491.4	492	492.6	493.3	494.2	495.1	496	496.9	497.8	498.7	499.1	499.25	499.4	499.55	499.7	499.85	500
MLT1M-int	877	877	877	877	877	877	877	877	877	877	877	877	877	877	877	877	877	877	877	877	877	877	877	877	877	877	877	877	877	877	877	877	877	877	877	877	877	877	877	877	877	877	877	877	877	877	877	877	877	877	877	877	877	877	877	877	877	877	877	877	877	877	877	877	877	877	877	877	877	877	877	877	877	877	877	877	877	877	877	877	877	877	877	877	877	877	877	877	877	877	877	877	877	877	877	877	877	877	877	877	877
